sensor,network,channel,leak_type,state,noise_flag,window_idx,trial_file,mean,std,skewness,kurtosis,rms,dominant_frequency,anomaly_score,is_leak
Accelerometer,Looped,A1,Circumferential Crack,0.18 LPS,,0,LO_CC_0.18 LPS_A1,-2.603689756647856e-05,0.0005333528307976954,-0.003813310206630401,0.04851575473133529,0.0005339879794104006,0.6666666666666666,1.0411240667110722,1
Accelerometer,Looped,A1,Circumferential Crack,0.18 LPS,,1,LO_CC_0.18 LPS_A1,-1.7841284057046455e-06,0.0005307583534279978,0.0012176349912997764,0.04551494293396319,0.0005307613520667904,1781.0,3.271599504272214,1
Accelerometer,Looped,A1,Circumferential Crack,0.18 LPS,,2,LO_CC_0.18 LPS_A1,-1.0452365867433342e-08,0.0005330207009474983,-0.023678425563466905,0.016308952372814822,0.0005330207010499821,235.0,1.053913391381544,1
Accelerometer,Looped,A1,Circumferential Crack,0.18 LPS,,3,LO_CC_0.18 LPS_A1,-3.0079693752198383e-06,0.0005259910376661573,0.0029699802034843523,-0.0024657172035413844,0.0005259996383885478,235.0,1.0585466461991595,1
Accelerometer,Looped,A1,Circumferential Crack,0.18 LPS,,4,LO_CC_0.18 LPS_A1,7.913821400114866e-07,0.0005210511188382973,0.005964977438095582,0.04280918391253641,0.0005210517198209147,235.0,1.0600151601983068,1
Accelerometer,Looped,A1,Circumferential Crack,0.18 LPS,,5,LO_CC_0.18 LPS_A1,2.7578469183257073e-06,0.000527546726164133,-0.033876144743024576,0.1261472714707108,0.0005275539346892596,117.66666666666666,1.0202363608296006,1
Accelerometer,Looped,A1,Circumferential Crack,0.18 LPS,,6,LO_CC_0.18 LPS_A1,2.902175336743765e-06,0.0005289433911491567,-0.017765604492006818,0.09150139669332491,0.000528951352831293,110.33333333333333,1.015732792779555,1
Accelerometer,Looped,A1,Circumferential Crack,0.18 LPS,,7,LO_CC_0.18 LPS_A1,-1.1629623998478728e-06,0.0005294349458424553,-0.008044380994401511,0.08037048719723705,0.0005294362231286664,235.0,1.0558604765856578,1
Accelerometer,Looped,A1,Circumferential Crack,0.18 LPS,,8,LO_CC_0.18 LPS_A1,-2.012869416524207e-06,0.0005302702488660972,-0.013908288514596124,0.07439995928376897,0.0005302740692093105,235.0,1.055414389441125,1
Accelerometer,Looped,A1,Circumferential Crack,0.18 LPS,,9,LO_CC_0.18 LPS_A1,-5.253316367309247e-06,0.0005257193044856816,-0.023841937624936624,-0.012058186471736843,0.0005257455510432436,433.66666666666663,1.2082220131191646,1
Accelerometer,Looped,A1,Circumferential Crack,0.18 LPS,,10,LO_CC_0.18 LPS_A1,-3.3346467621213263e-06,0.000530500903935011,-0.015197684154300466,-0.041086424033469626,0.0005305113843687918,0.6666666666666666,1.0227767653158155,1
Accelerometer,Looped,A2,Circumferential Crack,0.18 LPS,,0,LO_CC_0.18 LPS_A2,-0.00013887789682423787,0.0019502029600088366,-0.2415069528474917,-0.7957805408420597,0.0019551415947326044,246.66666666666666,1.4951575996960642,1
Accelerometer,Looped,A2,Circumferential Crack,0.18 LPS,,1,LO_CC_0.18 LPS_A2,-1.3800961572181837e-05,0.0018962935371889195,-0.23383848169946753,-0.8958527211576008,0.0018963437572668046,246.66666666666666,1.155656807310922,1
Accelerometer,Looped,A2,Circumferential Crack,0.18 LPS,,2,LO_CC_0.18 LPS_A2,2.9884285694877015e-06,0.001895337267436012,-0.23371335641387161,-0.8913429683130962,0.0018953396234018649,246.66666666666666,1.155118140737828,1
Accelerometer,Looped,A2,Circumferential Crack,0.18 LPS,,3,LO_CC_0.18 LPS_A2,2.4673093231767873e-06,0.0018975585379091995,-0.22894195574007262,-0.8945800968043183,0.001897560141973739,246.66666666666666,1.1402778625014396,1
Accelerometer,Looped,A2,Circumferential Crack,0.18 LPS,,4,LO_CC_0.18 LPS_A2,-2.462493115896667e-06,0.0018997768258302544,-0.2234175614699962,-0.9020132836385129,0.0018997784217729243,246.66666666666666,1.1225688826569058,1
Accelerometer,Looped,A2,Circumferential Crack,0.18 LPS,,5,LO_CC_0.18 LPS_A2,-2.3224079650523835e-06,0.0018994336163139097,-0.2298255477991562,-0.9006706156445667,0.0018994350360994432,246.66666666666666,1.141848479439918,1
Accelerometer,Looped,A2,Circumferential Crack,0.18 LPS,,6,LO_CC_0.18 LPS_A2,3.4246439175926712e-06,0.0018990411674941659,-0.23447415780404607,-0.8950373654609338,0.0018990442554146984,246.66666666666666,1.157245462887551,1
Accelerometer,Looped,A2,Circumferential Crack,0.18 LPS,,7,LO_CC_0.18 LPS_A2,-1.4717553257530924e-06,0.0018987150417246448,-0.23250269318885136,-0.8941270013979206,0.0018987156121270919,246.66666666666666,1.1499678851517783,1
Accelerometer,Looped,A2,Circumferential Crack,0.18 LPS,,8,LO_CC_0.18 LPS_A2,-1.5629682469007405e-06,0.0018985349788469517,-0.22750146648805944,-0.8964875096871161,0.0018985356222033696,246.66666666666666,1.134921200919428,1
Accelerometer,Looped,A2,Circumferential Crack,0.18 LPS,,9,LO_CC_0.18 LPS_A2,4.304400437415119e-06,0.0018982415792847956,-0.22996825707101262,-0.8924089943629983,0.001898246459548591,246.66666666666666,1.143894745365605,1
Accelerometer,Looped,A2,Circumferential Crack,0.18 LPS,,10,LO_CC_0.18 LPS_A2,5.134027918586188e-06,0.0019010533267821768,-0.23014936958253393,-0.8997337946412052,0.0019010602593059092,246.66666666666666,1.1446619876760302,1
Accelerometer,Looped,A1,Circumferential Crack,0.47 LPS,,0,LO_CC_0.47 LPS_A1,-4.538623377228261e-06,0.0011010366003843504,-0.0019537946057826554,0.023724041062892276,0.0011010459547576058,1900.3333333333333,3.346962227991151,1
Accelerometer,Looped,A1,Circumferential Crack,0.47 LPS,,1,LO_CC_0.47 LPS_A1,1.5711893311835663e-06,0.00109434542370335,-0.01716831100517995,0.02831664019201252,0.0010943465516080266,1909.0,3.3584999465892498,1
Accelerometer,Looped,A1,Circumferential Crack,0.47 LPS,,2,LO_CC_0.47 LPS_A1,1.1906935501368079e-06,0.0011071944901812388,0.007641619288338809,0.005941554606621047,0.001107195130425899,1909.3333333333333,3.360712870171186,1
Accelerometer,Looped,A1,Circumferential Crack,0.47 LPS,,3,LO_CC_0.47 LPS_A1,-7.389266576219354e-07,0.0011160659662554698,0.036558650084871566,0.056949171305121116,0.0011160662108702874,1928.0,3.4030203672932644,1
Accelerometer,Looped,A1,Circumferential Crack,0.47 LPS,,4,LO_CC_0.47 LPS_A1,-1.3526628037730663e-06,0.0011090296106669372,0.0301854969997003,0.06250207466963786,0.001109030435575471,1893.0,3.3412458657750426,1
Accelerometer,Looped,A1,Circumferential Crack,0.47 LPS,,5,LO_CC_0.47 LPS_A1,4.843850240330637e-07,0.0011019870652206258,0.02235605139826102,0.004572266840841888,0.001101987171677792,1893.0,3.3377779833836496,1
Accelerometer,Looped,A1,Circumferential Crack,0.47 LPS,,6,LO_CC_0.47 LPS_A1,-9.451792271843221e-07,0.0011105052744777506,0.01780365899845338,0.021701581978772033,0.0011105056767106935,1899.3333333333333,3.346566672000999,1
Accelerometer,Looped,A1,Circumferential Crack,0.47 LPS,,7,LO_CC_0.47 LPS_A1,-5.633941012575898e-07,0.0011187897822526338,0.013271681981227036,0.044007644240230626,0.0011187899241081004,1935.6666666666665,3.4075992628652667,1
Accelerometer,Looped,A1,Circumferential Crack,0.47 LPS,,8,LO_CC_0.47 LPS_A1,1.2839227609082508e-05,0.0011059780370738265,0.02845668321458805,0.019609778429836133,0.0011060525594451974,1891.0,3.3318789625532848,1
Accelerometer,Looped,A1,Circumferential Crack,0.47 LPS,,9,LO_CC_0.47 LPS_A1,-2.1777296633028105e-06,0.0011101298128181956,0.03007625533661503,0.013057014933193223,0.00111013194883052,0.6666666666666666,0.9283419500724208,1
Accelerometer,Looped,A2,Circumferential Crack,0.47 LPS,,0,LO_CC_0.47 LPS_A2,0.00018311538270185588,0.0019998828353402142,-0.13767914559952635,-0.6876419797666418,0.002008248639603787,0.3333333333333333,1.6371980128151606,1
Accelerometer,Looped,A2,Circumferential Crack,0.47 LPS,,1,LO_CC_0.47 LPS_A2,1.5622467893360792e-05,0.0019033710860568034,-0.23966349337879475,-0.8967760732810777,0.0019034351979355995,246.66666666666666,1.1802961840606216,1
Accelerometer,Looped,A2,Circumferential Crack,0.47 LPS,,2,LO_CC_0.47 LPS_A2,-6.136451946747868e-07,0.001905800124615815,-0.23821295889390007,-0.8982122555698338,0.0019058002234090753,246.66666666666666,1.1668092691629055,1
Accelerometer,Looped,A2,Circumferential Crack,0.47 LPS,,3,LO_CC_0.47 LPS_A2,-2.1813372101905497e-06,0.0019049375140192627,-0.23332059873465566,-0.901237976714826,0.0019049387629396157,246.66666666666666,1.1517917042885268,1
Accelerometer,Looped,A2,Circumferential Crack,0.47 LPS,,4,LO_CC_0.47 LPS_A2,-2.5826612018970587e-06,0.0019016725742852308,-0.23480770836611617,-0.9001444420963538,0.0019016743280402932,246.66666666666666,1.156649458979698,1
Accelerometer,Looped,A2,Circumferential Crack,0.47 LPS,,5,LO_CC_0.47 LPS_A2,2.1548696672023575e-06,0.0019014298733273996,-0.23776278472071657,-0.8999355042653678,0.0019014310943721137,246.66666666666666,1.1667366183781727,1
Accelerometer,Looped,A2,Circumferential Crack,0.47 LPS,,6,LO_CC_0.47 LPS_A2,-1.8986954482571426e-06,0.0019050631926129317,-0.2356022919515927,-0.9028363201741771,0.001905064138787191,246.66666666666666,1.1588239593238434,1
Accelerometer,Looped,A2,Circumferential Crack,0.47 LPS,,7,LO_CC_0.47 LPS_A2,-1.4406394914070015e-06,0.0019043480473394981,-0.23514058825346784,-0.9026724158792638,0.001904348592261381,246.66666666666666,1.1575673946591731,1
Accelerometer,Looped,A2,Circumferential Crack,0.47 LPS,,8,LO_CC_0.47 LPS_A2,1.1540238991455801e-05,0.0019042697404677608,-0.23981855675799943,-0.8996329660237912,0.0019043047081749107,246.66666666666666,1.177521374832817,1
Accelerometer,Looped,A2,Circumferential Crack,0.47 LPS,,9,LO_CC_0.47 LPS_A2,-8.367352000298861e-06,0.0019096345235894783,-0.2360719621206973,-0.8971556450790059,0.0019096528549095804,246.66666666666666,1.1594640043790398,1
Accelerometer,Looped,A2,Circumferential Crack,0.47 LPS,,10,LO_CC_0.47 LPS_A2,-9.200664381087455e-06,0.0019875763999601995,-0.18275095550839943,-0.7195112959985543,0.0019875976951847676,0.6666666666666666,1.0822295167130116,1
Accelerometer,Looped,A1,Circumferential Crack,ND,,0,LO_CC_ND_A1,4.571098799000825e-06,0.0004378927228364919,-0.08032327162659494,-0.531210360772763,0.00043791658070617396,117.66666666666666,1.0725415452275766,1
Accelerometer,Looped,A1,Circumferential Crack,ND,,1,LO_CC_ND_A1,-1.92429203877601e-07,0.00044728442003313224,-0.09286446774881987,-0.6536356921227187,0.0004472844614262538,117.66666666666666,1.0850661596863322,1
Accelerometer,Looped,A1,Circumferential Crack,ND,,2,LO_CC_ND_A1,5.090162053222083e-07,0.00042944226148436816,-0.017751159959723123,-0.5829224538199957,0.0004294425631517045,117.66666666666666,1.0384424385926478,1
Accelerometer,Looped,A1,Circumferential Crack,ND,,3,LO_CC_ND_A1,1.1796167172426062e-06,0.00043012698085880793,-0.018786957089277474,-0.5472445004958391,0.00043012859839623886,117.66666666666666,1.038289795754103,1
Accelerometer,Looped,A1,Circumferential Crack,ND,,4,LO_CC_ND_A1,-4.3745234250309163e-07,0.00043764996996471035,-0.060288006595719125,-0.5718550786087659,0.0004376501885920579,117.66666666666666,1.0551673689770258,1
Accelerometer,Looped,A1,Circumferential Crack,ND,,5,LO_CC_ND_A1,9.146533679418406e-07,0.0004311591763606315,-0.08991814489059172,-0.45887443245607473,0.00043116014652419077,117.66666666666666,1.083515365770779,1
Accelerometer,Looped,A1,Circumferential Crack,ND,,6,LO_CC_ND_A1,1.876100514170384e-06,0.0004247961100321594,-0.028992007822887935,-0.41833481680423823,0.00042480025288551057,117.66666666666666,1.041502360521569,1
Accelerometer,Looped,A1,Circumferential Crack,ND,,7,LO_CC_ND_A1,-1.804542352853419e-07,0.00042520792382163235,0.0017146522812623271,-0.5182084691779547,0.0004252079621131689,117.66666666666666,1.039951007765111,1
Accelerometer,Looped,A1,Circumferential Crack,ND,,8,LO_CC_ND_A1,-2.550429091895951e-06,0.00041509042112877845,-0.03409823254475362,-0.5520824594154647,0.0004150982563218249,117.66666666666666,1.0462942277246474,1
Accelerometer,Looped,A1,Circumferential Crack,ND,,9,LO_CC_ND_A1,-1.3808210918944534e-06,0.0004093515032739444,0.054831412674058555,-0.5327599625590098,0.00040935383215444057,117.66666666666666,1.073045393512649,1
Accelerometer,Looped,A2,Circumferential Crack,ND,,0,LO_CC_ND_A2,-1.961744763245488e-05,0.0019035634259843824,-0.24249381533357417,-0.8930345965928952,0.0019036645085195585,246.66666666666666,1.18369249059743,1
Accelerometer,Looped,A2,Circumferential Crack,ND,,1,LO_CC_ND_A2,6.866610385016801e-07,0.0019035098951948335,-0.24025172703771652,-0.8994849778459986,0.0019035100190458749,246.66666666666666,1.1737016844040602,1
Accelerometer,Looped,A2,Circumferential Crack,ND,,2,LO_CC_ND_A2,-3.012610544173161e-06,0.0019050934961747604,-0.23537496671250405,-0.9038278205703301,0.001905095878161953,246.66666666666666,1.158022927461136,1
Accelerometer,Looped,A2,Circumferential Crack,ND,,3,LO_CC_ND_A2,-3.0539310950709483e-06,0.0019037496452639956,-0.23704715102002913,-0.8949323383502263,0.0019037520947691488,246.66666666666666,1.1630224488413186,1
Accelerometer,Looped,A2,Circumferential Crack,ND,,4,LO_CC_ND_A2,4.07628183287243e-06,0.001904007480588513,-0.24116299444606282,-0.8965160727996744,0.0019040118440310707,246.66666666666666,1.1774745354952996,1
Accelerometer,Looped,A2,Circumferential Crack,ND,,5,LO_CC_ND_A2,-2.677494991902261e-06,0.0019069578896517968,-0.2364297089711928,-0.9033802319768687,0.0019069597693408917,246.66666666666666,1.1610362841736577,1
Accelerometer,Looped,A2,Circumferential Crack,ND,,6,LO_CC_ND_A2,-2.154754787559456e-06,0.0019041969007700208,-0.23953204715772483,-0.8983223736641972,0.0019041981199104119,246.66666666666666,1.1708029610391355,1
Accelerometer,Looped,A2,Circumferential Crack,ND,,7,LO_CC_ND_A2,5.234634527328702e-06,0.001903206280688906,-0.24607383227245833,-0.9000931503020984,0.0019032134794216686,246.66666666666666,1.193405222029747,1
Accelerometer,Looped,A2,Circumferential Crack,ND,,8,LO_CC_ND_A2,2.193132769672314e-06,0.0019056873019887165,-0.23935951322647234,-0.9013588961527583,0.0019056885639559206,246.66666666666666,1.1711789207586705,1
Accelerometer,Looped,A2,Circumferential Crack,ND,,9,LO_CC_ND_A2,-1.734513802003237e-06,0.0019051037632061864,-0.23474624684301573,-0.8962946469563517,0.0019051045528055677,246.66666666666666,1.1560251047965875,1
Accelerometer,Looped,A1,Circumferential Crack,Transient,,0,LO_CC_Transient_A1,-5.359231938219715e-05,0.0009996956685018798,0.009565550562195537,0.04956118486518246,0.0010011311434163777,0.3333333333333333,1.0165157678022336,1
Accelerometer,Looped,A1,Circumferential Crack,Transient,,1,LO_CC_Transient_A1,-2.6597995786551066e-06,0.0009977567537731973,0.019369019707866284,-0.018802501714656916,0.0009977602989865988,1886.6666666666665,3.3503424080283755,1
Accelerometer,Looped,A1,Circumferential Crack,Transient,,2,LO_CC_Transient_A1,2.3514205331184473e-06,0.0009881652328618037,0.010817758042489115,0.017902050175415685,0.0009881680305572258,1953.0,3.465304283168548,1
Accelerometer,Looped,A1,Circumferential Crack,Transient,,3,LO_CC_Transient_A1,5.090648081699926e-07,0.0009714108701170918,-0.0004206456000455552,0.04592170026521636,0.0009714110035039875,1884.3333333333333,3.3474142354558474,1
Accelerometer,Looped,A1,Circumferential Crack,Transient,,4,LO_CC_Transient_A1,1.1858601707857923e-06,0.0009870605719949884,-0.0020587098539966452,0.011580296845395743,0.0009870612843442996,1897.0,3.36445767695705,1
Accelerometer,Looped,A1,Circumferential Crack,Transient,,5,LO_CC_Transient_A1,2.534845810083294e-05,0.0009820623976913878,0.01594330759390416,0.023479637608694315,0.0009823894834979899,1940.0,3.4405662215780306,1
Accelerometer,Looped,A1,Circumferential Crack,Transient,,6,LO_CC_Transient_A1,3.744085358704449e-08,0.0007494489549398531,0.05332662731119745,1.6457552081241147,0.0007494489558750852,1.0,1.0348374575848027,1
Accelerometer,Looped,A1,Circumferential Crack,Transient,,7,LO_CC_Transient_A1,-2.736500201864495e-05,0.00031408653671849516,-1.708383362917718,5.709528656119934,0.0003152763801544591,1.0,6.577761631391593,1
Accelerometer,Looped,A1,Circumferential Crack,Transient,,8,LO_CC_Transient_A1,-1.4249053114072274e-07,0.00016632080135486424,0.019023803052098758,0.08790041038335517,0.00016632086239217156,117.66666666666666,1.1115407370066008,1
Accelerometer,Looped,A1,Circumferential Crack,Transient,,9,LO_CC_Transient_A1,2.29140675440819e-06,0.00016580829780594582,-0.03846066560509143,0.0915220151802707,0.00016582413022904528,117.66666666666666,1.1072127538102936,1
Accelerometer,Looped,A2,Circumferential Crack,Transient,,0,LO_CC_Transient_A2,0.00022894354928814053,0.002063424232692645,-0.06985782918372661,-0.5758309818878908,0.002076086393391152,0.6666666666666666,1.8275442277846357,1
Accelerometer,Looped,A2,Circumferential Crack,Transient,,1,LO_CC_Transient_A2,1.6229745508139037e-05,0.0019126949951846425,-0.2441227683620685,-0.9028872544360298,0.001912763850882706,246.66666666666666,1.1937041158631938,1
Accelerometer,Looped,A2,Circumferential Crack,Transient,,2,LO_CC_Transient_A2,5.395779236611639e-07,0.001913834801743657,-0.24853646958247722,-0.8966422901564752,0.0019138348778067345,246.66666666666666,1.1980410438898628,1
Accelerometer,Looped,A2,Circumferential Crack,Transient,,3,LO_CC_Transient_A2,-1.8690986250844784e-06,0.0019152041013847185,-0.24603014335945816,-0.9063014942818879,0.0019152050134360337,246.66666666666666,1.1898587464780332,1
Accelerometer,Looped,A2,Circumferential Crack,Transient,,4,LO_CC_Transient_A2,-2.188078783974549e-06,0.0019153226613154533,-0.2493783168331064,-0.905485965293082,0.001915323911153744,246.66666666666666,1.2002119747827331,1
Accelerometer,Looped,A2,Circumferential Crack,Transient,,5,LO_CC_Transient_A2,5.701971490663793e-06,0.0019153673352700535,-0.2511954489256936,-0.8993882365499113,0.0019153758225211013,246.66666666666666,1.208171367579537,1
Accelerometer,Looped,A2,Circumferential Crack,Transient,,6,LO_CC_Transient_A2,8.092100510552144e-07,0.001915126746852592,-0.24339276787696204,-0.9048874445441113,0.0019151269178127853,246.66666666666666,1.1822007381041462,1
Accelerometer,Looped,A2,Circumferential Crack,Transient,,7,LO_CC_Transient_A2,-2.8122840955954203e-06,0.00191274778959201,-0.241020367617237,-0.9042485020801614,0.0019127498570202415,246.66666666666666,1.1744414758773423,1
Accelerometer,Looped,A2,Circumferential Crack,Transient,,8,LO_CC_Transient_A2,3.967517013438471e-07,0.0019139258349689418,-0.2431626536042559,-0.9014646307267591,0.001913925876091724,246.66666666666666,1.1814187798056355,1
Accelerometer,Looped,A2,Circumferential Crack,Transient,,9,LO_CC_Transient_A2,-1.0586219643456288e-06,0.0019154140897947789,-0.24315581053561522,-0.9014735186142078,0.0019154143823373634,246.66666666666666,1.1808986461744688,1
Accelerometer,Looped,A2,Circumferential Crack,Transient,,10,LO_CC_Transient_A2,-6.91765338960506e-07,0.0019137500332588387,-0.2443390393450947,-0.9077712655738783,0.0019137501582854254,246.66666666666666,1.1850389013305802,1
Accelerometer,Looped,A1,Gasket Leak,0.18 LPS,,0,LO_GL_0.18 LPS_A1,0.00012920797598325024,0.0025746750195270954,0.4368155450670248,0.8551467626070908,0.0025779150795234773,0.6666666666666666,2.034717002046554,1
Accelerometer,Looped,A1,Gasket Leak,0.18 LPS,,1,LO_GL_0.18 LPS_A1,-0.0001258908792378157,0.003928919377314397,0.850340615582745,4.630887555412645,0.0039309357647908496,0.6666666666666666,3.6800788319176188,1
Accelerometer,Looped,A1,Gasket Leak,0.18 LPS,,2,LO_GL_0.18 LPS_A1,-0.0002434847285748881,0.004134041418974797,0.872040634655696,3.5971028803955454,0.0041412055330360435,2.6666666666666665,4.05111896930276,1
Accelerometer,Looped,A1,Gasket Leak,0.18 LPS,,3,LO_GL_0.18 LPS_A1,2.8032228772161664e-05,0.006168309442073746,0.5748987787591119,3.2495829887808068,0.006168373138764067,0.6666666666666666,2.5165816579173113,1
Accelerometer,Looped,A1,Gasket Leak,0.18 LPS,,4,LO_GL_0.18 LPS_A1,-5.2709771466083513e-05,0.00609230956891344,0.57288657088599,3.7047441087047304,0.006092537583263831,0.6666666666666666,2.5625649254753706,1
Accelerometer,Looped,A1,Gasket Leak,0.18 LPS,,5,LO_GL_0.18 LPS_A1,-0.00034072742315207504,0.003980962453858456,0.12978241491025416,3.1932750042385667,0.0039955171424883905,1.3333333333333333,2.5896808271008087,1
Accelerometer,Looped,A1,Gasket Leak,0.18 LPS,,6,LO_GL_0.18 LPS_A1,0.00014812996734191248,0.0049446985423239045,0.2763354354423885,1.0860520547816641,0.00494691683391634,1.0,1.6995156595166245,1
Accelerometer,Looped,A1,Gasket Leak,0.18 LPS,,7,LO_GL_0.18 LPS_A1,0.0007148877386408641,0.007107420759907465,0.5486991164462385,1.4888688510080472,0.007143283162329676,0.6666666666666666,5.496893422811652,1
Accelerometer,Looped,A1,Gasket Leak,0.18 LPS,,8,LO_GL_0.18 LPS_A1,-9.012079569875634e-05,0.008070511156622908,0.2999507886345133,0.7521707677750107,0.00807101431587085,0.6666666666666666,2.045909027867546,1
Accelerometer,Looped,A1,Gasket Leak,0.18 LPS,,9,LO_GL_0.18 LPS_A1,-8.001202923005028e-05,0.007064589158327864,-0.16528755676754123,0.117169868042311,0.007065042243382917,0.6666666666666666,1.6111197102875763,1
Accelerometer,Looped,A2,Gasket Leak,0.18 LPS,,0,LO_GL_0.18 LPS_A2,0.0001769263845220925,0.0019681706199276877,-0.11086898273801671,-0.6920886062223071,0.001976106913779363,0.6666666666666666,1.565147929435652,1
Accelerometer,Looped,A2,Gasket Leak,0.18 LPS,,1,LO_GL_0.18 LPS_A2,1.5060188627408211e-05,0.0018775368375244426,-0.2045572665882959,-0.8918668233044929,0.0018775972373069733,246.66666666666666,1.0782636845661158,1
Accelerometer,Looped,A2,Gasket Leak,0.18 LPS,,2,LO_GL_0.18 LPS_A2,-5.360405339878608e-07,0.001877175253358773,-0.208471627240996,-0.8960400034333103,0.0018771753298938351,246.66666666666666,1.0817003095802162,1
Accelerometer,Looped,A2,Gasket Leak,0.18 LPS,,3,LO_GL_0.18 LPS_A2,-2.6202422289302317e-06,0.001876102227972534,-0.20591104105302924,-0.8919064615459686,0.0018761040577411595,246.66666666666666,1.0741050134188008,1
Accelerometer,Looped,A2,Gasket Leak,0.18 LPS,,4,LO_GL_0.18 LPS_A2,-1.9646101002442636e-06,0.0018739369510395296,-0.20824415487064044,-0.8875994452023916,0.0018739379808745467,246.66666666666666,1.081045117895795,1
Accelerometer,Looped,A2,Gasket Leak,0.18 LPS,,5,LO_GL_0.18 LPS_A2,3.0047835535578508e-06,0.001874273220916306,-0.20965280116431423,-0.8882579514360645,0.0018742756295081538,246.66666666666666,1.0861501644769902,1
Accelerometer,Looped,A2,Gasket Leak,0.18 LPS,,6,LO_GL_0.18 LPS_A2,-2.8712991947846682e-06,0.0018764749896324681,-0.20488434745847967,-0.8923681673819033,0.0018764771863988214,246.66666666666666,1.0711078713992594,1
Accelerometer,Looped,A2,Gasket Leak,0.18 LPS,,7,LO_GL_0.18 LPS_A2,-4.181537614039924e-06,0.0018754577181580709,-0.20318672248211297,-0.8914224382017713,0.0018754623797494568,246.66666666666666,1.0663432716353092,1
Accelerometer,Looped,A2,Gasket Leak,0.18 LPS,,8,LO_GL_0.18 LPS_A2,2.4663380215244303e-05,0.0018753732566752842,-0.2067973078826713,-0.8893839747246193,0.0018755354259988007,246.66666666666666,1.0952773461565335,1
Accelerometer,Looped,A2,Gasket Leak,0.18 LPS,,9,LO_GL_0.18 LPS_A2,-2.2202905362427872e-05,0.0018996605960476648,-0.1937089073861753,-0.8511676818783798,0.0018997903434807492,246.66666666666666,1.0431242356789345,1
Accelerometer,Looped,A1,Gasket Leak,0.47 LPS,,0,LO_GL_0.47 LPS_A1,4.116966003703131e-06,3.0554959212645266e-05,0.15797836616199554,0.2471566057433101,3.083107104143583e-05,120.0,1.3264503369733287,1
Accelerometer,Looped,A1,Gasket Leak,0.47 LPS,,1,LO_GL_0.47 LPS_A1,-7.139361377113526e-07,2.770245154980798e-05,0.0016387009267229372,0.19874404624471564,2.771164965638438e-05,120.0,1.1415330105796684,1
Accelerometer,Looped,A1,Gasket Leak,0.47 LPS,,2,LO_GL_0.47 LPS_A1,-2.304435147608841e-06,3.676642428524264e-05,-0.5958490043211833,1.0909324697108653,3.6838571851688475e-05,120.0,2.5156682731592817,1
Accelerometer,Looped,A1,Gasket Leak,0.47 LPS,,3,LO_GL_0.47 LPS_A1,6.2255954797222146e-06,0.00028525646431694173,3.366539524176046,19.346929585401956,0.00028532439165567284,1.3333333333333333,13.927569304063327,1
Accelerometer,Looped,A1,Gasket Leak,0.47 LPS,,4,LO_GL_0.47 LPS_A1,6.119060771494619e-06,0.00032986521824766396,2.2168036156976667,9.886846333932523,0.0003299219682202205,1.3333333333333333,9.099120447853956,1
Accelerometer,Looped,A1,Gasket Leak,0.47 LPS,,5,LO_GL_0.47 LPS_A1,-1.2382462733585125e-05,0.00028108214717031244,-1.7776414244668148,5.636253868671545,0.0002813547562086374,1.3333333333333333,6.850673935857764,1
Accelerometer,Looped,A1,Gasket Leak,0.47 LPS,,6,LO_GL_0.47 LPS_A1,-3.9902926382574755e-06,0.00022941826896352946,-3.601035337149447,15.279376808245605,0.0002294529680992627,1.0,13.741246319030996,1
Accelerometer,Looped,A1,Gasket Leak,0.47 LPS,,7,LO_GL_0.47 LPS_A1,-1.6821285714308414e-05,9.703515882010932e-05,0.020565376719470587,1.5107076272914037,9.848237253603427e-05,1.0,1.1497116936592926,1
Accelerometer,Looped,A1,Gasket Leak,0.47 LPS,,8,LO_GL_0.47 LPS_A1,-3.139944105478235e-06,0.00022046486461824784,3.293037765074726,13.977710067942951,0.00022048722362107034,1.0,13.426434933407153,1
Accelerometer,Looped,A1,Gasket Leak,0.47 LPS,,9,LO_GL_0.47 LPS_A1,2.362138860887371e-05,0.0002022997131695199,3.932605307897835,18.535675363509565,0.00020367411212100927,0.6666666666666666,16.07172100429605,1
Accelerometer,Looped,A1,Gasket Leak,0.47 LPS,,10,LO_GL_0.47 LPS_A1,4.5474838186175e-06,3.444727006102311e-05,0.10264869293731492,-0.029993478990127276,3.4746136817459965e-05,120.0,1.2231939600133708,1
Accelerometer,Looped,A2,Gasket Leak,0.47 LPS,,0,LO_GL_0.47 LPS_A2,0.00015159133241946545,0.001946394957322516,-0.1463494735038701,-0.7593110964617424,0.001952289236244268,0.3333333333333333,1.483564157819793,1
Accelerometer,Looped,A2,Gasket Leak,0.47 LPS,,1,LO_GL_0.47 LPS_A2,1.674648673054371e-05,0.0018771070311813052,-0.21026131881706206,-0.8878459845202142,0.0018771817310340815,246.66666666666666,1.096217750805212,1
Accelerometer,Looped,A2,Gasket Leak,0.47 LPS,,2,LO_GL_0.47 LPS_A2,-5.415317105751009e-06,0.001878161664718713,-0.20978340304256415,-0.8903042346729455,0.0018781694717139672,246.66666666666666,1.0849188255847988,1
Accelerometer,Looped,A2,Gasket Leak,0.47 LPS,,3,LO_GL_0.47 LPS_A2,-1.7667471750988209e-06,0.0018749753101351251,-0.20633120786471026,-0.8922027611407439,0.0018749761425180562,246.66666666666666,1.0755497748308311,1
Accelerometer,Looped,A2,Gasket Leak,0.47 LPS,,4,LO_GL_0.47 LPS_A2,5.88632996066858e-06,0.001872264946235007,-0.21124153238637697,-0.8931551541202163,0.0018722741994111815,246.66666666666666,1.0923160128243878,1
Accelerometer,Looped,A2,Gasket Leak,0.47 LPS,,5,LO_GL_0.47 LPS_A2,-5.344338090440455e-07,0.0018780085403670495,-0.20872554758359774,-0.8908757902762638,0.0018780086164102315,246.66666666666666,1.0821644240544808,1
Accelerometer,Looped,A2,Gasket Leak,0.47 LPS,,6,LO_GL_0.47 LPS_A2,-3.2643616429204487e-06,0.001879807300386343,-0.20259378356887256,-0.8928022709840429,0.0018798101347324218,246.66666666666666,1.0640953065451917,1
Accelerometer,Looped,A2,Gasket Leak,0.47 LPS,,7,LO_GL_0.47 LPS_A2,-1.7798937123899425e-07,0.001877178290813946,-0.20559088772652107,-0.8909691302811482,0.0018771782992522002,246.66666666666666,1.0733027057709053,1
Accelerometer,Looped,A2,Gasket Leak,0.47 LPS,,8,LO_GL_0.47 LPS_A2,-2.9279058956880985e-06,0.0018761808141963294,-0.21139065054216036,-0.8891651439290698,0.0018761830987916227,246.66666666666666,1.0898221951727107,1
Accelerometer,Looped,A2,Gasket Leak,0.47 LPS,,9,LO_GL_0.47 LPS_A2,4.329954645361193e-05,0.0018794368599777426,-0.20980046130549623,-0.888100717631418,0.0018799355737274845,246.66666666666666,1.134553573998536,1
Accelerometer,Looped,A2,Gasket Leak,0.47 LPS,,10,LO_GL_0.47 LPS_A2,4.6206475237479704e-05,0.0019421470715559267,-0.17200165184796437,-0.7701441199842165,0.0019426966530848644,0.6666666666666666,1.120920120097644,1
Accelerometer,Looped,A1,Gasket Leak,ND,,0,LO_GL_ND_A1,-2.49813650996137e-06,3.371477955110633e-05,0.012965254350471947,0.1841452247247486,3.3807204057746324e-05,120.0,1.1440012624965459,1
Accelerometer,Looped,A1,Gasket Leak,ND,,1,LO_GL_ND_A1,-5.615292227674367e-07,3.281407587288177e-05,0.06391511914869359,0.15643604759445795,3.281888009148489e-05,120.0,1.1798609590185913,1
Accelerometer,Looped,A1,Gasket Leak,ND,,2,LO_GL_ND_A1,2.7082194759545708e-06,3.4725686179731664e-05,0.0344974425028188,0.09990161892099891,3.483113166957321e-05,120.0,1.1526281263501463,1
Accelerometer,Looped,A1,Gasket Leak,ND,,3,LO_GL_ND_A1,8.028639898421746e-06,0.00015620489096438635,3.0039858748559762,13.55571432266925,0.00015641108343021718,2.0,12.290278247056394,1
Accelerometer,Looped,A1,Gasket Leak,ND,,4,LO_GL_ND_A1,-2.3059551255478823e-06,0.00016820493795752348,2.5251583293830944,10.026477362437822,0.00016822074361485671,1.6666666666666665,10.305521788385528,1
Accelerometer,Looped,A1,Gasket Leak,ND,,5,LO_GL_ND_A1,-6.187903455149066e-06,9.852595345020997e-05,-0.6028863620734423,0.8410193979926444,9.87200772509989e-05,1.6666666666666665,2.5398679995851388,1
Accelerometer,Looped,A1,Gasket Leak,ND,,6,LO_GL_ND_A1,-3.6735183617028084e-07,7.6426803107703e-05,-1.233614610294372,5.594315061229555,7.64276859563021e-05,1.6666666666666665,4.7915494156310485,1
Accelerometer,Looped,A1,Gasket Leak,ND,,7,LO_GL_ND_A1,-1.7697517140730148e-06,3.290547911800348e-05,0.03140006659293065,0.12871765624865095,3.295303593168356e-05,120.0,1.1526378863642077,1
Accelerometer,Looped,A1,Gasket Leak,ND,,8,LO_GL_ND_A1,-7.389841386723208e-08,3.177837540311557e-05,0.04121778712318638,0.14188606959418504,3.1778461325824336e-05,120.0,1.1593752182586818,1
Accelerometer,Looped,A1,Gasket Leak,ND,,9,LO_GL_ND_A1,-2.5626592828111256e-07,3.212961049857938e-05,0.03431425264179362,0.13450446698901386,3.213063247146591e-05,120.0,1.1543288753232577,1
Accelerometer,Looped,A1,Gasket Leak,ND,,10,LO_GL_ND_A1,-9.140647045420942e-07,3.2974975402498795e-05,-0.0055401961403851105,0.11166313124489502,3.298764188418885e-05,120.0,1.1378701856805706,1
Accelerometer,Looped,A2,Gasket Leak,ND,,0,LO_GL_ND_A2,0.0001776915506516604,0.0019671635067251255,-0.122593163335761,-0.7000353713002587,0.0019751725366063807,0.3333333333333333,1.5858810136608537,1
Accelerometer,Looped,A2,Gasket Leak,ND,,1,LO_GL_ND_A2,1.8501364776795556e-05,0.0018748708157390723,-0.2109865531716,-0.8858680274299071,0.0018749620999392758,246.66666666666666,1.1002811508749575,1
Accelerometer,Looped,A2,Gasket Leak,ND,,2,LO_GL_ND_A2,-4.782388961181728e-06,0.00187801162822095,-0.2109603762650678,-0.8921796187625723,0.0018780177174290132,246.66666666666666,1.088380622855664,1
Accelerometer,Looped,A2,Gasket Leak,ND,,3,LO_GL_ND_A2,-1.7178802576157065e-06,0.00187922938922106,-0.21158611764407328,-0.8878772613172261,0.0018792301744131124,246.66666666666666,1.0900432306707237,1
Accelerometer,Looped,A2,Gasket Leak,ND,,4,LO_GL_ND_A2,3.0642992790289584e-06,0.0018768048575738777,-0.2125314060258144,-0.8890278186558231,0.0018768073591455714,246.66666666666666,1.0942305453097803,1
Accelerometer,Looped,A2,Gasket Leak,ND,,5,LO_GL_ND_A2,3.0222086272272552e-06,0.0018769660739778302,-0.2111728704214059,-0.8982137150018716,0.0018769685070902857,246.66666666666666,1.090510438267466,1
Accelerometer,Looped,A2,Gasket Leak,ND,,6,LO_GL_ND_A2,-2.2497900642011504e-06,0.0018793720076105312,-0.20673290439677394,-0.8960437115890758,0.001879373354218201,246.66666666666666,1.076168990881479,1
Accelerometer,Looped,A2,Gasket Leak,ND,,7,LO_GL_ND_A2,-2.486353712485036e-06,0.0018801891523508344,-0.21074471040522857,-0.8922970235044541,0.0018801907963216214,246.66666666666666,1.0875254828253547,1
Accelerometer,Looped,A2,Gasket Leak,ND,,8,LO_GL_ND_A2,1.1036784808065773e-05,0.0018794546037426306,-0.2122641830445761,-0.8927987353330922,0.0018794870093055362,246.66666666666666,1.097259783946051,1
Accelerometer,Looped,A2,Gasket Leak,ND,,9,LO_GL_ND_A2,-1.3997424579855957e-05,0.001877610054465107,-0.20776883835900545,-0.8890990180750635,0.0018776622285499942,246.66666666666666,1.081317388603258,1
Accelerometer,Looped,A2,Gasket Leak,ND,,10,LO_GL_ND_A2,-3.641787341321836e-05,0.0019210741127674116,-0.19278420364988466,-0.7988827954690416,0.0019214192692509975,246.66666666666666,1.0531567141241216,1
Accelerometer,Looped,A1,Gasket Leak,Transient,,0,LO_GL_Transient_A1,4.323797045188305e-06,0.0007003512316245963,0.6777312765297874,0.8692482984175225,0.0007003645785296235,0.6666666666666666,2.8818496577149864,1
Accelerometer,Looped,A1,Gasket Leak,Transient,,1,LO_GL_Transient_A1,7.048360460951001e-05,0.0022373983715411505,6.81400011633229,58.49387634177638,0.0022385083005192863,1.3333333333333333,28.896623620368043,1
Accelerometer,Looped,A1,Gasket Leak,Transient,,2,LO_GL_Transient_A1,6.256961321727426e-05,0.003421198952903545,3.357420081052042,17.671645406987537,0.003421771066545287,1.0,13.689138785292025,1
Accelerometer,Looped,A1,Gasket Leak,Transient,,3,LO_GL_Transient_A1,-6.761979450607332e-05,0.0029417794233884396,2.489899092430155,15.307832977467829,0.0029425564756654483,1.3333333333333333,10.319189101294638,1
Accelerometer,Looped,A1,Gasket Leak,Transient,,4,LO_GL_Transient_A1,-1.2675123547333615e-05,0.0017543146839788092,1.0001076021568431,4.4065989663578575,0.0017543604729874103,1.0,4.152355665226549,1
Accelerometer,Looped,A1,Gasket Leak,Transient,,5,LO_GL_Transient_A1,-4.523386891105371e-05,0.0014544072576179728,1.2444270760861682,2.2898316405501253,0.0014551105023016275,1.0,5.05685836444093,1
Accelerometer,Looped,A1,Gasket Leak,Transient,,6,LO_GL_Transient_A1,-3.960764768820064e-05,0.0011616883957543112,1.031582397000886,2.0721020612826067,0.0011623634090015126,1.0,4.246263188373663,1
Accelerometer,Looped,A1,Gasket Leak,Transient,,7,LO_GL_Transient_A1,2.56638151701983e-05,0.0010701234782147923,0.6491374710847323,2.0505491999002823,0.0010704311701532309,1.0,2.7783367448304097,1
Accelerometer,Looped,A1,Gasket Leak,Transient,,8,LO_GL_Transient_A1,-2.724743667029382e-05,0.0010614552977437736,0.44983293963710586,1.2048920401177483,0.0010618049594503809,1.6666666666666665,2.0655203905076363,1
Accelerometer,Looped,A1,Gasket Leak,Transient,,9,LO_GL_Transient_A1,-4.1855517413796383e-05,0.002134576220784203,4.9976975900196425,54.00006324759909,0.002134986540162571,1.0,21.828682772477332,1
Accelerometer,Looped,A1,Gasket Leak,Transient,,10,LO_GL_Transient_A1,-5.341732928150766e-06,0.0028850512317871017,2.4545443520717716,16.774631601863234,0.002885056176948197,2.0,10.208393042952027,1
Accelerometer,Looped,A2,Gasket Leak,Transient,,0,LO_GL_Transient_A2,-0.00022415274992477677,0.0020207001412571044,-0.27429824596945795,-0.584877366911166,0.0020330945664615114,0.3333333333333333,2.0102973388714553,1
Accelerometer,Looped,A2,Gasket Leak,Transient,,1,LO_GL_Transient_A2,-1.6367298330688676e-05,0.0018795872166031773,-0.20716430123360752,-0.8836107230781902,0.0018796584778285456,246.66666666666666,1.080343856476268,1
Accelerometer,Looped,A2,Gasket Leak,Transient,,2,LO_GL_Transient_A2,2.5064515355121565e-06,0.0018785152187289899,-0.2045314819690764,-0.8941331560027206,0.0018785168908731493,246.66666666666666,1.0708060652588935,1
Accelerometer,Looped,A2,Gasket Leak,Transient,,3,LO_GL_Transient_A2,-1.3702415647367317e-06,0.0018804169304183452,-0.20690589835824624,-0.895095147533647,0.0018804174296591428,246.66666666666666,1.0765858775472106,1
Accelerometer,Looped,A2,Gasket Leak,Transient,,4,LO_GL_Transient_A2,2.9631935374903334e-06,0.0018768190675213785,-0.2082147436889177,-0.8917788845679819,0.0018768214067214166,246.66666666666666,1.0817271064738754,1
Accelerometer,Looped,A2,Gasket Leak,Transient,,5,LO_GL_Transient_A2,-2.197347421084899e-06,0.0018746022493086997,-0.2032052844156847,-0.8917992895141578,0.001874603537137633,246.66666666666666,1.0665952993466203,1
Accelerometer,Looped,A2,Gasket Leak,Transient,,6,LO_GL_Transient_A2,-2.2870044923671245e-06,0.0018780647120983378,-0.20061548065935234,-0.8914243014479566,0.0018780661045923173,246.66666666666666,1.0587215805304981,1
Accelerometer,Looped,A2,Gasket Leak,Transient,,7,LO_GL_Transient_A2,1.0844868555167153e-06,0.0018776268317829052,-0.2057269946792783,-0.8870279132590593,0.0018776271449739033,246.66666666666666,1.073771973231526,1
Accelerometer,Looped,A2,Gasket Leak,Transient,,8,LO_GL_Transient_A2,1.5269179640839695e-05,0.0018773137501765726,-0.204346895138509,-0.8938205241868831,0.0018773758452821673,246.66666666666666,1.0779303196089154,1
Accelerometer,Looped,A2,Gasket Leak,Transient,,9,LO_GL_Transient_A2,-2.234318513213704e-05,0.0018885242850382527,-0.20021567963153655,-0.8664910126301435,0.0018886564518464158,246.66666666666666,1.0632368556237564,1
Accelerometer,Looped,A1,Longitudinal Crack,0.18 LPS,,0,LO_LC_0.18 LPS_A1,1.907141743195822e-05,0.00037167245817981947,-0.03697978812936595,0.05025255653192717,0.00037216143692259904,117.33333333333333,1.063192773330173,1
Accelerometer,Looped,A1,Longitudinal Crack,0.18 LPS,,1,LO_LC_0.18 LPS_A1,8.84609127313077e-07,0.00037292244666304404,-0.027913298795330017,0.06884887895009317,0.0003729234958519764,235.0,1.09675264179718,1
Accelerometer,Looped,A1,Longitudinal Crack,0.18 LPS,,2,LO_LC_0.18 LPS_A1,5.511326862352809e-07,0.0003712228328771771,-0.0012104435617967633,-0.004914416897554563,0.00037122324199407875,117.33333333333333,1.0544155102058597,1
Accelerometer,Looped,A1,Longitudinal Crack,0.18 LPS,,3,LO_LC_0.18 LPS_A1,1.515484891107566e-06,0.0003796571455988514,-0.006393658485647634,-0.008364356918781457,0.0003796601702822178,117.33333333333333,1.0515127286945405,1
Accelerometer,Looped,A1,Longitudinal Crack,0.18 LPS,,4,LO_LC_0.18 LPS_A1,-1.8807159525412563e-06,0.000383001138279168,-0.023711729948009443,-0.008739661611414373,0.0003830057558518312,235.0,1.0934105540728827,1
Accelerometer,Looped,A1,Longitudinal Crack,0.18 LPS,,5,LO_LC_0.18 LPS_A1,3.0867623555398214e-07,0.00037422267310724584,-0.01943040912610242,-0.009524445422283812,0.00037422280041246944,117.33333333333333,1.0529009109838703,1
Accelerometer,Looped,A1,Longitudinal Crack,0.18 LPS,,6,LO_LC_0.18 LPS_A1,-2.1728217157886206e-06,0.00036759918911061923,-0.008259513980554417,0.06098640796883403,0.00036760561066038344,235.0,1.0984912337607282,1
Accelerometer,Looped,A1,Longitudinal Crack,0.18 LPS,,7,LO_LC_0.18 LPS_A1,-1.4463190855029513e-06,0.00037021067343240375,-0.023338983659285592,0.11900266119310565,0.0003702134986223098,235.0,1.098047327848962,1
Accelerometer,Looped,A1,Longitudinal Crack,0.18 LPS,,8,LO_LC_0.18 LPS_A1,1.7800691238608746e-06,0.0003636089786951815,-0.007155480423459258,0.15104894730759266,0.0003636133358855787,235.0,1.0998318572799466,1
Accelerometer,Looped,A1,Longitudinal Crack,0.18 LPS,,9,LO_LC_0.18 LPS_A1,-3.2704793338841107e-06,0.00035943182266098996,-0.022633997356510394,0.11102881580058499,0.00035944670144052613,117.33333333333333,1.0583982846617013,1
Accelerometer,Looped,A1,Longitudinal Crack,0.18 LPS,,10,LO_LC_0.18 LPS_A1,-1.1606164097479363e-05,0.000375525451193733,-0.03709420070646288,0.024265479137543622,0.0003757047611347431,117.33333333333333,1.0613381117558762,1
Accelerometer,Looped,A2,Longitudinal Crack,0.18 LPS,,0,LO_LC_0.18 LPS_A2,0.00025341240663377104,0.002040530234263846,-0.043851216679939756,-0.5966184269765296,0.0020562056037227374,0.3333333333333333,1.9647774416876607,1
Accelerometer,Looped,A2,Longitudinal Crack,0.18 LPS,,1,LO_LC_0.18 LPS_A2,1.870578481588031e-05,0.0018789568211442292,-0.18089204651401755,-0.8845755746454573,0.0018790499307123284,246.66666666666666,1.0152687287936435,1
Accelerometer,Looped,A2,Longitudinal Crack,0.18 LPS,,2,LO_LC_0.18 LPS_A2,-2.4877826354228528e-06,0.0018786874133254075,-0.1838790930972892,-0.8812962479213304,0.0018786890605019641,246.66666666666666,1.0118239755603031,1
Accelerometer,Looped,A2,Longitudinal Crack,0.18 LPS,,3,LO_LC_0.18 LPS_A2,-1.1080696853930035e-06,0.0018780944237418238,-0.18534198921584746,-0.8868798400724907,0.001878094750620575,246.66666666666666,1.01615245295328,1
Accelerometer,Looped,A2,Longitudinal Crack,0.18 LPS,,4,LO_LC_0.18 LPS_A2,-7.271409464285014e-07,0.0018768648953622895,-0.18845276087410479,-0.8825118390225111,0.0018768650362179092,246.66666666666666,1.0247732318316003,1
Accelerometer,Looped,A2,Longitudinal Crack,0.18 LPS,,5,LO_LC_0.18 LPS_A2,3.11593312377261e-06,0.0018786607888761461,-0.19026644659510464,-0.8824901658522752,0.0018786633729063796,246.66666666666666,1.0303593318023743,1
Accelerometer,Looped,A2,Longitudinal Crack,0.18 LPS,,6,LO_LC_0.18 LPS_A2,1.5455947144890581e-06,0.0018792326089260274,-0.18614694307753676,-0.8886518736075946,0.0018792332445212718,246.66666666666666,1.0186797359000277,1
Accelerometer,Looped,A2,Longitudinal Crack,0.18 LPS,,7,LO_LC_0.18 LPS_A2,-4.072886598521474e-06,0.0018805779718719887,-0.18587490626254033,-0.8844538574020246,0.0018805823823208085,246.66666666666666,1.0170774953577468,1
Accelerometer,Looped,A2,Longitudinal Crack,0.18 LPS,,8,LO_LC_0.18 LPS_A2,5.801315547333558e-07,0.0018786925614634694,-0.19096690165689148,-0.8774809683061724,0.0018786926510344349,246.66666666666666,1.03151198931382,1
Accelerometer,Looped,A2,Longitudinal Crack,0.18 LPS,,9,LO_LC_0.18 LPS_A2,3.9999500698705075e-06,0.001879695557652511,-0.19234665161922934,-0.8781025138309717,0.001879699813549798,246.66666666666666,1.0361574037850863,1
Accelerometer,Looped,A1,Longitudinal Crack,0.47 LPS,,0,LO_LC_0.47 LPS_A1,-1.5675573407009708e-05,0.0008060156584642726,0.002214987331902867,0.029792905453058793,0.0008061680750880882,233.66666666666666,0.9946807226120721,1
Accelerometer,Looped,A1,Longitudinal Crack,0.47 LPS,,1,LO_LC_0.47 LPS_A1,-4.606254173105118e-07,0.0008060416965603521,0.024210794845144643,0.02868100825078601,0.0008060418281762218,234.0,0.9938270442852462,1
Accelerometer,Looped,A1,Longitudinal Crack,0.47 LPS,,2,LO_LC_0.47 LPS_A1,2.3986227421678103e-06,0.000813019146618632,0.015480083580574913,-0.0022449916466524833,0.0008130226848984891,227.0,0.9832408910431469,1
Accelerometer,Looped,A1,Longitudinal Crack,0.47 LPS,,3,LO_LC_0.47 LPS_A1,1.726079762392086e-07,0.0008220204767826053,-0.005805358145680256,0.03501967281381724,0.0008220204949047287,233.33333333333331,0.9783779155981089,1
Accelerometer,Looped,A1,Longitudinal Crack,0.47 LPS,,4,LO_LC_0.47 LPS_A1,-1.5659989929038687e-06,0.0008035287592887962,-0.007230309997260139,0.07540406499443231,0.0008035302852768139,238.33333333333331,0.9862000513884547,1
Accelerometer,Looped,A1,Longitudinal Crack,0.47 LPS,,5,LO_LC_0.47 LPS_A1,-1.6111545816215452e-07,0.000799486153672561,-0.010604460894958345,0.0222376534521338,0.0007994861699068575,236.66666666666666,0.9852020017580847,1
Accelerometer,Looped,A1,Longitudinal Crack,0.47 LPS,,6,LO_LC_0.47 LPS_A1,3.0323180561625495e-06,0.0007931750556760352,-0.023034584257801954,0.02704777094940658,0.0007931808519495888,234.0,0.9856206258353256,1
Accelerometer,Looped,A1,Longitudinal Crack,0.47 LPS,,7,LO_LC_0.47 LPS_A1,1.612281638234568e-06,0.0007796134696330073,-0.0245406730328303,0.06671905571210557,0.0007796151367728163,226.33333333333331,0.9864795171474414,1
Accelerometer,Looped,A1,Longitudinal Crack,0.47 LPS,,8,LO_LC_0.47 LPS_A1,-5.140562083872317e-06,0.0007763401040848111,-0.025796339002201456,0.07180720593731671,0.0007763571231005441,226.0,0.9895137209700505,1
Accelerometer,Looped,A1,Longitudinal Crack,0.47 LPS,,9,LO_LC_0.47 LPS_A1,1.7820330370019655e-06,0.0007662318881720973,-0.006630194506746325,0.026022769989678896,0.000766233960415174,226.33333333333331,0.9891264942211716,1
Accelerometer,Looped,A2,Longitudinal Crack,0.47 LPS,,0,LO_LC_0.47 LPS_A2,-2.4179208944022396e-05,0.0018875294839306497,-0.20681715723623761,-0.887946158097126,0.0018876843451310027,246.66666666666666,1.084115870899438,1
Accelerometer,Looped,A2,Longitudinal Crack,0.47 LPS,,1,LO_LC_0.47 LPS_A2,2.3054290510065295e-07,0.0018830473084939705,-0.20957013586659912,-0.8905507517559141,0.0018830473226067418,246.66666666666666,1.0840530473800098,1
Accelerometer,Looped,A2,Longitudinal Crack,0.47 LPS,,2,LO_LC_0.47 LPS_A2,1.8624791102069562e-06,0.0018870236028600159,-0.2090273731098176,-0.892590496376032,0.0018870245219867261,246.66666666666666,1.0823851338846457,1
Accelerometer,Looped,A2,Longitudinal Crack,0.47 LPS,,3,LO_LC_0.47 LPS_A2,-2.8920391957392798e-06,0.0018916045523190554,-0.20955897536763868,-0.8949956543037163,0.001891606763110368,246.66666666666666,1.0825834645366417,1
Accelerometer,Looped,A2,Longitudinal Crack,0.47 LPS,,4,LO_LC_0.47 LPS_A2,-2.5456577184445053e-06,0.001888369844764104,-0.20742117413985525,-0.8941369658465192,0.0018883715606277344,246.66666666666666,1.0768349958508714,1
Accelerometer,Looped,A2,Longitudinal Crack,0.47 LPS,,5,LO_LC_0.47 LPS_A2,3.074325880879197e-06,0.0018852353387124438,-0.20568345875635916,-0.8906729621574514,0.0018852378454215916,246.66666666666666,1.0732637555035762,1
Accelerometer,Looped,A2,Longitudinal Crack,0.47 LPS,,6,LO_LC_0.47 LPS_A2,-1.4293205182116597e-06,0.0018853489068681628,-0.20670775303783182,-0.8909249439949614,0.0018853494486662469,246.66666666666666,1.0752022156435683,1
Accelerometer,Looped,A2,Longitudinal Crack,0.47 LPS,,7,LO_LC_0.47 LPS_A2,-1.7192933592542697e-06,0.001883647533793208,-0.20825528624170345,-0.8878209160213464,0.0018836483184328464,246.66666666666666,1.0797758548333891,1
Accelerometer,Looped,A2,Longitudinal Crack,0.47 LPS,,8,LO_LC_0.47 LPS_A2,6.176787669721018e-06,0.001884334262973232,-0.21126767881889075,-0.8828567297289611,0.0018843443866026163,246.66666666666666,1.0905817578287482,1
Accelerometer,Looped,A2,Longitudinal Crack,0.47 LPS,,9,LO_LC_0.47 LPS_A2,6.62434670552424e-07,0.0018883929576639234,-0.2080801042399531,-0.8866886626112112,0.0018883930738525794,246.66666666666666,1.0789771603494087,1
Accelerometer,Looped,A1,Longitudinal Crack,ND,,0,LO_LC_ND_A1,-7.686798626901177e-07,0.00017923118182573968,-0.017955879918147344,-0.06022884658367422,0.00017923283016061165,117.66666666666666,1.0994422215422928,1
Accelerometer,Looped,A1,Longitudinal Crack,ND,,1,LO_LC_ND_A1,-6.372009724765483e-07,0.00018760946866839894,-0.06602518444300334,-0.07267761356989544,0.00018761055076705653,117.66666666666666,1.1159090881287979,1
Accelerometer,Looped,A1,Longitudinal Crack,ND,,2,LO_LC_ND_A1,6.868790864162344e-07,0.0001846672277821479,-0.03714336873188838,-0.029651579655838756,0.00018466850521846724,117.66666666666666,1.1016643898309415,1
Accelerometer,Looped,A1,Longitudinal Crack,ND,,3,LO_LC_ND_A1,5.149689850190886e-07,0.0001754651720118852,0.04762628138815272,-0.09517828038337095,0.00017546592769599457,117.66666666666666,1.125480191306267,1
Accelerometer,Looped,A1,Longitudinal Crack,ND,,4,LO_LC_ND_A1,-7.276826951861307e-07,0.00017857431674261017,0.006565937909604178,-0.031432362325362284,0.00017857579937436912,117.66666666666666,1.1027013301348858,1
Accelerometer,Looped,A1,Longitudinal Crack,ND,,5,LO_LC_ND_A1,1.583235042591993e-07,0.00017690167676708785,0.043428539234701455,0.013049272548918633,0.00017690174761527717,117.66666666666666,1.1232558886580324,1
Accelerometer,Looped,A1,Longitudinal Crack,ND,,6,LO_LC_ND_A1,-5.753707528952607e-07,0.000179039757397656,0.044613657807741985,-0.06651774387632514,0.00017904068191479497,117.66666666666666,1.1228578693144415,1
Accelerometer,Looped,A1,Longitudinal Crack,ND,,7,LO_LC_ND_A1,1.2096649728081448e-06,0.00017837174010772205,0.022783181219697357,-0.02361265637754073,0.0001783758418575878,117.66666666666666,1.1088305144670545,1
Accelerometer,Looped,A1,Longitudinal Crack,ND,,8,LO_LC_ND_A1,1.7960909373857133e-06,0.00017609476699799315,0.025643245230655913,0.021275574803102604,0.00017610392643758078,117.66666666666666,1.1112985597480816,1
Accelerometer,Looped,A1,Longitudinal Crack,ND,,9,LO_LC_ND_A1,1.4717092884385742e-06,0.00018329816652420288,0.021636962261350326,0.014011320999332444,0.0001833040746392837,117.66666666666666,1.1074389951072887,1
Accelerometer,Looped,A2,Longitudinal Crack,ND,,0,LO_LC_ND_A2,-0.00013536638576105636,0.001951558556765202,-0.2399402614487952,-0.770671990862505,0.0019562476476350046,246.66666666666666,1.4756222645635653,1
Accelerometer,Looped,A2,Longitudinal Crack,ND,,1,LO_LC_ND_A2,-1.5276170812722284e-05,0.0018960212219117992,-0.22278580967803907,-0.8962422849854921,0.001896082760676498,246.66666666666666,1.1232913302484664,1
Accelerometer,Looped,A2,Longitudinal Crack,ND,,2,LO_LC_ND_A2,-2.480449895648252e-07,0.00189143791189233,-0.22681443088248404,-0.8946232811557033,0.0018914379281567597,246.66666666666666,1.1339368310818951,1
Accelerometer,Looped,A2,Longitudinal Crack,ND,,3,LO_LC_ND_A2,3.911676677867587e-06,0.001891644654457455,-0.22302435716908878,-0.8964119513020665,0.0018916486988740527,246.66666666666666,1.1238070703804848,1
Accelerometer,Looped,A2,Longitudinal Crack,ND,,4,LO_LC_ND_A2,-2.547065694546984e-06,0.001896161338226934,-0.21686580532368868,-0.8991039724871182,0.0018961630489307108,246.66666666666666,1.1034963129537316,1
Accelerometer,Looped,A2,Longitudinal Crack,ND,,5,LO_LC_ND_A2,-2.2530768737017473e-06,0.00189800965721838,-0.22011035696019315,-0.8915012305779193,0.0018980109945017786,246.66666666666666,1.1126469263927448,1
Accelerometer,Looped,A2,Longitudinal Crack,ND,,6,LO_LC_ND_A2,5.25393425244311e-06,0.0018949494247142336,-0.22591807140824197,-0.889820110183249,0.001894956708225793,246.66666666666666,1.132404834605299,1
Accelerometer,Looped,A2,Longitudinal Crack,ND,,7,LO_LC_ND_A2,3.46171737547593e-07,0.001895477637681573,-0.22574819853678396,-0.896130329578058,0.0018954776692923048,246.66666666666666,1.1303865547778802,1
Accelerometer,Looped,A2,Longitudinal Crack,ND,,8,LO_LC_ND_A2,-3.1140385592385867e-06,0.0018944287805169736,-0.22239496807491194,-0.8969267959125911,0.001894431339924247,246.66666666666666,1.1200003537170202,1
Accelerometer,Looped,A2,Longitudinal Crack,ND,,9,LO_LC_ND_A2,1.8641747604373036e-06,0.0018932512103769163,-0.2272587983481574,-0.8892189172583924,0.0018932521281491267,246.66666666666666,1.1353984335332772,1
Accelerometer,Looped,A2,Longitudinal Crack,ND,,10,LO_LC_ND_A2,2.2443815110845298e-05,0.00189860334966038,-0.22564228257166255,-0.8892361158238269,0.001898736001707016,246.66666666666666,1.1449556467529953,1
Accelerometer,Looped,A1,Longitudinal Crack,Transient,,0,LO_LC_Transient_A1,-2.072192180822117e-05,0.0009386337485256026,0.030217566422029316,0.018669519899677134,0.0009388624563346061,1998.0,3.574165347748421,1
Accelerometer,Looped,A1,Longitudinal Crack,Transient,,1,LO_LC_Transient_A1,-1.9785513256780506e-06,0.0009268373634709455,0.0021855298073556848,-0.017695768935886313,0.0009268394753090321,1866.0,3.3255247172712363,1
Accelerometer,Looped,A1,Longitudinal Crack,Transient,,2,LO_LC_Transient_A1,-5.952099219350069e-07,0.0009272222407460657,-0.016373310523038608,-0.035241882846726025,0.0009272224317870045,1852.0,3.296339142712403,1
Accelerometer,Looped,A1,Longitudinal Crack,Transient,,3,LO_LC_Transient_A1,5.524912819455897e-09,0.0009132192177727113,0.003919758955670103,-0.01511851751660842,0.0009132192177894239,1876.3333333333333,3.3463962384911152,1
Accelerometer,Looped,A1,Longitudinal Crack,Transient,,4,LO_LC_Transient_A1,1.0499275503096328e-06,0.0009084781374120788,0.009063943189794433,0.022184136833215184,0.0009084787441121454,234.0,0.9597367068197962,1
Accelerometer,Looped,A1,Longitudinal Crack,Transient,,5,LO_LC_Transient_A1,-9.206188945212165e-07,0.0009215151743286444,0.013436201168337578,0.03454935688979566,0.0009215156341902729,234.33333333333331,0.9590082510082373,1
Accelerometer,Looped,A1,Longitudinal Crack,Transient,,6,LO_LC_Transient_A1,1.6484108881124067e-05,0.0009251863916351949,-0.0055275241751385,0.018373904782246875,0.0009253332292274805,242.0,0.9580381254017941,1
Accelerometer,Looped,A1,Longitudinal Crack,Transient,,7,LO_LC_Transient_A1,1.0964267413078957e-05,0.0009151454413006391,-0.40833306062466074,5.13282524709077,0.0009152111198478997,1.0,1.7942684281813888,1
Accelerometer,Looped,A1,Longitudinal Crack,Transient,,8,LO_LC_Transient_A1,-1.6923354216172792e-05,0.0006514868917423387,-1.0813933910748927,22.33346651886107,0.0006517066594949139,0.6666666666666666,4.424008590295432,1
Accelerometer,Looped,A1,Longitudinal Crack,Transient,,9,LO_LC_Transient_A1,-1.24645372428408e-05,0.00018839214248830466,-0.033001442501072786,-0.22551847296949568,0.00018880403607977203,117.66666666666666,1.1041219066782213,1
Accelerometer,Looped,A1,Longitudinal Crack,Transient,,10,LO_LC_Transient_A1,2.2948369035386046e-07,0.00018153944145921333,-0.03657085445218777,-0.1820444117500455,0.00018153958650412113,117.66666666666666,1.101604873855995,1
Accelerometer,Looped,A2,Longitudinal Crack,Transient,,0,LO_LC_Transient_A2,3.6916447676922636e-05,0.0019097024703645168,-0.23062563832405633,-0.8861963001946074,0.0019100592528572041,246.66666666666666,1.1796223331872497,1
Accelerometer,Looped,A2,Longitudinal Crack,Transient,,1,LO_LC_Transient_A2,5.875100761852048e-06,0.0019059439996483734,-0.23492855742981314,-0.8921587073199637,0.001905953054669658,246.66666666666666,1.1587133131465197,1
Accelerometer,Looped,A2,Longitudinal Crack,Transient,,2,LO_LC_Transient_A2,1.7758901531049444e-06,0.0019042885652238294,-0.2335433021073491,-0.8966531033547733,0.0019042893932982106,246.66666666666666,1.1532513497881918,1
Accelerometer,Looped,A2,Longitudinal Crack,Transient,,3,LO_LC_Transient_A2,-3.987890546943907e-06,0.0019017973784430761,-0.22881467505246206,-0.8975141856394537,0.0019018015595545115,246.66666666666666,1.1382625983711732,1
Accelerometer,Looped,A2,Longitudinal Crack,Transient,,4,LO_LC_Transient_A2,-3.8120388080335267e-06,0.0018993806538496493,-0.2329300086243707,-0.895047048189832,0.0018993844792085134,246.66666666666666,1.1509584654393454,1
Accelerometer,Looped,A2,Longitudinal Crack,Transient,,5,LO_LC_Transient_A2,4.9560651638325875e-06,0.0019032308146889974,-0.23817055371872334,-0.8918478080778556,0.0019032372675427656,246.66666666666666,1.1685682639132837,1
Accelerometer,Looped,A2,Longitudinal Crack,Transient,,6,LO_LC_Transient_A2,-2.4404265897209734e-06,0.0019064024750052894,-0.23490556623814243,-0.8954524598489435,0.0019064040370257909,246.66666666666666,1.1562280211972615,1
Accelerometer,Looped,A2,Longitudinal Crack,Transient,,7,LO_LC_Transient_A2,-2.3872664970894483e-06,0.001905259385456251,-0.23503845311769753,-0.8951253502774517,0.0019052608810633939,246.66666666666666,1.156772633481898,1
Accelerometer,Looped,A2,Longitudinal Crack,Transient,,8,LO_LC_Transient_A2,6.194099366882347e-06,0.0019051210567098441,-0.23898167264951098,-0.8922180760759466,0.001905131126087178,246.66666666666666,1.171413825742283,1
Accelerometer,Looped,A2,Longitudinal Crack,Transient,,9,LO_LC_Transient_A2,6.974912865732189e-06,0.0019066619359636792,-0.23661745970865383,-0.8938329920827299,0.0019066746936649286,246.66666666666666,1.1643969084473837,1
Accelerometer,Looped,A2,Longitudinal Crack,Transient,,10,LO_LC_Transient_A2,-3.2097367379097434e-05,0.001905655556731932,-0.23158689370533397,-0.8924935945351056,0.0019059258490025151,246.66666666666666,1.1614171819648555,1
Accelerometer,Looped,A1,No Leak,0.18 LPS,,0,LO_NL_0.18 LPS_A1,0.00026460218421901023,0.006120936087945103,0.010846314248677465,0.02970971446739945,0.006126652667534057,0.3333333333333333,2.208327756789172,0
Accelerometer,Looped,A1,No Leak,0.18 LPS,,1,LO_NL_0.18 LPS_A1,2.7588329680049225e-05,0.006061279475410006,-0.007170118869800428,0.05865018552618961,0.006061342260173166,129.33333333333331,0.9408861902225636,0
Accelerometer,Looped,A1,No Leak,0.18 LPS,,2,LO_NL_0.18 LPS_A1,-8.426926959586885e-06,0.006221039331320135,-0.005867709084033694,0.057476262430210756,0.0062210450388122136,117.66666666666666,0.972936575393321,0
Accelerometer,Looped,A1,No Leak,0.18 LPS,,3,LO_NL_0.18 LPS_A1,-2.919737968494619e-06,0.006200047654611824,-0.0016001347564911484,0.005215634911210465,0.006200048342096002,117.66666666666666,0.9688689091441027,0
Accelerometer,Looped,A1,No Leak,0.18 LPS,,4,LO_NL_0.18 LPS_A1,4.533835874803878e-06,0.00611220244350628,0.02368405576383255,0.06324089045806547,0.00611220412503312,235.33333333333331,0.7465336601868067,0
Accelerometer,Looped,A1,No Leak,0.18 LPS,,5,LO_NL_0.18 LPS_A1,3.544712671350119e-06,0.006230137837260471,0.006750158929646236,0.05411872616083713,0.006230138845664075,1819.3333333333333,2.1955077815507473,0
Accelerometer,Looped,A1,No Leak,0.18 LPS,,6,LO_NL_0.18 LPS_A1,-2.2541748818314562e-06,0.00617069396699401,-0.022383080230398436,0.018523770676585727,0.00617069437872276,229.0,0.7802531325237793,0
Accelerometer,Looped,A1,No Leak,0.18 LPS,,7,LO_NL_0.18 LPS_A1,-4.2902930538728974e-06,0.006109637340418781,-0.0005427454711538224,0.0454052466043815,0.006109638846777604,1782.0,2.1479571066547476,0
Accelerometer,Looped,A1,No Leak,0.18 LPS,,8,LO_NL_0.18 LPS_A1,4.54081514577992e-05,0.0062278299388504625,-0.004987421233589639,-0.015530539786259734,0.006227995475870303,1759.0,2.089734673204531,0
Accelerometer,Looped,A1,No Leak,0.18 LPS,,9,LO_NL_0.18 LPS_A1,2.4083153346683614e-05,0.006196653159246987,-0.01909319920912313,-0.014720259408289138,0.0061966999583875915,1806.6666666666665,2.1709362158430388,0
Accelerometer,Looped,A2,No Leak,0.18 LPS,,0,LO_NL_0.18 LPS_A2,-2.9412221893454016e-06,0.0017670730606340565,0.03238893725479655,-0.062751666368698,0.0017670755084055064,235.33333333333331,0.7630470526052588,0
Accelerometer,Looped,A2,No Leak,0.18 LPS,,1,LO_NL_0.18 LPS_A2,-1.2432142633343974e-05,0.0018483752551998875,0.0071339021323788745,-0.10540136357559282,0.001848417063924077,235.33333333333331,0.7366691139951291,0
Accelerometer,Looped,A2,No Leak,0.18 LPS,,2,LO_NL_0.18 LPS_A2,-2.0000582611102037e-05,0.001850784913875382,-0.01914010675560423,0.046369014547310794,0.0018508929792760815,190.0,0.740490703426501,0
Accelerometer,Looped,A2,No Leak,0.18 LPS,,3,LO_NL_0.18 LPS_A2,1.961820840922763e-05,0.0017938924269604785,-0.00949734149869251,-0.0006407584707899261,0.0017939996972149532,175.33333333333331,0.7442064467221753,0
Accelerometer,Looped,A2,No Leak,0.18 LPS,,4,LO_NL_0.18 LPS_A2,9.795799117519896e-06,0.0017889720579903126,-0.031030750991223044,-0.16123481327728806,0.0017889988770120693,186.33333333333331,0.7437138055126138,0
Accelerometer,Looped,A2,No Leak,0.18 LPS,,5,LO_NL_0.18 LPS_A2,-6.565018941924394e-06,0.0017971964362539017,-0.052777003098784483,-0.013547202567856687,0.0017972084269659522,200.0,0.7556327850356044,0
Accelerometer,Looped,A2,No Leak,0.18 LPS,,6,LO_NL_0.18 LPS_A2,6.295961101380083e-06,0.0017724194592978432,0.01997034258394541,0.03449125075049375,0.0017724306414705906,191.66666666666666,0.7471798648495963,0
Accelerometer,Looped,A2,No Leak,0.18 LPS,,7,LO_NL_0.18 LPS_A2,8.536246170401847e-07,0.0018145521679234105,0.06898601044725865,-0.05883826781259405,0.001814552368709852,189.0,0.7897845278194272,0
Accelerometer,Looped,A2,No Leak,0.18 LPS,,8,LO_NL_0.18 LPS_A2,-1.4251351718983495e-05,0.0018272715633684876,0.016421134617985847,-0.10221867420522468,0.0018273271374663418,175.33333333333331,0.7456170817825244,0
Accelerometer,Looped,A2,No Leak,0.18 LPS,,9,LO_NL_0.18 LPS_A2,-1.0267998255383281e-05,0.0018101075197564157,-0.0043762740645097754,-0.13820664898632407,0.0018101366425954963,193.0,0.7375176197135003,0
Accelerometer,Looped,A2,No Leak,0.18 LPS,,10,LO_NL_0.18 LPS_A2,2.8480475736473522e-05,0.001857069000515191,-0.008381679013275554,-0.08088626555994471,0.0018572873795330291,193.0,0.7419977213487133,0
Accelerometer,Looped,A1,No Leak,0.47 LPS,,0,LO_NL_0.47 LPS_A1,0.0004698421416687826,0.01326359751376172,-0.007253671843181711,-0.019466421422965396,0.013271916615363208,1806.0,3.827755941517834,0
Accelerometer,Looped,A1,No Leak,0.47 LPS,,1,LO_NL_0.47 LPS_A1,4.821301932279559e-05,0.01308915617120798,0.009384797633252858,0.0028256777907742503,0.013089244965600735,1807.0,2.0591904475513183,0
Accelerometer,Looped,A1,No Leak,0.47 LPS,,2,LO_NL_0.47 LPS_A1,8.464613191878749e-06,0.013369594714943981,0.028300924889446286,0.025042960027692462,0.013369597394519197,1762.3333333333333,2.04394411483567,0
Accelerometer,Looped,A1,No Leak,0.47 LPS,,3,LO_NL_0.47 LPS_A1,-9.791183486990888e-07,0.013463811847182898,0.012688922361317143,0.008520821759795183,0.01346381188278473,1806.3333333333333,2.0894074334803237,0
Accelerometer,Looped,A1,No Leak,0.47 LPS,,4,LO_NL_0.47 LPS_A1,-5.094174765966025e-06,0.013195663038198899,-0.014721796275644511,0.0012563211178768796,0.01319566402149983,1806.6666666666665,2.059221010269484,0
Accelerometer,Looped,A1,No Leak,0.47 LPS,,5,LO_NL_0.47 LPS_A1,-4.361084261033009e-06,0.013161727359453802,-0.003175186653215853,0.03918261326779948,0.013161728081967453,1774.0,2.026894056481035,0
Accelerometer,Looped,A1,No Leak,0.47 LPS,,6,LO_NL_0.47 LPS_A1,-1.1431064808708096e-05,0.013386593503945131,0.03160275817489825,0.00922540862049015,0.013386598384545218,1756.3333333333333,2.0483602014847437,0
Accelerometer,Looped,A1,No Leak,0.47 LPS,,7,LO_NL_0.47 LPS_A1,-1.2299521397085755e-05,0.013417664127228356,0.03921651150373907,-0.032303341288687726,0.013417669764505953,1799.3333333333333,2.0869237148890702,0
Accelerometer,Looped,A1,No Leak,0.47 LPS,,8,LO_NL_0.47 LPS_A1,6.024261323811677e-05,0.01336632194929354,0.03284756017298755,-0.033136524070961126,0.01336645770668564,1779.0,2.0860133644615275,0
Accelerometer,Looped,A1,No Leak,0.47 LPS,,9,LO_NL_0.47 LPS_A1,7.346437862367907e-05,0.013290926104745788,0.03800622967725626,-0.04384925243120552,0.013291129137012386,1812.3333333333333,2.119305343083526,0
Accelerometer,Looped,A2,No Leak,0.47 LPS,,0,LO_NL_0.47 LPS_A2,-2.932039961523973e-05,0.003046185295031404,-0.025462530658181624,-0.12310884121888233,0.0030463264003548866,182.33333333333331,0.5762709433439593,0
Accelerometer,Looped,A2,No Leak,0.47 LPS,,1,LO_NL_0.47 LPS_A2,3.202676443777077e-06,0.0030036947460482977,-0.00043638806666873684,-0.07096349255662426,0.0030036964534677192,486.0,0.5661650977685802,0
Accelerometer,Looped,A2,No Leak,0.47 LPS,,2,LO_NL_0.47 LPS_A2,6.828574719324293e-06,0.003077279577747961,-0.0031140979248570856,0.03389459998495559,0.0030772871541436242,702.6666666666666,0.8301482828995419,0
Accelerometer,Looped,A2,No Leak,0.47 LPS,,3,LO_NL_0.47 LPS_A2,-6.9162492842562135e-06,0.0031090721714624268,-0.007441272877257783,0.03180862613885793,0.0031090798641826897,183.66666666666666,0.5202242279240238,0
Accelerometer,Looped,A2,No Leak,0.47 LPS,,4,LO_NL_0.47 LPS_A2,-4.5163307191041674e-07,0.0030799861484273297,-0.029857044785628246,-0.024891123702580398,0.0030799861815398863,183.66666666666666,0.531743217530049,0
Accelerometer,Looped,A2,No Leak,0.47 LPS,,5,LO_NL_0.47 LPS_A2,4.08079000769991e-06,0.0029892983133816067,-0.049886854547085524,0.01104069036944999,0.002989301098791021,187.33333333333331,0.5579814736310694,0
Accelerometer,Looped,A2,No Leak,0.47 LPS,,6,LO_NL_0.47 LPS_A2,-6.497381712619121e-06,0.0029724303048742225,-0.021126033995480905,0.14106603956489705,0.0029724374061204017,187.33333333333331,0.5327723447231636,0
Accelerometer,Looped,A2,No Leak,0.47 LPS,,7,LO_NL_0.47 LPS_A2,2.434383747232175e-06,0.003041423171851138,-0.0019524080569587562,0.12651440921374446,0.00304142414610282,187.0,0.5184977933158372,0
Accelerometer,Looped,A2,No Leak,0.47 LPS,,8,LO_NL_0.47 LPS_A2,-2.488593404338182e-05,0.0029534100213220635,-0.008762005451701665,0.02472810056265118,0.0029535148660128335,702.6666666666666,0.8933211347779036,0
Accelerometer,Looped,A2,No Leak,0.47 LPS,,9,LO_NL_0.47 LPS_A2,3.891666021877238e-05,0.0029478801294575744,-0.04571414730981658,0.05669240012835619,0.0029481369988678253,702.6666666666666,0.9003089846667418,0
Accelerometer,Looped,A2,No Leak,0.47 LPS,,10,LO_NL_0.47 LPS_A2,0.00010684060141490766,0.0032426206160151862,-0.05577275712802259,0.24559706219122024,0.0032443802757256123,0.6666666666666666,1.0867657385215947,0
Accelerometer,Looped,A1,No Leak,ND,,0,LO_NL_ND_A1,-9.761798744126538e-06,0.0027327684049651547,0.015590929881458321,0.41300905701049384,0.0027327858401072183,117.66666666666666,0.6177003313455263,0
Accelerometer,Looped,A1,No Leak,ND,,1,LO_NL_ND_A1,-1.5599418667072633e-06,0.0025135163919987433,-0.002421505931967416,0.5407498406630356,0.0025135168760652884,117.66666666666666,0.631443115630423,0
Accelerometer,Looped,A1,No Leak,ND,,2,LO_NL_ND_A1,-1.39572429408748e-08,0.0025028834211298346,-0.0349912990320024,0.8247836024388029,0.0025028834211687505,117.66666666666666,0.6382676983862077,0
Accelerometer,Looped,A1,No Leak,ND,,3,LO_NL_ND_A1,6.956111326318409e-08,0.0025917727760225635,-0.02408316675500033,0.8910411760280659,0.0025917727769560455,117.66666666666666,0.6212645528322205,0
Accelerometer,Looped,A1,No Leak,ND,,4,LO_NL_ND_A1,7.201818029499397e-06,0.002467172221139199,0.016489855324734688,1.3414190791645773,0.002467182732377936,117.66666666666666,0.6482771830858352,0
Accelerometer,Looped,A1,No Leak,ND,,5,LO_NL_ND_A1,8.755501905611964e-06,0.002770152362198968,-0.015306656381160083,1.032186261868464,0.0027701661987343178,117.66666666666666,0.6001365156325231,0
Accelerometer,Looped,A1,No Leak,ND,,6,LO_NL_ND_A1,3.287359486233354e-07,0.0027582202826341774,-0.03126737469148569,1.1957007441407939,0.002758220302224223,117.66666666666666,0.6034693146258361,0
Accelerometer,Looped,A1,No Leak,ND,,7,LO_NL_ND_A1,-1.5071093639709362e-06,0.002502521803435023,0.019245373933312503,0.9203698298928611,0.002502522257252933,117.66666666666666,0.6415282318305942,0
Accelerometer,Looped,A1,No Leak,ND,,8,LO_NL_ND_A1,-1.513652061079414e-05,0.0027775816259724786,0.009287981083530345,0.49163204812042816,0.0027776228691447874,117.66666666666666,0.6152720228953087,0
Accelerometer,Looped,A1,No Leak,ND,,9,LO_NL_ND_A1,-2.9753736715110203e-05,0.0029303301375295287,-0.01620474892004973,0.7977758836836069,0.002930481189115934,117.66666666666666,0.6212518800847433,0
Accelerometer,Looped,A2,No Leak,ND,,0,LO_NL_ND_A2,7.448722686115908e-05,0.0016704857895247444,-0.10361068065258998,0.6198994740326689,0.001672145663502308,240.0,0.9931505556044937,0
Accelerometer,Looped,A2,No Leak,ND,,1,LO_NL_ND_A2,6.383139103074128e-06,0.001588420010931281,-0.07326181585075182,0.8209779222554183,0.0015884328363490032,240.0,0.8259825776152114,0
Accelerometer,Looped,A2,No Leak,ND,,2,LO_NL_ND_A2,-7.236710525652533e-07,0.0014832633760558718,-0.04089351311401745,0.5549327037359721,0.0014832635525922069,706.0,1.28080148247853,0
Accelerometer,Looped,A2,No Leak,ND,,3,LO_NL_ND_A2,1.8999863265054245e-06,0.0015184074652525854,-0.022553087640954733,0.7850497378043144,0.0015184086539804832,240.0,0.8121286560327756,0
Accelerometer,Looped,A2,No Leak,ND,,4,LO_NL_ND_A2,1.1145331418750561e-06,0.001648834788842267,0.004886563266189926,0.676357245756944,0.0016488351655276664,240.0,0.7818150876827422,0
Accelerometer,Looped,A2,No Leak,ND,,5,LO_NL_ND_A2,2.7302101211414384e-07,0.0015921215555023877,-0.012370968909540125,0.667796978973286,0.0015921215789115528,240.0,0.7921141544133796,0
Accelerometer,Looped,A2,No Leak,ND,,6,LO_NL_ND_A2,-1.1406184798217276e-06,0.001537046418253836,-0.05920189333657181,0.36293452046927044,0.0015370468414714832,240.0,0.8222590684984445,0
Accelerometer,Looped,A2,No Leak,ND,,7,LO_NL_ND_A2,1.861783075519393e-06,0.0015783939433551162,-0.07788201462319014,0.27479738743414917,0.001578395041381065,240.0,0.8314212861479213,0
Accelerometer,Looped,A2,No Leak,ND,,8,LO_NL_ND_A2,-9.356391853250096e-06,0.0016295393821630073,-0.10125213076982295,0.5348904190235992,0.0016295662429274568,240.0,0.8545674532989312,0
Accelerometer,Looped,A2,No Leak,ND,,9,LO_NL_ND_A2,-1.770890158959296e-05,0.0015727026321547433,-0.12501991307630225,0.7747229342565372,0.0015728023316303825,240.0,0.9122978168043232,0
Accelerometer,Looped,A1,No Leak,Transient,,0,LO_NL_Transient_A1,-0.00014721691429916717,0.013156258923172539,-0.004434775362327938,0.012116010480208939,0.013157082566945184,1844.6666666666665,2.3574707364449154,0
Accelerometer,Looped,A1,No Leak,Transient,,1,LO_NL_Transient_A1,-1.4571011681448435e-05,0.013342983514196754,0.006485610476388666,-0.025531854216755967,0.0133429914702254,1768.6666666666665,2.0514629067643786,0
Accelerometer,Looped,A1,No Leak,Transient,,2,LO_NL_Transient_A1,5.1613567800159875e-06,0.013593587850486805,0.014514160921218317,-0.0140376297019853,0.013593588830345955,1786.3333333333333,2.09112573960215,0
Accelerometer,Looped,A1,No Leak,Transient,,3,LO_NL_Transient_A1,-1.7442388814817918e-06,0.01360041173504801,0.03436605338230783,-0.021522832741712072,0.013600411846896436,1809.6666666666665,2.1126825011335173,0
Accelerometer,Looped,A1,No Leak,Transient,,4,LO_NL_Transient_A1,5.274010290145195e-07,0.013497577573519158,0.019055971800986355,-0.03436473708419108,0.013497577583822928,1759.3333333333333,2.060250759084711,0
Accelerometer,Looped,A1,No Leak,Transient,,5,LO_NL_Transient_A1,5.111373671657998e-05,0.013697689486569376,-0.006271729869203623,-0.0008295694083888527,0.013697784853199963,1777.6666666666665,2.1210091241037126,0
Accelerometer,Looped,A1,No Leak,Transient,,6,LO_NL_Transient_A1,1.364363596229603e-05,0.016392437909286857,-0.17518053601037858,46.114058175141025,0.016392443587172328,240.0,5.143588292563857,0
Accelerometer,Looped,A1,No Leak,Transient,,7,LO_NL_Transient_A1,-4.807911907449585e-05,0.013147500460360574,-0.3322834543104503,113.81490776227625,0.013147588370376996,43.0,11.864396395639663,0
Accelerometer,Looped,A1,No Leak,Transient,,8,LO_NL_Transient_A1,-1.5766253696037595e-05,0.0007192299857099854,-0.04305314116793622,-0.548508192954507,0.0007194027711233768,117.66666666666666,0.9893730878473869,0
Accelerometer,Looped,A1,No Leak,Transient,,9,LO_NL_Transient_A1,-4.2993850590242295e-07,0.0006978680324044665,-0.039041129257363534,-0.5870773945439915,0.0006978681648414696,117.66666666666666,0.9842741183419967,0
Accelerometer,Looped,A2,No Leak,Transient,,0,LO_NL_Transient_A2,1.5571180170618205e-05,0.002873572451336629,0.006040627987128839,-0.055428233278403294,0.00287361463921882,185.0,0.5529602182961709,0
Accelerometer,Looped,A2,No Leak,Transient,,1,LO_NL_Transient_A2,-1.6796807127331428e-05,0.0028346694374286976,-0.03298679881145234,-0.07314279347539765,0.002834719201653314,184.33333333333331,0.5755640402987513,0
Accelerometer,Looped,A2,No Leak,Transient,,2,LO_NL_Transient_A2,-1.9111940720347134e-05,0.002886285463779201,-0.051672955522665265,-0.03851219739035905,0.00288634873927272,702.3333333333333,0.9090624364281429,0
Accelerometer,Looped,A2,No Leak,Transient,,3,LO_NL_Transient_A2,1.937075893965721e-05,0.0029262269901185163,0.0025258493146406665,0.06130042708768135,0.0029262911037694064,702.3333333333333,0.8743380226029608,0
Accelerometer,Looped,A2,No Leak,Transient,,4,LO_NL_Transient_A2,0.00012571803955085478,0.0029526302615956283,0.04563527574046592,-0.009447425934073994,0.0029553054811912046,702.3333333333333,1.2007163745381206,0
Accelerometer,Looped,A2,No Leak,Transient,,5,LO_NL_Transient_A2,4.751041444303011e-05,0.0033176868700567717,-1.3664098399814126,6.3635071584998695,0.0033180270353370613,1.0,5.274655287896573,0
Accelerometer,Looped,A2,No Leak,Transient,,6,LO_NL_Transient_A2,-0.00011599145702548626,0.0026008079332677392,-2.7987996257130128,18.540900843943813,0.0026033931558355344,1.0,10.573972606684608,0
Accelerometer,Looped,A2,No Leak,Transient,,7,LO_NL_Transient_A2,-5.830139586815851e-05,0.000619803278684123,-0.06204691172313368,0.04040845278671101,0.000622539281513837,117.66666666666666,1.0973578795597299,0
Accelerometer,Looped,A2,No Leak,Transient,,8,LO_NL_Transient_A2,3.802370001275185e-07,0.0005896218798112654,0.013973485106084578,-0.04459297582467148,0.0005896220024154005,117.66666666666666,1.0070321969246938,0
Accelerometer,Looped,A2,No Leak,Transient,,9,LO_NL_Transient_A2,-3.3869621937902726e-05,0.0006096842458648504,0.0177035100473412,-0.09341111035055416,0.000610624296065926,117.66666666666666,1.0392757507684218,0
Accelerometer,Looped,A1,Orifice Leak,0.18 LPS,,0,LO_OL_0.18 LPS_A1,-0.0005216083086345719,0.004545749398233958,-0.15762347153077286,0.16756225082763798,0.004575577867240488,0.6666666666666666,3.750980842925908,1
Accelerometer,Looped,A1,Orifice Leak,0.18 LPS,,1,LO_OL_0.18 LPS_A1,-4.561579962607282e-05,0.004264771997023218,0.004441180900643408,0.011453120939920236,0.004265015942264335,235.0,0.5384145637900704,1
Accelerometer,Looped,A1,Orifice Leak,0.18 LPS,,2,LO_OL_0.18 LPS_A1,7.890878498832608e-06,0.004286613078388831,-0.027403952660538317,-0.0023557187502376564,0.004286620341221934,121.66666666666666,0.6309461202936396,1
Accelerometer,Looped,A1,Orifice Leak,0.18 LPS,,3,LO_OL_0.18 LPS_A1,-1.0839874253412513e-06,0.004317566046670577,-0.007042161535141562,-0.030273884282674413,0.004317566182745939,235.0,0.4341737267824755,1
Accelerometer,Looped,A1,Orifice Leak,0.18 LPS,,4,LO_OL_0.18 LPS_A1,-2.165796979967917e-06,0.004287178381294792,0.009038552605781694,-0.024458617308109165,0.004287178928353467,235.0,0.4318272761380665,1
Accelerometer,Looped,A1,Orifice Leak,0.18 LPS,,5,LO_OL_0.18 LPS_A1,2.9115555484422278e-06,0.004253662748582381,-0.01905709077807815,-0.012931134943446665,0.004253663745035934,235.0,0.43526953201684476,1
Accelerometer,Looped,A1,Orifice Leak,0.18 LPS,,6,LO_OL_0.18 LPS_A1,1.9177674088494076e-06,0.004281757560272026,-0.00022207863663631204,0.01433044718209242,0.004281757989748893,117.33333333333333,0.6220628971649422,1
Accelerometer,Looped,A1,Orifice Leak,0.18 LPS,,7,LO_OL_0.18 LPS_A1,-2.0629114996085396e-05,0.004361032483095361,0.03197148881835283,0.14700614332880102,0.004361081274064772,235.0,0.47187645228254804,1
Accelerometer,Looped,A1,Orifice Leak,0.18 LPS,,8,LO_OL_0.18 LPS_A1,5.388494816341414e-05,0.004331323455765006,0.01071516198341381,0.20185106825515353,0.004331658627604291,235.0,0.5615134591061626,1
Accelerometer,Looped,A1,Orifice Leak,0.18 LPS,,9,LO_OL_0.18 LPS_A1,0.0001929818871671044,0.0044115934701857784,-0.01061809799276597,-0.003798000974184923,0.004415812377690019,0.3333333333333333,1.6105735809831645,1
Accelerometer,Looped,A2,Orifice Leak,0.18 LPS,,0,LO_OL_0.18 LPS_A2,9.041344808643088e-05,0.0016138774845625673,-0.03177208473284042,0.018649422477715838,0.0016164080941312058,173.66666666666666,0.9930944492509687,1
Accelerometer,Looped,A2,Orifice Leak,0.18 LPS,,1,LO_OL_0.18 LPS_A2,9.31605425032589e-06,0.0016288566963823766,0.019274766266806062,-0.03962321121480139,0.0016288833372026692,179.66666666666666,0.7786158901571031,1
Accelerometer,Looped,A2,Orifice Leak,0.18 LPS,,2,LO_OL_0.18 LPS_A2,5.391525442014281e-06,0.0015966554974089309,-0.01535209812530238,-0.14703413032038348,0.0015966646003318142,175.66666666666666,0.7783975290458747,1
Accelerometer,Looped,A2,Orifice Leak,0.18 LPS,,3,LO_OL_0.18 LPS_A2,8.47435617868727e-06,0.0014948399979471706,-0.0020612095872550927,-0.048810041690727335,0.001494864018623547,175.66666666666666,0.8009579882415978,1
Accelerometer,Looped,A2,Orifice Leak,0.18 LPS,,4,LO_OL_0.18 LPS_A2,-5.359769771624137e-06,0.001497207033698645,0.034354850113044816,-0.06498120311198274,0.001497216627241596,185.66666666666666,0.8209105178449603,1
Accelerometer,Looped,A2,Orifice Leak,0.18 LPS,,5,LO_OL_0.18 LPS_A2,-5.292909765459995e-06,0.0015604433145798517,0.02416956076784354,0.013368179621881193,0.001560452291135727,174.0,0.7990146917890139,1
Accelerometer,Looped,A2,Orifice Leak,0.18 LPS,,6,LO_OL_0.18 LPS_A2,2.670503128418438e-06,0.0016039857957398894,0.00737517024015385,0.1457307442481106,0.0016039880188213017,184.0,0.7788614556554759,1
Accelerometer,Looped,A2,Orifice Leak,0.18 LPS,,7,LO_OL_0.18 LPS_A2,4.788942210784787e-06,0.0015814331703552997,0.010398548019433518,0.13559800907745645,0.0015814404213461575,171.0,0.7847074708161108,1
Accelerometer,Looped,A2,Orifice Leak,0.18 LPS,,8,LO_OL_0.18 LPS_A2,1.9746502410196822e-06,0.0015562180755159332,0.012110918182985967,-0.02626842141618857,0.0015562193283101481,175.66666666666666,0.7906502437763158,1
Accelerometer,Looped,A2,Orifice Leak,0.18 LPS,,9,LO_OL_0.18 LPS_A2,8.168704921044295e-06,0.0016229460162308959,-0.010691032613930526,-0.05279950005697431,0.0016229665736976293,179.66666666666666,0.7724336281432966,1
Accelerometer,Looped,A2,Orifice Leak,0.18 LPS,,10,LO_OL_0.18 LPS_A2,8.159689075344327e-07,0.0015631224517494056,-0.020536032447541087,0.12493739049114838,0.001563122664722232,178.33333333333331,0.7860059403861555,1
Accelerometer,Looped,A1,Orifice Leak,0.47 LPS,,0,LO_OL_0.47 LPS_A1,-0.002100752113450607,0.011433634515890469,-0.5696968946784615,0.7099074790162319,0.01162502291116577,0.3333333333333333,14.926352393506047,1
Accelerometer,Looped,A1,Orifice Leak,0.47 LPS,,1,LO_OL_0.47 LPS_A1,-0.0001793204025586679,0.00912773777440652,-0.007169885576737181,-0.05487893979307712,0.00912949903801416,117.0,2.0981625408103004,1
Accelerometer,Looped,A1,Orifice Leak,0.47 LPS,,2,LO_OL_0.47 LPS_A1,3.489264933229992e-05,0.00893058613306477,0.003688092524370857,-0.02914310247365881,0.008930654297254271,117.0,1.686334342466624,1
Accelerometer,Looped,A1,Orifice Leak,0.47 LPS,,3,LO_OL_0.47 LPS_A1,-4.509555934106567e-06,0.0088678474252769,-0.01182263872498419,0.00586280808583961,0.008867848571896392,260.3333333333333,1.433134893019548,1
Accelerometer,Looped,A1,Orifice Leak,0.47 LPS,,4,LO_OL_0.47 LPS_A1,4.052995496165806e-06,0.008826079655467948,-0.008816011962945782,0.03737315218854764,0.008826080586049376,117.0,1.6352483218456204,1
Accelerometer,Looped,A1,Orifice Leak,0.47 LPS,,5,LO_OL_0.47 LPS_A1,8.236020081056605e-06,0.008863318070644376,-0.02331138798811938,0.09323840161426,0.008863321897202986,117.0,1.6499423405818656,1
Accelerometer,Looped,A1,Orifice Leak,0.47 LPS,,6,LO_OL_0.47 LPS_A1,4.041706558911945e-06,0.008944538144600932,-0.03720557671995866,0.04864373272766853,0.008944539057749874,117.0,1.6788086775113653,1
Accelerometer,Looped,A1,Orifice Leak,0.47 LPS,,7,LO_OL_0.47 LPS_A1,-2.258731086984335e-06,0.008981106654914157,0.0019072552270201736,0.021134064160567068,0.008981106938947419,117.0,1.6731231446425208,1
Accelerometer,Looped,A1,Orifice Leak,0.47 LPS,,8,LO_OL_0.47 LPS_A1,7.696458779431585e-06,0.00883120479000401,0.028622407845167383,0.0769661009450835,0.00883120814376309,234.0,1.455235386228457,1
Accelerometer,Looped,A1,Orifice Leak,0.47 LPS,,9,LO_OL_0.47 LPS_A1,1.5832962741632238e-05,0.00862949732181025,-0.006130552346044449,0.06635926275501758,0.00862951184655537,117.0,1.5869553184974594,1
Accelerometer,Looped,A2,Orifice Leak,0.47 LPS,,0,LO_OL_0.47 LPS_A2,-0.00010225150482578496,0.002578315742960736,0.005105208273576784,-0.004811589409830841,0.0025803425045211174,194.33333333333331,0.9390045584980847,1
Accelerometer,Looped,A2,Orifice Leak,0.47 LPS,,1,LO_OL_0.47 LPS_A2,-4.334503703106923e-07,0.0025578154267999484,-0.014826837595462976,-0.09871804920431515,0.0025578154635264496,184.66666666666666,0.5922758883135593,1
Accelerometer,Looped,A2,Orifice Leak,0.47 LPS,,2,LO_OL_0.47 LPS_A2,-2.3395947214868748e-06,0.0026483990443041507,-0.035897766715972494,-0.23935431334970403,0.0026484000777024985,177.33333333333331,0.5982546482557906,1
Accelerometer,Looped,A2,Orifice Leak,0.47 LPS,,3,LO_OL_0.47 LPS_A2,-8.725024896588475e-07,0.002599189150934797,-0.03424804370952823,-0.1570373726100831,0.002599189297376731,177.0,0.6015442675600213,1
Accelerometer,Looped,A2,Orifice Leak,0.47 LPS,,4,LO_OL_0.47 LPS_A2,-3.5914318956622512e-06,0.0025478309763566774,-0.03922320751156557,-0.16085003538812703,0.002547833507603211,191.66666666666666,0.6066339953853864,1
Accelerometer,Looped,A2,Orifice Leak,0.47 LPS,,5,LO_OL_0.47 LPS_A2,-2.725065054168914e-06,0.002590099417051698,-0.04975358479232756,-0.2563916505924153,0.002590100850583061,183.0,0.61739094195988,1
Accelerometer,Looped,A2,Orifice Leak,0.47 LPS,,6,LO_OL_0.47 LPS_A2,-2.8699335512117892e-06,0.002551229254561997,-0.01915459612186424,-0.17615381055361112,0.0025512308687869766,189.33333333333331,0.5947125304641694,1
Accelerometer,Looped,A2,Orifice Leak,0.47 LPS,,7,LO_OL_0.47 LPS_A2,3.951426667849924e-06,0.002513799400559211,-0.021754564550196316,-0.11280183912591246,0.0025138025061695996,184.66666666666666,0.6019691368195532,1
Accelerometer,Looped,A2,Orifice Leak,0.47 LPS,,8,LO_OL_0.47 LPS_A2,1.1654731215413777e-05,0.0026058306923403512,-0.005563909101228929,-0.15788444447381167,0.002605856755445836,185.33333333333331,0.5874692356287917,1
Accelerometer,Looped,A2,Orifice Leak,0.47 LPS,,9,LO_OL_0.47 LPS_A2,-3.297763626222693e-05,0.0025639058083430062,0.0003681230263148137,-0.07411057654269326,0.0025641178831224687,185.66666666666666,0.6395840431756477,1
Accelerometer,Looped,A2,Orifice Leak,0.47 LPS,,10,LO_OL_0.47 LPS_A2,-0.00010566868971525159,0.002585213972932548,-0.012423184926372595,-0.001065059892205067,0.002587372636059953,178.33333333333331,0.9565130790307882,1
Accelerometer,Looped,A1,Orifice Leak,ND,,0,LO_OL_ND_A1,6.66542746396671e-05,0.0018116270984562366,0.029253461009263623,0.058958914757929914,0.0018128528721848066,117.66666666666666,0.8762837657915327,1
Accelerometer,Looped,A1,Orifice Leak,ND,,1,LO_OL_ND_A1,4.4575569621890966e-06,0.0017816044567724313,-0.0176637669043434,-0.005999012595775177,0.0017816100331457109,117.66666666666666,0.7519485104445591,1
Accelerometer,Looped,A1,Orifice Leak,ND,,2,LO_OL_ND_A1,-2.4176340983763577e-06,0.001778056112834552,0.016367017532245003,0.0001501475105367689,0.0017780577564699494,117.66666666666666,0.7577326236516356,1
Accelerometer,Looped,A1,Orifice Leak,ND,,3,LO_OL_ND_A1,-1.3128497095726703e-06,0.0018685666283396118,0.052580534862647195,-0.03408285549088186,0.00186856708954183,117.66666666666666,0.7713414826909966,1
Accelerometer,Looped,A1,Orifice Leak,ND,,4,LO_OL_ND_A1,-3.2632776064683173e-06,0.0018559706412065882,0.018609053193450225,-0.020527191486726437,0.0018559735100484411,117.66666666666666,0.7452426654927997,1
Accelerometer,Looped,A1,Orifice Leak,ND,,5,LO_OL_ND_A1,3.547996878268783e-06,0.001788912555971989,-0.04023794029546784,-0.018121967431710573,0.0017889160743858508,117.66666666666666,0.7608045405839586,1
Accelerometer,Looped,A1,Orifice Leak,ND,,6,LO_OL_ND_A1,3.3195933446286513e-06,0.001780147472893317,-0.03718026251824973,-0.08296693313152437,0.001780150568055533,117.66666666666666,0.7611217477709985,1
Accelerometer,Looped,A1,Orifice Leak,ND,,7,LO_OL_ND_A1,6.864029471609993e-07,0.0017853842767906825,-0.024127394061980167,-0.1190782319313679,0.0017853844087367832,117.66666666666666,0.7541266461046724,1
Accelerometer,Looped,A1,Orifice Leak,ND,,8,LO_OL_ND_A1,-1.398074484669472e-05,0.0018030157471275229,-0.008134062568130953,-0.07822643187107037,0.001803069950283762,117.66666666666666,0.7560342880540126,1
Accelerometer,Looped,A1,Orifice Leak,ND,,9,LO_OL_ND_A1,-4.668883636764362e-06,0.0017850660620585073,-0.036461424093175265,-0.10735014204968563,0.0017850721678373343,117.66666666666666,0.7611177105762915,1
Accelerometer,Looped,A2,Orifice Leak,ND,,0,LO_OL_ND_A2,-0.0002546088410425655,0.0019326882436447469,-0.3442616970830306,0.45755241076596276,0.0019493869572405713,706.3333333333333,2.450547834363686,1
Accelerometer,Looped,A2,Orifice Leak,ND,,1,LO_OL_ND_A2,-2.0970377444332334e-05,0.001668310333843452,0.01861256107904266,-0.03628569645327495,0.0016684421256786249,706.3333333333333,1.2434697811339892,1
Accelerometer,Looped,A2,Orifice Leak,ND,,2,LO_OL_ND_A2,4.091354600535018e-06,0.0017921515357152606,-0.011963968104998458,0.3546553859373014,0.0017921562058450806,706.3333333333333,1.1890570348471752,1
Accelerometer,Looped,A2,Orifice Leak,ND,,3,LO_OL_ND_A2,-2.8988150107408566e-06,0.0017661844157488887,-0.019470138082979788,0.4075896704595765,0.0017661867946405644,706.3333333333333,1.199448681026263,1
Accelerometer,Looped,A2,Orifice Leak,ND,,4,LO_OL_ND_A2,-1.345764187855549e-06,0.0016797105912503948,-0.003043860578246732,-0.01501967466159515,0.0016797111303554551,706.3333333333333,1.2154777144829116,1
Accelerometer,Looped,A2,Orifice Leak,ND,,5,LO_OL_ND_A2,7.3080676383791295e-06,0.001789563115923871,-0.01514925148700285,-0.10479665442720565,0.0017895780378982531,706.3333333333333,1.179407991139336,1
Accelerometer,Looped,A2,Orifice Leak,ND,,6,LO_OL_ND_A2,5.831448045203015e-07,0.0017588057542814361,0.0025792257854000446,-0.040130072170481146,0.0017588058509543781,706.3333333333333,1.1937873621879052,1
Accelerometer,Looped,A2,Orifice Leak,ND,,7,LO_OL_ND_A2,-2.5977330970087806e-06,0.0017417303186455038,0.004978827875989896,-0.026500010126742524,0.0017417322558608745,706.3333333333333,1.2010229112827222,1
Accelerometer,Looped,A2,Orifice Leak,ND,,8,LO_OL_ND_A2,-2.3549773395030435e-06,0.0017774398853270005,0.0011803141251469059,-0.07132114583983906,0.0017774414454123462,706.3333333333333,1.1890542194372447,1
Accelerometer,Looped,A2,Orifice Leak,ND,,9,LO_OL_ND_A2,-1.3450009026838384e-05,0.0017810944755541137,0.024119848738226556,-0.049185172094977414,0.0017811452589814806,181.66666666666666,0.7584982271907039,1
Accelerometer,Looped,A1,Orifice Leak,Transient,,0,LO_OL_Transient_A1,0.0007761341032422983,0.01068386154647042,0.004208994249735278,0.05634952762900758,0.010712015762234716,0.3333333333333333,5.9780079032180495,1
Accelerometer,Looped,A1,Orifice Leak,Transient,,1,LO_OL_Transient_A1,4.6375175311724734e-05,0.010109880077791436,-0.008433426911934376,-0.010653497073406903,0.010109986441346464,1866.0,1.9590318911023252,1
Accelerometer,Looped,A1,Orifice Leak,Transient,,2,LO_OL_Transient_A1,-8.791286919186995e-06,0.01037747554517513,0.009514400502639053,-0.04413614932107457,0.010377479268947424,1812.0,1.876970246675445,1
Accelerometer,Looped,A1,Orifice Leak,Transient,,3,LO_OL_Transient_A1,1.5111957664063506e-05,0.010312030554422789,-0.00995333747522212,-0.048574516302203996,0.010312041627467065,1820.3333333333333,1.880517449992117,1
Accelerometer,Looped,A1,Orifice Leak,Transient,,4,LO_OL_Transient_A1,6.161330433555195e-06,0.010250628142369374,-0.010212822972935144,-0.0019376971583993097,0.010250629994060255,1794.6666666666665,1.8449120891439568,1
Accelerometer,Looped,A1,Orifice Leak,Transient,,5,LO_OL_Transient_A1,-6.303460123035038e-06,0.010384448828400984,0.014603086918353082,0.005606876304580233,0.01038445074153121,1794.6666666666665,1.8524295329907141,1
Accelerometer,Looped,A1,Orifice Leak,Transient,,6,LO_OL_Transient_A1,-8.00947289141807e-06,0.009161239825726279,0.015923098251904123,0.7685008389700752,0.009161243326979656,1772.0,1.8429895893818757,1
Accelerometer,Looped,A1,Orifice Leak,Transient,,7,LO_OL_Transient_A1,6.561543945247314e-06,0.005597288662912564,0.008587609243712902,6.427170651517011,0.005597292508867878,101.33333333333333,0.8764054104192922,1
Accelerometer,Looped,A1,Orifice Leak,Transient,,8,LO_OL_Transient_A1,-1.057944918367855e-05,0.001637997819288596,-0.08594382164443631,-0.006267720021382761,0.0016380319840403684,117.66666666666666,0.8381697459948433,1
Accelerometer,Looped,A1,Orifice Leak,Transient,,9,LO_OL_Transient_A1,1.757899909899127e-05,0.0016530118749561067,-0.01958321324962578,0.16760959682969867,0.0016531053444820828,117.66666666666666,0.7824530081978786,1
Accelerometer,Looped,A1,Orifice Leak,Transient,,10,LO_OL_Transient_A1,1.993088125677313e-05,0.001810639895443901,-0.05290583254316077,0.2344826372055735,0.0018107495881542462,0.6666666666666666,0.8449827586210702,1
Accelerometer,Looped,A2,Orifice Leak,Transient,,0,LO_OL_Transient_A2,-0.00011155795973090484,0.002540720143370878,-0.017920123926707655,-0.023554818227122798,0.0025431681079531206,702.0,1.2852192075236972,1
Accelerometer,Looped,A2,Orifice Leak,Transient,,1,LO_OL_Transient_A2,-5.277103161229114e-06,0.0024901149698130084,-0.02087648232221162,-0.04667954638105076,0.0024901205614798277,702.0,0.9886986780109933,1
Accelerometer,Looped,A2,Orifice Leak,Transient,,2,LO_OL_Transient_A2,6.279699911664258e-06,0.0024969797501048527,-0.015489084232772989,-0.046233656395811895,0.0024969876465582835,702.0,0.9819051580435127,1
Accelerometer,Looped,A2,Orifice Leak,Transient,,3,LO_OL_Transient_A2,2.545628283421803e-06,0.002497503271047543,-0.01088613880286751,-0.018402110448771936,0.0024975045683875204,702.0,0.9832768573828907,1
Accelerometer,Looped,A2,Orifice Leak,Transient,,4,LO_OL_Transient_A2,-3.759169828902698e-05,0.002563477250129441,-0.00781640308423262,-0.06359687684942283,0.002563752864008435,702.0,1.018059037180067,1
Accelerometer,Looped,A2,Orifice Leak,Transient,,5,LO_OL_Transient_A2,-0.0001221859712287304,0.0026925004648999298,-0.1288274564100471,-0.06626500576132477,0.0026952714455229635,702.0,1.3578089688330464,1
Accelerometer,Looped,A2,Orifice Leak,Transient,,6,LO_OL_Transient_A2,6.803253396259248e-06,0.0022846778367846964,-0.3770107550506231,0.5856613784042408,0.0022846879660364944,0.6666666666666666,1.6375330229687317,1
Accelerometer,Looped,A2,Orifice Leak,Transient,,7,LO_OL_Transient_A2,0.00011699458266817696,0.0016911198622839884,-0.16473039073640275,-0.22106495064504683,0.0016951619748522902,705.3333333333333,1.5495720032689138,1
Accelerometer,Looped,A2,Orifice Leak,Transient,,8,LO_OL_Transient_A2,3.399220935177146e-05,0.0016646681393069867,-0.001715187558532329,-0.1911746299525272,0.0016650151603875563,705.3333333333333,1.223032201878784,1
Accelerometer,Looped,A2,Orifice Leak,Transient,,9,LO_OL_Transient_A2,-1.389355912126326e-05,0.0016277991302215146,0.008350686138264164,-0.22071884298002908,0.0016278584211579874,705.6666666666666,1.2372508571017877,1
Accelerometer,Looped,A2,Orifice Leak,Transient,,10,LO_OL_Transient_A2,-7.157799753122677e-05,0.0016809031996050906,0.015369720457130694,-0.19786865813753662,0.0016824265143456374,705.3333333333333,1.3445136294680187,1
Accelerometer,Branched,A1,Circumferential Crack,0.18 LPS,,0,BR_CC_0.18 LPS_A1,-0.0005775434368028651,0.005708837542093754,-0.06435350236021899,0.04693611024960198,0.005737977213566913,0.3333333333333333,4.153468622498985,1
Accelerometer,Branched,A1,Circumferential Crack,0.18 LPS,,1,BR_CC_0.18 LPS_A1,-5.418501036875762e-05,0.005434637755633163,0.010821296286489803,0.07238413035998059,0.0054349078695321166,219.0,0.7270781872683818,1
Accelerometer,Branched,A1,Circumferential Crack,0.18 LPS,,2,BR_CC_0.18 LPS_A1,1.4889972724378246e-05,0.0054982238446945695,0.012906008252952367,0.08864612319101539,0.005498244006740303,220.0,0.6410728461575748,1
Accelerometer,Branched,A1,Circumferential Crack,0.18 LPS,,3,BR_CC_0.18 LPS_A1,1.9836295273023696e-06,0.005539454589292515,0.0154757525773665,0.0781125133127536,0.005539454944452568,214.33333333333331,0.6517609580480551,1
Accelerometer,Branched,A1,Circumferential Crack,0.18 LPS,,4,BR_CC_0.18 LPS_A1,-9.075651495284421e-07,0.005533249338870703,0.02761062038007628,0.09409053812787649,0.00553324941330025,213.33333333333331,0.6554688614555919,1
Accelerometer,Branched,A1,Circumferential Crack,0.18 LPS,,5,BR_CC_0.18 LPS_A1,-2.2680506959750695e-06,0.005441145479301612,0.00508244823903694,0.05997357629144551,0.005441145952001135,213.33333333333331,0.6332277598811977,1
Accelerometer,Branched,A1,Circumferential Crack,0.18 LPS,,6,BR_CC_0.18 LPS_A1,8.03514981338523e-07,0.005319938777509149,-0.025612004152075943,-0.03127545062386039,0.005319938838189953,227.33333333333331,0.6024451985285332,1
Accelerometer,Branched,A1,Circumferential Crack,0.18 LPS,,7,BR_CC_0.18 LPS_A1,7.64653757850731e-06,0.005281146476595046,-0.0015865189069113063,-0.012311732075959814,0.005281152012278117,212.0,0.6111249524299875,1
Accelerometer,Branched,A1,Circumferential Crack,0.18 LPS,,8,BR_CC_0.18 LPS_A1,-2.7468390919841764e-05,0.005278726360027751,0.02072112095478149,0.06839045662245358,0.0052787978268306075,213.0,0.6343547847409396,1
Accelerometer,Branched,A1,Circumferential Crack,0.18 LPS,,9,BR_CC_0.18 LPS_A1,4.725379141958577e-05,0.005240285584712373,0.017147636496071907,0.04894230958707846,0.005240498633732082,220.66666666666666,0.6697088586982403,1
Accelerometer,Branched,A1,Circumferential Crack,0.18 LPS,,10,BR_CC_0.18 LPS_A1,0.00013395967767945626,0.005414791863056328,0.03638157510771706,0.016961241180088127,0.005416448662681574,0.6666666666666666,1.3907533146323603,1
Accelerometer,Branched,A2,Circumferential Crack,0.18 LPS,,0,BR_CC_0.18 LPS_A2,6.346481374557058e-05,0.0011307480206680042,-0.02307640095121565,-0.052406850587311204,0.001132527645944402,428.66666666666663,1.1036154677574928,1
Accelerometer,Branched,A2,Circumferential Crack,0.18 LPS,,1,BR_CC_0.18 LPS_A2,-7.532416900022703e-06,0.0011267764054295124,-0.013973527399202419,0.026775460670084072,0.001126801581973068,428.66666666666663,1.0369803205366908,1
Accelerometer,Branched,A2,Circumferential Crack,0.18 LPS,,2,BR_CC_0.18 LPS_A2,7.118146795634014e-06,0.0011488959476687072,-0.04861991652224319,0.0392768162662418,0.0011489179981980355,430.66666666666663,1.035455144371872,1
Accelerometer,Branched,A2,Circumferential Crack,0.18 LPS,,3,BR_CC_0.18 LPS_A2,-3.0306155808777925e-06,0.0011658203987021925,-0.06934729975322178,0.03112305057267628,0.0011658243378232151,430.3333333333333,1.044829194351356,1
Accelerometer,Branched,A2,Circumferential Crack,0.18 LPS,,4,BR_CC_0.18 LPS_A2,-3.9473379212489965e-06,0.0011687352984605345,-0.008685164786434722,0.002260534408963011,0.0011687419643977447,427.0,1.0215705995614792,1
Accelerometer,Branched,A2,Circumferential Crack,0.18 LPS,,5,BR_CC_0.18 LPS_A2,5.395567897216692e-06,0.001141128670755132,0.04030190304412964,-0.0008419120794718182,0.001141141426542875,271.0,0.9351512899330563,1
Accelerometer,Branched,A2,Circumferential Crack,0.18 LPS,,6,BR_CC_0.18 LPS_A2,4.3651777158923027e-07,0.0011132640865331488,0.018237491773732004,0.0001562686053957485,0.001113264172113812,271.0,0.9281039001191667,1
Accelerometer,Branched,A2,Circumferential Crack,0.18 LPS,,7,BR_CC_0.18 LPS_A2,3.7046374073934895e-06,0.0011452630787185222,-0.009512797274677715,0.004443957272147969,0.0011452690704869964,273.0,0.9120606933046891,1
Accelerometer,Branched,A2,Circumferential Crack,0.18 LPS,,8,BR_CC_0.18 LPS_A2,-1.1371765997730462e-05,0.0011323630418603255,-0.023861323944220046,-0.008195009264695408,0.0011324201409517037,273.66666666666663,0.9233970415509262,1
Accelerometer,Branched,A2,Circumferential Crack,0.18 LPS,,9,BR_CC_0.18 LPS_A2,-3.849464932898818e-07,0.0011081502112864309,0.018985384996942217,-0.04627827311050048,0.0011081502781473116,706.0,1.3792277937632766,1
Accelerometer,Branched,A1,Circumferential Crack,0.47 LPS,,0,BR_CC_0.47 LPS_A1,-6.990732018236895e-05,0.012890295325441236,-0.008847323219284322,0.028879652808415646,0.012890484886555172,1912.3333333333333,2.19468014235929,1
Accelerometer,Branched,A1,Circumferential Crack,0.47 LPS,,1,BR_CC_0.47 LPS_A1,-3.811395867831287e-06,0.012923948435563262,0.012883240639641342,0.05170389898151706,0.012923948997571778,1881.3333333333333,2.0941581860347585,1
Accelerometer,Branched,A1,Circumferential Crack,0.47 LPS,,2,BR_CC_0.47 LPS_A1,-6.1144403418997065e-06,0.01266861760762744,0.013119726617951065,0.014694671778603396,0.012668619083178272,1878.3333333333333,2.0690936061408967,1
Accelerometer,Branched,A1,Circumferential Crack,0.47 LPS,,3,BR_CC_0.47 LPS_A1,3.782174444164861e-07,0.012643509723439802,0.0005660555397631072,-0.01703843753595935,0.01264350972909679,1882.0,2.0681848410081365,1
Accelerometer,Branched,A1,Circumferential Crack,0.47 LPS,,4,BR_CC_0.47 LPS_A1,5.538458455037821e-06,0.012807211858486836,0.011305982429628545,0.046567653336764714,0.012807213056035568,1876.0,2.0754465832365048,1
Accelerometer,Branched,A1,Circumferential Crack,0.47 LPS,,5,BR_CC_0.47 LPS_A1,-2.0075445760027378e-06,0.012853045907514021,-0.007643475963184494,0.07972847832603458,0.012853046064295347,1777.3333333333333,1.9915253041367296,1
Accelerometer,Branched,A1,Circumferential Crack,0.47 LPS,,6,BR_CC_0.47 LPS_A1,2.681728698455821e-06,0.012752170918807577,-0.006625251270645922,0.06043104901105689,0.01275217120078579,1910.0,2.1052025171201167,1
Accelerometer,Branched,A1,Circumferential Crack,0.47 LPS,,7,BR_CC_0.47 LPS_A1,-5.050987010705286e-06,0.012813867268367671,-0.015241268521819713,0.027314210484957968,0.012813868263869977,1890.0,2.0938771725199925,1
Accelerometer,Branched,A1,Circumferential Crack,0.47 LPS,,8,BR_CC_0.47 LPS_A1,-3.6990178657759736e-06,0.012724690684964313,-0.012800260297157414,0.02922631466109893,0.012724691222609323,1816.3333333333333,2.0138545217345616,1
Accelerometer,Branched,A1,Circumferential Crack,0.47 LPS,,9,BR_CC_0.47 LPS_A1,0.00010084901923359434,0.012776267870532185,0.014297828452508956,0.03843461913044521,0.012776665888418363,1881.0,2.16796421652626,1
Accelerometer,Branched,A2,Circumferential Crack,0.47 LPS,,0,BR_CC_0.47 LPS_A2,8.925974939865677e-05,0.0013161096183593815,0.002421172981078938,-0.10225506288587738,0.0013191329843502465,702.3333333333333,1.4161432156548588,1
Accelerometer,Branched,A2,Circumferential Crack,0.47 LPS,,1,BR_CC_0.47 LPS_A2,-5.542415175356395e-06,0.0013160437359934839,-0.041646781551425184,-0.0761251662473823,0.001316055406665564,702.3333333333333,1.311169518597024,1
Accelerometer,Branched,A2,Circumferential Crack,0.47 LPS,,2,BR_CC_0.47 LPS_A2,-5.85749020486789e-06,0.001308786821805818,-0.043285785102858645,-0.055598827154567765,0.0013087999293719703,702.3333333333333,1.3140824894831133,1
Accelerometer,Branched,A2,Circumferential Crack,0.47 LPS,,3,BR_CC_0.47 LPS_A2,1.7502413266478997e-05,0.0012906592688572082,-0.00920334572461161,-0.05745972735379823,0.001290777937043074,702.3333333333333,1.3131938501873675,1
Accelerometer,Branched,A2,Circumferential Crack,0.47 LPS,,4,BR_CC_0.47 LPS_A2,3.1529109356421563e-06,0.0013075593388955867,-0.05396507886835739,-0.09582200479417047,0.001307563140188814,702.3333333333333,1.3135198337894234,1
Accelerometer,Branched,A2,Circumferential Crack,0.47 LPS,,5,BR_CC_0.47 LPS_A2,-1.8856323912821523e-05,0.001320104808954006,-0.07883093840857343,-0.05117569313373016,0.0013202394735709875,702.3333333333333,1.336632005808726,1
Accelerometer,Branched,A2,Circumferential Crack,0.47 LPS,,6,BR_CC_0.47 LPS_A2,-1.0749889022608917e-05,0.0013158656387981958,-0.07367841960298413,-0.013013113020596379,0.0013159095483671291,702.3333333333333,1.3284373520921675,1
Accelerometer,Branched,A2,Circumferential Crack,0.47 LPS,,7,BR_CC_0.47 LPS_A2,1.0769941151597305e-05,0.0013093671059912753,-0.03849364105143031,-0.09335696761088164,0.0013094113982566275,702.3333333333333,1.307770602789658,1
Accelerometer,Branched,A2,Circumferential Crack,0.47 LPS,,8,BR_CC_0.47 LPS_A2,3.6652665328632697e-06,0.001327483811243834,0.05702539548531461,-0.030772637891699706,0.001327488871250231,702.6666666666666,1.3387266530454822,1
Accelerometer,Branched,A2,Circumferential Crack,0.47 LPS,,9,BR_CC_0.47 LPS_A2,2.5272455324098878e-05,0.0013754526429815878,0.047617279939434334,0.002911368374098444,0.0013756848004114692,702.6666666666666,1.3196584931951947,1
Accelerometer,Branched,A1,Circumferential Crack,ND,,0,BR_CC_ND_A1,-7.590504763520356e-05,0.0010290408447338577,-0.06723666675410843,-0.12721169056422932,0.0010318365356911307,117.66666666666666,1.0747889849188301,1
Accelerometer,Branched,A1,Circumferential Crack,ND,,1,BR_CC_ND_A1,-4.187294574862069e-06,0.0010152286152537709,-0.014805908642684043,-0.10105736279374611,0.0010152372504326,117.66666666666666,0.9071163017338933,1
Accelerometer,Branched,A1,Circumferential Crack,ND,,2,BR_CC_ND_A1,3.32162066174508e-06,0.001010158748964421,-0.01391086512382457,-0.0798071156780682,0.0010101642100535857,117.66666666666666,0.9066906830151192,1
Accelerometer,Branched,A1,Circumferential Crack,ND,,3,BR_CC_ND_A1,-9.356042624127932e-07,0.0010062919226031572,-0.021999874276163577,-0.09091139368226386,0.0010062923575441156,117.66666666666666,0.9090544128264676,1
Accelerometer,Branched,A1,Circumferential Crack,ND,,4,BR_CC_ND_A1,-2.2538628405082244e-06,0.001001358095311225,-0.023319922535635328,0.001094796888740479,0.0010013606318120501,117.66666666666666,0.910681150919746,1
Accelerometer,Branched,A1,Circumferential Crack,ND,,5,BR_CC_ND_A1,7.269776784030151e-07,0.0010203768633857487,-0.01830511820728471,0.03942815314546655,0.0010203771223569664,117.66666666666666,0.9051227637785595,1
Accelerometer,Branched,A1,Circumferential Crack,ND,,6,BR_CC_ND_A1,1.7883575729344679e-06,0.0010580027596265116,-0.02530772659659215,0.019066392519226927,0.0010580042710689418,117.66666666666666,0.898168604098462,1
Accelerometer,Branched,A1,Circumferential Crack,ND,,7,BR_CC_ND_A1,3.4536040412882538e-06,0.0010759628343436096,-0.045879918188305925,-0.1053445328089131,0.0010759683769840116,117.66666666666666,0.9036797530882433,1
Accelerometer,Branched,A1,Circumferential Crack,ND,,8,BR_CC_ND_A1,3.006292424561235e-06,0.001038432248908158,-0.03048818261478153,-0.14641581863800823,0.00103843660055229,117.66666666666666,0.9042428639095369,1
Accelerometer,Branched,A1,Circumferential Crack,ND,,9,BR_CC_ND_A1,7.482407543264724e-06,0.0010311815852984102,0.005548042766480211,-0.0763922619329751,0.0010312087316742358,117.66666666666666,0.9042136025673269,1
Accelerometer,Branched,A1,Circumferential Crack,ND,,10,BR_CC_ND_A1,1.825999031570234e-05,0.001063984016092837,0.054428975828318044,-0.1307375291987638,0.0010641406926470635,117.66666666666666,0.9323887483406742,1
Accelerometer,Branched,A2,Circumferential Crack,ND,,0,BR_CC_ND_A2,8.209199654387258e-05,0.0014998805285297504,-0.009964235343590222,-0.03825949495353553,0.0015021253928215322,706.6666666666666,1.3567221160644347,1
Accelerometer,Branched,A2,Circumferential Crack,ND,,1,BR_CC_ND_A2,2.1834009019335823e-05,0.0014621284870590901,-0.01218354413879068,-0.11880369916365163,0.0014622915019309797,706.6666666666666,1.2720136026238809,1
Accelerometer,Branched,A2,Circumferential Crack,ND,,2,BR_CC_ND_A2,-3.2148605839656876e-06,0.0014862152767262959,-0.004952147883908185,-0.16891092214346415,0.0014862187537853214,706.6666666666666,1.2666718643862007,1
Accelerometer,Branched,A2,Circumferential Crack,ND,,3,BR_CC_ND_A2,-1.016463975211294e-06,0.0015367545592253028,-0.02023058903464615,-0.14141663512863412,0.00153675489538793,706.6666666666666,1.2507628625412521,1
Accelerometer,Branched,A2,Circumferential Crack,ND,,4,BR_CC_ND_A2,-7.679879975970508e-06,0.0015391963729657412,-0.01579688080304691,-0.08632708988772908,0.0015392155323759368,706.6666666666666,1.2550658794170482,1
Accelerometer,Branched,A2,Circumferential Crack,ND,,5,BR_CC_ND_A2,-8.262722310110012e-06,0.0015231381434063452,0.026589572578655282,-0.06262932520914344,0.0015231605550562626,706.6666666666666,1.2742507821448774,1
Accelerometer,Branched,A2,Circumferential Crack,ND,,6,BR_CC_ND_A2,1.2912037360609472e-05,0.0015654223699400303,0.00945675387138514,-0.06509975778487753,0.0015654756200648619,706.6666666666666,1.2469488609758972,1
Accelerometer,Branched,A2,Circumferential Crack,ND,,7,BR_CC_ND_A2,7.3803588383813e-06,0.0015182808917985492,0.03073473524897975,-0.05077769555953893,0.0015182988296436183,706.6666666666666,1.270750261404428,1
Accelerometer,Branched,A2,Circumferential Crack,ND,,8,BR_CC_ND_A2,-2.503388883674674e-05,0.001506477913324845,0.012964006927080395,-0.11045680733832786,0.0015066858992258039,706.6666666666666,1.289050401314316,1
Accelerometer,Branched,A2,Circumferential Crack,ND,,9,BR_CC_ND_A2,-4.656869746252383e-05,0.0015566172246375778,-0.030905976724998025,-0.1587429386726753,0.001557313657431203,706.6666666666666,1.3042189629340954,1
Accelerometer,Branched,A2,Circumferential Crack,ND,,10,BR_CC_ND_A2,-1.3879208503256388e-05,0.0015714788655742387,-0.06447380535147072,-0.11265594391722722,0.001571540154553861,706.6666666666666,1.261520814689504,1
Accelerometer,Branched,A1,Circumferential Crack,Transient,,0,BR_CC_Transient_A1,-0.000631669290586007,0.01329102125346515,-0.0023071110341454683,-0.01483724007989684,0.013306023149413645,0.6666666666666666,5.278407927294642,1
Accelerometer,Branched,A1,Circumferential Crack,Transient,,1,BR_CC_Transient_A1,-4.9991913153233045e-05,0.01319945105671057,-0.01833459188409653,-0.014567204832643732,0.013199545726648266,1819.6666666666665,2.1102608782687313,1
Accelerometer,Branched,A1,Circumferential Crack,Transient,,2,BR_CC_Transient_A1,1.0640550936118829e-05,0.013236697418640787,-0.03199300283028948,-0.031048490367429515,0.013236701695436667,1888.6666666666665,2.135721523360738,1
Accelerometer,Branched,A1,Circumferential Crack,Transient,,3,BR_CC_Transient_A1,-4.166186299054889e-06,0.013426702497209876,-0.03032862400167421,-0.04804665222237903,0.013426703143575127,1829.0,2.109148836972299,1
Accelerometer,Branched,A1,Circumferential Crack,Transient,,4,BR_CC_Transient_A1,-7.089920347111307e-06,0.013301802356897227,-0.007240035040646943,-0.022203936293659687,0.013301804246376774,1862.0,2.1181462553258004,1
Accelerometer,Branched,A1,Circumferential Crack,Transient,,5,BR_CC_Transient_A1,6.170836039203345e-06,0.012937075146344769,-0.01963728849687433,0.03719768490856934,0.01293707661805359,113.66666666666666,2.771270475804641,1
Accelerometer,Branched,A1,Circumferential Crack,Transient,,6,BR_CC_Transient_A1,2.3124631915273798e-05,0.013222403426499186,-0.04049312963083927,0.03192992145588125,0.01322242364779236,1930.0,2.1760937602083965,1
Accelerometer,Branched,A1,Circumferential Crack,Transient,,7,BR_CC_Transient_A1,1.8526056216479289e-07,0.012705204222299113,-0.4519217665741082,20.40360240980507,0.0127052042236498,41.0,3.2274430240553125,1
Accelerometer,Branched,A1,Circumferential Crack,Transient,,8,BR_CC_Transient_A1,-1.6201944753442293e-05,0.008442131291544887,-1.4551811049786536,107.41311505335017,0.00844214683873096,41.0,11.548297353765035,1
Accelerometer,Branched,A1,Circumferential Crack,Transient,,9,BR_CC_Transient_A1,-7.526229046626109e-06,0.0007793102735159145,-0.034520781170843395,0.06556484552033437,0.0007793466151406008,117.66666666666666,0.9652010823119166,1
Accelerometer,Branched,A1,Circumferential Crack,Transient,,10,BR_CC_Transient_A1,-1.6353485611738336e-05,0.0007741605532139135,-0.04089180001863147,-0.0027702538816636313,0.0007743332607115142,117.66666666666666,0.9751451636765562,1
Accelerometer,Branched,A2,Circumferential Crack,Transient,,0,BR_CC_Transient_A2,0.0001099095070013602,0.0015253431938098774,0.0007048363263469449,-0.15796120497114385,0.00152929786458734,702.6666666666666,1.4274543616625612,1
Accelerometer,Branched,A2,Circumferential Crack,Transient,,1,BR_CC_Transient_A2,1.704716338805711e-05,0.0015096476469302477,-0.010105346374767694,-0.13003523214437873,0.001509743893401001,702.6666666666666,1.251681455782143,1
Accelerometer,Branched,A2,Circumferential Crack,Transient,,2,BR_CC_Transient_A2,-2.261549432835142e-06,0.001524972872441657,-0.0303274887188664,-0.14007076109382766,0.0015249745493905122,702.6666666666666,1.2495694303738127,1
Accelerometer,Branched,A2,Circumferential Crack,Transient,,3,BR_CC_Transient_A2,-2.0660111426791803e-05,0.0015052663300459933,-0.049957740431479616,-0.13966911991700837,0.0015054081056558386,702.6666666666666,1.2741205230738617,1
Accelerometer,Branched,A2,Circumferential Crack,Transient,,4,BR_CC_Transient_A2,1.5062836535561244e-05,0.0015973355812228015,0.031060827638272982,0.02152034960801652,0.0015974066007391112,702.3333333333333,1.2446175001196433,1
Accelerometer,Branched,A2,Circumferential Crack,Transient,,5,BR_CC_Transient_A2,7.611080667812499e-05,0.0017097373311449492,-0.02309503185379186,0.011526522016107599,0.001711430570138283,702.3333333333333,1.2847363712840445,1
Accelerometer,Branched,A2,Circumferential Crack,Transient,,6,BR_CC_Transient_A2,3.613857687949197e-05,0.002249502119440725,-0.8724496367382354,1.273192618984769,0.002249792386445289,1.0,3.4734826653826416,1
Accelerometer,Branched,A2,Circumferential Crack,Transient,,7,BR_CC_Transient_A2,-6.004215775926055e-05,0.002223133591791343,-0.8165046427493905,1.253297288967655,0.00222394425012397,1.0,3.231890901321853,1
Accelerometer,Branched,A2,Circumferential Crack,Transient,,8,BR_CC_Transient_A2,-6.699706917967628e-05,0.0015758127647551843,0.02250080947277983,0.010581169784627864,0.0015772363414669486,706.0,1.3665756617146927,1
Accelerometer,Branched,A2,Circumferential Crack,Transient,,9,BR_CC_Transient_A2,-4.627811311616117e-06,0.0015036776189232502,-0.017188715927237894,0.027229086335754715,0.0015036847403256549,706.0,1.2640795766925648,1
Accelerometer,Branched,A2,Circumferential Crack,Transient,,10,BR_CC_Transient_A2,2.7384378916791516e-05,0.0014401644946984455,-0.044174908925202955,0.07963484741242954,0.001440424824834218,706.0,1.287772003544025,1
Accelerometer,Branched,A1,Gasket Leak,0.18 LPS,,0,BR_GL_0.18 LPS_A1,-0.0006459986828954936,0.005963480069395492,-0.13690951354620798,0.10708410951866165,0.005998367180856802,0.3333333333333333,4.635626291675134,1
Accelerometer,Branched,A1,Gasket Leak,0.18 LPS,,1,BR_GL_0.18 LPS_A1,-5.812612938488473e-05,0.00564972024892705,-0.012459083749469217,0.06063624625099573,0.0056500192511223886,393.66666666666663,0.5617058193261917,1
Accelerometer,Branched,A1,Gasket Leak,0.18 LPS,,2,BR_GL_0.18 LPS_A1,1.5187601382616476e-05,0.00566645816102978,-0.010130084627164708,0.07753859882101732,0.0056664785143805815,393.66666666666663,0.395372020048083,1
Accelerometer,Branched,A1,Gasket Leak,0.18 LPS,,3,BR_GL_0.18 LPS_A1,-1.2696176003129732e-06,0.005583813659548807,-0.047499780512849206,0.1176712576298935,0.005583813803888225,1822.0,2.3012032366730604,1
Accelerometer,Branched,A1,Gasket Leak,0.18 LPS,,4,BR_GL_0.18 LPS_A1,-3.944373350454827e-06,0.005498898104362135,-0.04929988600182264,0.12001145108732647,0.005498899519016383,1811.6666666666665,2.2978438641043066,1
Accelerometer,Branched,A1,Gasket Leak,0.18 LPS,,5,BR_GL_0.18 LPS_A1,8.755548410918199e-07,0.005642140669105444,-0.027099962430308384,0.023146062293562863,0.005642140737040322,1814.3333333333333,2.274030773679466,1
Accelerometer,Branched,A1,Gasket Leak,0.18 LPS,,6,BR_GL_0.18 LPS_A1,6.646956610129098e-06,0.005777337546229425,-0.04175863607691152,0.007097947332874721,0.005777341369964596,1818.6666666666665,2.258973087030037,1
Accelerometer,Branched,A1,Gasket Leak,0.18 LPS,,7,BR_GL_0.18 LPS_A1,1.0145143622518706e-05,0.005678005562153376,-0.050887379553735936,0.11089831171087727,0.00567801462553451,1818.3333333333333,2.2763817690282027,1
Accelerometer,Branched,A1,Gasket Leak,0.18 LPS,,8,BR_GL_0.18 LPS_A1,-9.57489897141301e-05,0.005658895426397682,-0.0679442086282747,0.10625887994588368,0.0056597054089356875,1805.3333333333333,2.393950014124295,1
Accelerometer,Branched,A1,Gasket Leak,0.18 LPS,,9,BR_GL_0.18 LPS_A1,9.952854818581907e-05,0.005826256697234181,-0.04681099193686298,0.07983273331237584,0.00582710674640255,0.6666666666666666,1.3355341767701965,1
Accelerometer,Branched,A2,Gasket Leak,0.18 LPS,,0,BR_GL_0.18 LPS_A2,-1.732304090018965e-05,0.002789708560832804,-0.04948021285356503,0.06932376791790418,0.0027897623450985685,703.6666666666666,0.9333545985256593,1
Accelerometer,Branched,A2,Gasket Leak,0.18 LPS,,1,BR_GL_0.18 LPS_A2,5.3518259665367264e-05,0.002671545924037224,0.0806877019249163,0.07589929409728047,0.0026720819277031,703.6666666666666,1.0507272034515185,1
Accelerometer,Branched,A2,Gasket Leak,0.18 LPS,,2,BR_GL_0.18 LPS_A2,4.4571706415465875e-05,0.002620194590431222,-0.051403238945150795,0.05424469554538458,0.002620573664054843,703.6666666666666,0.9974742516893257,1
Accelerometer,Branched,A2,Gasket Leak,0.18 LPS,,3,BR_GL_0.18 LPS_A2,-2.409975706838314e-05,0.0029900329576616645,-0.2528829744314653,0.46481622091681407,0.002990130078473797,704.0,1.2700414763852306,1
Accelerometer,Branched,A2,Gasket Leak,0.18 LPS,,4,BR_GL_0.18 LPS_A2,-4.803496675318173e-05,0.0029944782482542237,-0.282468477498661,0.509259429549267,0.002994863492264491,704.0,1.3825152844809432,1
Accelerometer,Branched,A2,Gasket Leak,0.18 LPS,,5,BR_GL_0.18 LPS_A2,-2.3565069297941282e-05,0.0024979622575928184,-0.19671324703584245,0.07994500469001808,0.0024980734082186667,704.0,1.2241009904313978,1
Accelerometer,Branched,A2,Gasket Leak,0.18 LPS,,6,BR_GL_0.18 LPS_A2,0.00011013976613030682,0.002508569609445799,-0.02017663916297078,0.06696332889751622,0.002510986310898227,703.6666666666666,1.21254719503363,1
Accelerometer,Branched,A2,Gasket Leak,0.18 LPS,,7,BR_GL_0.18 LPS_A2,4.514943567967394e-06,0.0029573573362033784,-0.20670455258329062,0.5331535143680992,0.0029573607826424166,703.6666666666666,1.1415312592091793,1
Accelerometer,Branched,A2,Gasket Leak,0.18 LPS,,8,BR_GL_0.18 LPS_A2,-0.00013429491656270214,0.003110777766893933,-0.13377068322984223,0.3086863621145217,0.003113675230273091,703.6666666666666,1.350856123674012,1
Accelerometer,Branched,A2,Gasket Leak,0.18 LPS,,9,BR_GL_0.18 LPS_A2,3.0090476288904707e-05,0.002687935170930222,0.02002969157960319,0.11760909980980783,0.0026881035917328366,703.6666666666666,0.9559820680069643,1
Accelerometer,Branched,A1,Gasket Leak,0.47 LPS,,0,BR_GL_0.47 LPS_A1,8.498034571450603e-05,0.013548359056911938,0.00315509918983351,0.03169941537534493,0.013548625568453999,214.66666666666666,2.8765162783359552,1
Accelerometer,Branched,A1,Gasket Leak,0.47 LPS,,1,BR_GL_0.47 LPS_A1,8.26691054338623e-06,0.013934439399184909,0.011134382232766459,0.029137943050513204,0.01393444185144732,219.66666666666666,2.900076146036991,1
Accelerometer,Branched,A1,Gasket Leak,0.47 LPS,,2,BR_GL_0.47 LPS_A1,-2.948105573170165e-06,0.013584407327325087,-0.0010552210581764396,0.005596960049029764,0.013584407647225917,221.0,2.800444752338841,1
Accelerometer,Branched,A1,Gasket Leak,0.47 LPS,,3,BR_GL_0.47 LPS_A1,3.030129246050988e-06,0.013503457942206544,-0.0023886089278856693,0.002801060527941157,0.013503458282181798,223.66666666666666,2.775777033142748,1
Accelerometer,Branched,A1,Gasket Leak,0.47 LPS,,4,BR_GL_0.47 LPS_A1,2.93016892073395e-06,0.013396103534277221,0.01721702402294599,0.007779192702130011,0.013396103854739428,222.66666666666666,2.742820054206227,1
Accelerometer,Branched,A1,Gasket Leak,0.47 LPS,,5,BR_GL_0.47 LPS_A1,2.916613481571623e-06,0.013414905419457616,-0.0027992476200985198,-0.01180250852595277,0.013414905736516656,219.33333333333331,2.757231868490992,1
Accelerometer,Branched,A1,Gasket Leak,0.47 LPS,,6,BR_GL_0.47 LPS_A1,-2.606399348199184e-06,0.013529992725931887,-0.006779344210195629,-0.048103106414394414,0.013529992976978494,219.33333333333331,2.790929802819781,1
Accelerometer,Branched,A1,Gasket Leak,0.47 LPS,,7,BR_GL_0.47 LPS_A1,-1.02320075110344e-05,0.013610022907013304,-0.0050251380245906665,-0.03841526024242947,0.013610026753221486,1848.3333333333333,2.1449301553125264,1
Accelerometer,Branched,A1,Gasket Leak,0.47 LPS,,8,BR_GL_0.47 LPS_A1,7.787457198796724e-05,0.013575215279428083,0.01699650028674571,-0.026239678171990022,0.013575438642334178,1841.6666666666665,2.1812074146494624,1
Accelerometer,Branched,A1,Gasket Leak,0.47 LPS,,9,BR_GL_0.47 LPS_A1,-0.00016579297577063609,0.013461110272054003,0.02660437775977442,0.03745369319180014,0.013462131223072098,1808.0,2.428537627649433,1
Accelerometer,Branched,A1,Gasket Leak,0.47 LPS,,10,BR_GL_0.47 LPS_A1,-0.00047750190692548287,0.014175006282784605,-0.023164045381053266,0.039663016657118355,0.014183046611645204,0.6666666666666666,4.598981827236928,1
Accelerometer,Branched,A2,Gasket Leak,0.47 LPS,,0,BR_GL_0.47 LPS_A2,8.949650505211138e-05,0.003723110502746732,0.07215131504496618,0.2678772965260636,0.003724186010402752,701.3333333333333,0.9221453890380741,1
Accelerometer,Branched,A2,Gasket Leak,0.47 LPS,,1,BR_GL_0.47 LPS_A2,-4.13850552058478e-06,0.003605460107132125,0.03866953509366153,0.1607507217233466,0.0036054624823105754,701.0,0.7249609011455072,1
Accelerometer,Branched,A2,Gasket Leak,0.47 LPS,,2,BR_GL_0.47 LPS_A2,-9.609275182675285e-05,0.003830493903115307,-0.051972491478394965,0.11548910175316163,0.0038316990172451142,701.0,0.9671998787897496,1
Accelerometer,Branched,A2,Gasket Leak,0.47 LPS,,3,BR_GL_0.47 LPS_A2,2.5961554027724757e-05,0.0038402766409157242,-0.2574323609085151,0.16612366503206566,0.003840364394305636,701.0,1.1664791794353262,1
Accelerometer,Branched,A2,Gasket Leak,0.47 LPS,,4,BR_GL_0.47 LPS_A2,0.00013796122733709772,0.0035397104668731137,-0.21092449557312,0.3378933126980219,0.0035423979857632363,701.0,1.426458332329744,1
Accelerometer,Branched,A2,Gasket Leak,0.47 LPS,,5,BR_GL_0.47 LPS_A2,-4.253022750759705e-05,0.0040012175339363566,0.23373415955699242,0.202200499858185,0.004001443561282801,701.0,1.1959035938640288,1
Accelerometer,Branched,A2,Gasket Leak,0.47 LPS,,6,BR_GL_0.47 LPS_A2,-9.252931995725566e-05,0.004206268111365209,0.29116886862080926,0.010099664215943438,0.00420728571643757,701.0,1.50529008279359,1
Accelerometer,Branched,A2,Gasket Leak,0.47 LPS,,7,BR_GL_0.47 LPS_A2,5.493091865564236e-05,0.00335659328630389,0.15977421427239652,0.18208024346455653,0.0033570427306611247,701.0,1.0501062322925805,1
Accelerometer,Branched,A2,Gasket Leak,0.47 LPS,,8,BR_GL_0.47 LPS_A2,1.8661669156940565e-05,0.002972427706722433,-0.020889789546548413,0.06279667150068358,0.0029724862875355543,701.0,0.8583212905214237,1
Accelerometer,Branched,A2,Gasket Leak,0.47 LPS,,9,BR_GL_0.47 LPS_A2,3.278687931549135e-05,0.0031149734066526595,-0.15224920770418485,0.11632663143409028,0.0031151459522161273,701.0,1.0022710259774037,1
Accelerometer,Branched,A2,Gasket Leak,0.47 LPS,,10,BR_GL_0.47 LPS_A2,0.00010221872531067022,0.003323757805489084,0.03889784124098053,0.1160136113645649,0.0033253292494659454,701.0,1.019510953930944,1
Accelerometer,Branched,A1,Gasket Leak,ND,,0,BR_GL_ND_A1,-1.2671201903655839e-05,0.0008831761238581995,-0.009454222444315548,-0.012744943788791652,0.0008832670180137357,117.33333333333333,0.9415963318342857,1
Accelerometer,Branched,A1,Gasket Leak,ND,,1,BR_GL_ND_A1,1.2941622464526784e-06,0.0008938266057492749,0.01514243737157565,-0.11674871469650894,0.0008938275426508123,117.33333333333333,0.9375082134141515,1
Accelerometer,Branched,A1,Gasket Leak,ND,,2,BR_GL_ND_A1,-9.712226518270614e-07,0.0009760156391969012,0.03297207482630953,0.004853947335596853,0.0009760161224233825,32.0,0.9423270377369003,1
Accelerometer,Branched,A1,Gasket Leak,ND,,3,BR_GL_ND_A1,5.774580448057601e-06,0.000992015483900647,0.05172421523600374,-0.006659715481173389,0.0009920322908443988,32.33333333333333,0.9538767324160882,1
Accelerometer,Branched,A1,Gasket Leak,ND,,4,BR_GL_ND_A1,-6.647157513758233e-07,0.0009321786869928802,0.022970973888545406,-0.02908488917869212,0.0009321789239898101,32.33333333333333,0.9444100179545414,1
Accelerometer,Branched,A1,Gasket Leak,ND,,5,BR_GL_ND_A1,-8.674669406841782e-06,0.0009289446128943038,0.024029701656205518,-0.011369099588281806,0.0009289851149047899,117.33333333333333,0.9390373694521528,1
Accelerometer,Branched,A1,Gasket Leak,ND,,6,BR_GL_ND_A1,1.1328308329080981e-06,0.0008721555696807237,0.020613511380283348,-0.015667022505532646,0.0008721563053895808,117.33333333333333,0.94543029822213,1
Accelerometer,Branched,A1,Gasket Leak,ND,,7,BR_GL_ND_A1,6.553912489766793e-06,0.0008577271504186574,-0.003925265819382424,-0.043056039227065135,0.0008577521893497176,117.33333333333333,0.9408916941641932,1
Accelerometer,Branched,A1,Gasket Leak,ND,,8,BR_GL_ND_A1,-8.53756119152432e-06,0.000883332532253151,0.013232396277218747,-0.032584514019138755,0.0008833737897899523,117.33333333333333,0.9436113682315598,1
Accelerometer,Branched,A1,Gasket Leak,ND,,9,BR_GL_ND_A1,1.4253161126593119e-05,0.0009175441867170698,0.038436384702686975,-0.05017422287964601,0.0009176548845728385,117.33333333333333,0.9481859040471455,1
Accelerometer,Branched,A1,Gasket Leak,ND,,10,BR_GL_ND_A1,4.166500957822931e-05,0.000999839383885245,0.050776671655817326,-0.10554166149566635,0.0010007071332768546,117.33333333333333,0.9715259338072243,1
Accelerometer,Branched,A2,Gasket Leak,ND,,0,BR_GL_ND_A2,7.323390887161426e-05,0.0025650339625983704,0.09905105428895115,0.016120728474245283,0.0025660791949376222,704.6666666666666,1.1450532493770245,1
Accelerometer,Branched,A2,Gasket Leak,ND,,1,BR_GL_ND_A2,2.31333658025206e-06,0.0024789117278496637,0.11315478751150926,0.011962167143216629,0.002478912807259815,704.6666666666666,1.1145824158957462,1
Accelerometer,Branched,A2,Gasket Leak,ND,,2,BR_GL_ND_A2,1.4348558120358271e-05,0.0025717391851885815,0.23652495250981417,0.32233023414601547,0.002571779212482005,704.6666666666666,1.3877270572467613,1
Accelerometer,Branched,A2,Gasket Leak,ND,,3,BR_GL_ND_A2,3.387405350004527e-05,0.0028582621517015774,0.20316062486140038,0.1952466235247523,0.0028584628700317684,704.6666666666666,1.2391087248661925,1
Accelerometer,Branched,A2,Gasket Leak,ND,,4,BR_GL_ND_A2,-3.6716106851925114e-05,0.0027945358315955124,0.11450420446999926,0.16077273558046512,0.0027947770191150464,704.6666666666666,1.099347201886184,1
Accelerometer,Branched,A2,Gasket Leak,ND,,5,BR_GL_ND_A2,1.3086727309815487e-05,0.002515481297477062,0.0005931735114582345,0.0671768140468414,0.002515515338929295,704.6666666666666,0.9849476836525862,1
Accelerometer,Branched,A2,Gasket Leak,ND,,6,BR_GL_ND_A2,-5.557814696085609e-07,0.002574563951018898,0.2122797372254703,0.3531631640957218,0.0025745640110082873,704.6666666666666,1.328525174531518,1
Accelerometer,Branched,A2,Gasket Leak,ND,,7,BR_GL_ND_A2,-0.00013530046833640436,0.0026989384015489127,0.3487002602536589,0.5770698241256977,0.0027023276470641844,704.6666666666666,2.043590154012181,1
Accelerometer,Branched,A2,Gasket Leak,ND,,8,BR_GL_ND_A2,1.2972817996144414e-05,0.0025801756351611052,0.18096444218082697,0.44112215606563954,0.002580208247852443,704.6666666666666,1.2445985115746228,1
Accelerometer,Branched,A2,Gasket Leak,ND,,9,BR_GL_ND_A2,6.251371517911927e-05,0.002363581292387325,0.05183587825535536,0.449351461031513,0.002364407851938585,704.6666666666666,1.1250578118733388,1
Accelerometer,Branched,A2,Gasket Leak,ND,,10,BR_GL_ND_A2,0.0001034592906684087,0.002359872013710241,0.07415121175000414,0.32333846790649634,0.002362138807504428,705.0,1.262512339796847,1
Accelerometer,Branched,A1,Gasket Leak,Transient,,0,BR_GL_Transient_A1,0.0002640574366980657,0.01377944362093583,0.02613853654213084,0.01241634822634019,0.013781973473796295,222.0,3.43822974299474,1
Accelerometer,Branched,A1,Gasket Leak,Transient,,1,BR_GL_Transient_A1,2.1650393488789276e-05,0.013772317308900007,0.036241152659112146,0.059974362906199286,0.013772334326342972,212.0,2.8663641853286097,1
Accelerometer,Branched,A1,Gasket Leak,Transient,,2,BR_GL_Transient_A1,-8.944703081968208e-06,0.013620761566645307,0.016380848698896628,0.06040318998580574,0.013620764503621489,220.33333333333331,2.8056276172016528,1
Accelerometer,Branched,A1,Gasket Leak,Transient,,3,BR_GL_Transient_A1,-8.047577034179693e-08,0.013680494267585431,-0.016644704705305553,0.0643451096099934,0.013680494267822132,1808.6666666666665,2.1209193940750537,1
Accelerometer,Branched,A1,Gasket Leak,Transient,,4,BR_GL_Transient_A1,3.5561882202758515e-06,0.013903606792427132,0.00657033665496785,-0.014266246196836807,0.013903607247218274,1838.3333333333333,2.1706352377596576,1
Accelerometer,Branched,A1,Gasket Leak,Transient,,5,BR_GL_Transient_A1,-6.664860129471005e-06,0.013640200189616243,0.02688963864103878,-0.06693856609066007,0.013640201817904585,227.66666666666666,2.8051710715010723,1
Accelerometer,Branched,A1,Gasket Leak,Transient,,6,BR_GL_Transient_A1,-4.457500373066328e-05,0.015356201551935301,-0.4211787900710492,14.34855279178096,0.015356266246539808,215.33333333333331,3.463949872558647,1
Accelerometer,Branched,A1,Gasket Leak,Transient,,7,BR_GL_Transient_A1,1.684103629721219e-06,0.012150603006101659,-0.8725614719509517,39.15285718551181,0.012150603122812124,215.33333333333331,4.793941249303122,1
Accelerometer,Branched,A1,Gasket Leak,Transient,,8,BR_GL_Transient_A1,4.582792822473363e-05,0.0010073553529324764,0.17695310252240823,1.5662459020448027,0.0010083972461719067,32.33333333333333,1.2331083936691234,1
Accelerometer,Branched,A1,Gasket Leak,Transient,,9,BR_GL_Transient_A1,9.052821449919487e-06,0.0009327570168542339,-0.042303392111693774,-0.04331440111923035,0.0009328009466477904,32.33333333333333,0.9466593218087789,1
Accelerometer,Branched,A1,Gasket Leak,Transient,,10,BR_GL_Transient_A1,5.426232029521702e-06,0.00091105003150389,-0.007063174714496632,0.03253977049862744,0.0009110661907332953,32.33333333333333,0.9400424827759336,1
Accelerometer,Branched,A2,Gasket Leak,Transient,,0,BR_GL_Transient_A2,0.00020132354863896105,0.0024596376744088068,0.06106156043624767,0.0797587234243764,0.002467863177043603,701.3333333333333,1.6837901610571833,1
Accelerometer,Branched,A2,Gasket Leak,Transient,,1,BR_GL_Transient_A2,1.407592509030324e-05,0.0028028949654978976,0.17573009520720237,0.2023011476972565,0.0028029303093870545,701.3333333333333,1.170871811450442,1
Accelerometer,Branched,A2,Gasket Leak,Transient,,2,BR_GL_Transient_A2,-5.833473081322556e-05,0.0028239525463651825,0.238848340740599,0.29154366598782033,0.0028245549959137724,701.3333333333333,1.4445841971978373,1
Accelerometer,Branched,A2,Gasket Leak,Transient,,3,BR_GL_Transient_A2,5.3284460870100756e-05,0.0026182193972404014,0.208169627573747,0.22354906852172585,0.002618761548109355,701.3333333333333,1.317456101042202,1
Accelerometer,Branched,A2,Gasket Leak,Transient,,4,BR_GL_Transient_A2,-2.1757077736203818e-05,0.0024074543553658906,0.1514117897328445,0.144189956965036,0.0024075526668386332,701.3333333333333,1.2312893298228214,1
Accelerometer,Branched,A2,Gasket Leak,Transient,,5,BR_GL_Transient_A2,3.46718155784077e-05,0.0026391092966517723,-0.1269263377583579,0.14062992709199795,0.0026393370407110407,701.3333333333333,1.0612383951715267,1
Accelerometer,Branched,A2,Gasket Leak,Transient,,6,BR_GL_Transient_A2,1.8794774264502823e-05,0.0027411267654258195,-0.044043687379915514,0.08467749241831246,0.002741191198671386,705.0,0.9328340846428241,1
Accelerometer,Branched,A2,Gasket Leak,Transient,,7,BR_GL_Transient_A2,-0.00010328536074666782,0.0024161114676022237,0.2045959502344026,0.16743895658793395,0.0024183181117511275,705.0,1.5784544516052836,1
Accelerometer,Branched,A2,Gasket Leak,Transient,,8,BR_GL_Transient_A2,-4.831023602165756e-07,0.002200329789994935,0.03577864116696367,-0.011955668923377516,0.0022003298430296864,705.0,1.0896802695465018,1
Accelerometer,Branched,A2,Gasket Leak,Transient,,9,BR_GL_Transient_A2,0.0001389652025580948,0.0022936456077500616,0.1316742040654618,0.02229936905541141,0.0022978514968276698,705.0,1.4734373173230948,1
Accelerometer,Branched,A1,Longitudinal Crack,0.18 LPS,,0,BR_LC_0.18 LPS_A1,-0.00037374462003925634,0.006164479516527383,-0.05219898101816546,0.044822732292273404,0.006175798956466602,0.3333333333333333,2.8339006962345348,1
Accelerometer,Branched,A1,Longitudinal Crack,0.18 LPS,,1,BR_LC_0.18 LPS_A1,-3.1319426995860256e-05,0.006127735807151061,-0.01940724854575744,0.039863977390940164,0.006127815844878876,1842.0,2.2730364002651857,1
Accelerometer,Branched,A1,Longitudinal Crack,0.18 LPS,,2,BR_LC_0.18 LPS_A1,7.015505357424478e-06,0.006234232336220344,-0.01393550230072882,-0.00030890263051297495,0.006234236283562791,1839.3333333333333,2.225966421488613,1
Accelerometer,Branched,A1,Longitudinal Crack,0.18 LPS,,3,BR_LC_0.18 LPS_A1,1.6875279440329082e-06,0.00605585535441346,-0.01432189104429691,0.04084732540795066,0.006055855589537183,1852.6666666666665,2.2791137831167734,1
Accelerometer,Branched,A1,Longitudinal Crack,0.18 LPS,,4,BR_LC_0.18 LPS_A1,-4.780504677419856e-07,0.0060120205338924084,-0.04681144803214098,0.21610576049328367,0.006012020552898684,1824.3333333333333,2.2394084341615628,1
Accelerometer,Branched,A1,Longitudinal Crack,0.18 LPS,,5,BR_LC_0.18 LPS_A1,8.766097683975553e-07,0.005993068132714138,-0.050027867453774126,0.19464295609131455,0.005993068196825263,394.0,0.49823934431847516,1
Accelerometer,Branched,A1,Longitudinal Crack,0.18 LPS,,6,BR_LC_0.18 LPS_A1,1.4180481130386403e-06,0.006023758934379118,-0.026812466152598136,0.004295769814751438,0.006023759101289883,1825.6666666666665,2.2342563369921007,1
Accelerometer,Branched,A1,Longitudinal Crack,0.18 LPS,,7,BR_LC_0.18 LPS_A1,4.828898271508852e-06,0.0062606421209443625,-0.007805384965739519,-0.03632546926029434,0.006260643983233773,1860.0,2.2599265095797176,1
Accelerometer,Branched,A1,Longitudinal Crack,0.18 LPS,,8,BR_LC_0.18 LPS_A1,-5.812557866650273e-05,0.006183021457056044,0.0028019407063778405,0.062021521696084214,0.0061832946655735865,404.3333333333333,0.64260050455546,1
Accelerometer,Branched,A1,Longitudinal Crack,0.18 LPS,,9,BR_LC_0.18 LPS_A1,0.00011445085205533574,0.006162164304538583,-0.003075991425243574,0.1231004083141718,0.0061632270697797335,1827.6666666666665,2.3145263736384174,1
Accelerometer,Branched,A1,Longitudinal Crack,0.18 LPS,,10,BR_LC_0.18 LPS_A1,0.0003138682200264066,0.007010855840656531,-0.043164818323514376,0.10342427537174137,0.007017878089423494,0.6666666666666666,2.638167304735559,1
Accelerometer,Branched,A2,Longitudinal Crack,0.18 LPS,,0,BR_LC_0.18 LPS_A2,9.519244607897127e-05,0.001261035502349688,-0.015031399026578726,0.018021505613131872,0.001264623319402591,705.0,1.4513904073346429,1
Accelerometer,Branched,A2,Longitudinal Crack,0.18 LPS,,1,BR_LC_0.18 LPS_A2,1.6522507361293425e-05,0.0012601124497532213,-0.021759474436860403,-0.007519823045937457,0.0012602207660852795,705.0,1.325478142181695,1
Accelerometer,Branched,A2,Longitudinal Crack,0.18 LPS,,2,BR_LC_0.18 LPS_A2,-9.365942741952031e-06,0.0012072847962346532,-0.027814393719470455,-0.014737110244903207,0.0012073211255100248,705.0,1.3464800844859972,1
Accelerometer,Branched,A2,Longitudinal Crack,0.18 LPS,,3,BR_LC_0.18 LPS_A2,-7.4009868097974475e-06,0.00113387115272679,0.046861355443178564,-0.12295991898745662,0.0011338953062746747,705.0,1.3902228876973401,1
Accelerometer,Branched,A2,Longitudinal Crack,0.18 LPS,,4,BR_LC_0.18 LPS_A2,-1.0147094169521317e-05,0.001126374757079092,0.05587682089441365,-0.016931182435858005,0.0011264204618636278,705.0,1.404456152741308,1
Accelerometer,Branched,A2,Longitudinal Crack,0.18 LPS,,5,BR_LC_0.18 LPS_A2,-5.8658057328409875e-06,0.0011588982778659971,0.04862698013534359,-0.022813496458814697,0.0011589131227653217,705.0,1.3861469201921877,1
Accelerometer,Branched,A2,Longitudinal Crack,0.18 LPS,,6,BR_LC_0.18 LPS_A2,1.3783321320393063e-05,0.0012120715763294441,0.06841462998192793,0.03952001204304789,0.0012121499437331856,705.0,1.3840495782970952,1
Accelerometer,Branched,A2,Longitudinal Crack,0.18 LPS,,7,BR_LC_0.18 LPS_A2,4.113442295325948e-06,0.0012181135027097708,0.08383496464391851,0.07725785879017222,0.001218120448022848,705.0,1.401865324825395,1
Accelerometer,Branched,A2,Longitudinal Crack,0.18 LPS,,8,BR_LC_0.18 LPS_A2,-1.2833469779459595e-05,0.0012067320557945704,0.0041024345256122025,0.02082347738092105,0.0012068002951726399,705.0,1.3545475098222532,1
Accelerometer,Branched,A2,Longitudinal Crack,0.18 LPS,,9,BR_LC_0.18 LPS_A2,1.221984853584124e-05,0.0011825923248737213,-0.03510349838706334,0.010458570165601255,0.001182655457666548,705.0,1.347720927765305,1
Accelerometer,Branched,A1,Longitudinal Crack,0.47 LPS,,0,BR_LC_0.47 LPS_A1,0.0009343954715946479,0.01405156070235794,0.01758711292888086,-0.03166903251393949,0.014082593975166171,0.3333333333333333,7.394814729457577,1
Accelerometer,Branched,A1,Longitudinal Crack,0.47 LPS,,1,BR_LC_0.47 LPS_A1,8.373586012509224e-05,0.01365235256146563,0.0016561163972288095,-0.01214741950831666,0.013652609353410358,1841.0,2.2004825169016398,1
Accelerometer,Branched,A1,Longitudinal Crack,0.47 LPS,,2,BR_LC_0.47 LPS_A1,-1.924168754643169e-05,0.013407185491263596,0.027464738836722943,-0.01813941447018763,0.013407199298872555,1841.0,2.1206357269011344,1
Accelerometer,Branched,A1,Longitudinal Crack,0.47 LPS,,3,BR_LC_0.47 LPS_A1,-6.761008724340945e-06,0.013359778091737579,-0.004112423222696119,-0.03369024976389934,0.013359779802515846,217.66666666666666,2.743476562164544,1
Accelerometer,Branched,A1,Longitudinal Crack,0.47 LPS,,4,BR_LC_0.47 LPS_A1,-1.5770373865090302e-06,0.013519998718430605,-0.01103157415606977,0.08430740352979926,0.0135199988104072,218.0,2.7861186946742627,1
Accelerometer,Branched,A1,Longitudinal Crack,0.47 LPS,,5,BR_LC_0.47 LPS_A1,5.393149487964045e-06,0.013687009015050653,0.0029410589249966933,0.05017979021318153,0.013687010077593252,1822.3333333333333,2.128907677246466,1
Accelerometer,Branched,A1,Longitudinal Crack,0.47 LPS,,6,BR_LC_0.47 LPS_A1,2.0324540774324516e-06,0.013591626540453167,-0.01564198338904447,-0.0408906678913481,0.013591626692416935,215.0,2.8173197390799594,1
Accelerometer,Branched,A1,Longitudinal Crack,0.47 LPS,,7,BR_LC_0.47 LPS_A1,2.105986160765515e-06,0.013613369753552464,-0.036764075642067434,0.013665303485512759,0.013613369916450327,1866.3333333333333,2.1614082615483454,1
Accelerometer,Branched,A1,Longitudinal Crack,0.47 LPS,,8,BR_LC_0.47 LPS_A1,6.955631838544515e-06,0.013641265424466998,-0.04577678641217085,0.03927924727793641,0.013641267197792625,1840.0,2.146748513317596,1
Accelerometer,Branched,A1,Longitudinal Crack,0.47 LPS,,9,BR_LC_0.47 LPS_A1,-9.866700927938246e-06,0.013249997081678167,-0.023733071983784562,0.00231610490751466,0.013250000755330815,1863.6666666666665,2.117122782282826,1
Accelerometer,Branched,A1,Longitudinal Crack,0.47 LPS,,10,BR_LC_0.47 LPS_A1,-3.234193036332569e-05,0.013208971150438755,0.011997120322782362,-0.04026651597233766,0.013209010744699353,1838.6666666666665,2.105530366008781,1
Accelerometer,Branched,A2,Longitudinal Crack,0.47 LPS,,0,BR_LC_0.47 LPS_A2,-0.00021740558448860392,0.001994865278737736,-0.12345440387703217,0.31778811115260375,0.0020066770214661397,1.0,1.7518858470398806,1
Accelerometer,Branched,A2,Longitudinal Crack,0.47 LPS,,1,BR_LC_0.47 LPS_A2,8.782412654791117e-05,0.0016896942166416801,0.07388622235939818,0.5747946905652062,0.001691975065701692,702.6666666666666,1.3750663439818447,1
Accelerometer,Branched,A2,Longitudinal Crack,0.47 LPS,,2,BR_LC_0.47 LPS_A2,2.26086964896266e-05,0.0014265338394261542,0.02481095875590648,-0.0808767374792212,0.001426712987319063,702.6666666666666,1.2880154541084952,1
Accelerometer,Branched,A2,Longitudinal Crack,0.47 LPS,,3,BR_LC_0.47 LPS_A2,-7.138750980102081e-05,0.0016383685190265542,-0.28676153583508446,0.7871262568581265,0.00163992304108847,702.6666666666666,1.6762265922262025,1
Accelerometer,Branched,A2,Longitudinal Crack,0.47 LPS,,4,BR_LC_0.47 LPS_A2,-1.160350241016345e-05,0.002102779243362888,-0.22946585966647054,0.6046893703611422,0.002102811258193655,702.6666666666666,1.3709662156607634,1
Accelerometer,Branched,A2,Longitudinal Crack,0.47 LPS,,5,BR_LC_0.47 LPS_A2,4.8454525193617464e-05,0.0023758192172093494,-0.32502500169076115,0.2932648573235661,0.002376313277720971,702.6666666666666,1.6135648519108123,1
Accelerometer,Branched,A2,Longitudinal Crack,0.47 LPS,,6,BR_LC_0.47 LPS_A2,5.3726793309417886e-05,0.002514433462983074,-0.23902467683570963,0.6428898932794542,0.0025150073972233893,2.333333333333333,1.2520031425895095,1
Accelerometer,Branched,A2,Longitudinal Crack,0.47 LPS,,7,BR_LC_0.47 LPS_A2,-3.260874142831067e-05,0.0025425078832728085,-0.196584711530656,0.619953373372248,0.0025427169851404844,1.0,1.0634295149719422,1
Accelerometer,Branched,A2,Longitudinal Crack,0.47 LPS,,8,BR_LC_0.47 LPS_A2,-0.00016230989809156837,0.0024198068904828555,-0.37379166760120547,0.29394966944967393,0.002425244294962221,1.3333333333333333,1.925837980472293,1
Accelerometer,Branched,A2,Longitudinal Crack,0.47 LPS,,9,BR_LC_0.47 LPS_A2,2.06197505991853e-05,0.0024763687316571013,-0.06282233844781725,0.40422204588055033,0.00247645457645477,1.3333333333333333,0.7971169509284692,1
Accelerometer,Branched,A2,Longitudinal Crack,0.47 LPS,,10,BR_LC_0.47 LPS_A2,0.00013032464790008747,0.002251200557287984,0.17579100569956738,0.6972056665013922,0.0022549697255138507,1.3333333333333333,1.3511525151652974,1
Accelerometer,Branched,A1,Longitudinal Crack,ND,,0,BR_LC_ND_A1,-5.428311317589056e-05,0.0008484446878516264,-0.08495719579098987,-0.10452416784785967,0.0008501794191344027,353.0,1.1508977815236292,1
Accelerometer,Branched,A1,Longitudinal Crack,ND,,1,BR_LC_ND_A1,-5.310400467996076e-06,0.0008302478607910865,-0.1398234382979717,-0.11229713122904261,0.0008302648437103102,353.0,1.1553680421744572,1
Accelerometer,Branched,A1,Longitudinal Crack,ND,,2,BR_LC_ND_A1,-8.322977505560852e-07,0.0008316769378100324,-0.10762843921896922,-0.13980596228522435,0.0008316773542694414,353.0,1.1072860828917486,1
Accelerometer,Branched,A1,Longitudinal Crack,ND,,3,BR_LC_ND_A1,2.5501374382743e-07,0.0008352739884364736,-0.05833287236250029,-0.13519457306939797,0.0008352740273650221,353.0,1.0594531813649668,1
Accelerometer,Branched,A1,Longitudinal Crack,ND,,4,BR_LC_ND_A1,2.0964225537121078e-07,0.0008320137417809342,-0.06824343626226692,-0.18055607768284165,0.0008320137681926823,353.0,1.066835218568118,1
Accelerometer,Branched,A1,Longitudinal Crack,ND,,5,BR_LC_ND_A1,9.594873095887333e-07,0.0008252290669073654,-0.09037849938672685,-0.1802982197599472,0.0008252296247013302,353.0,1.0885662032239936,1
Accelerometer,Branched,A1,Longitudinal Crack,ND,,6,BR_LC_ND_A1,-2.5836842759427644e-06,0.0008119668014638778,-0.10423756921630752,-0.05843313365115366,0.0008119709121045643,353.0,1.1087166716134886,1
Accelerometer,Branched,A1,Longitudinal Crack,ND,,7,BR_LC_ND_A1,-1.9259055551008613e-06,0.0008164675983595276,-0.10321293323148305,-0.1477057133485471,0.000816469869795072,353.0,1.105894651031636,1
Accelerometer,Branched,A1,Longitudinal Crack,ND,,8,BR_LC_ND_A1,8.99361568685095e-06,0.0008184522433942828,-0.10502425882871977,-0.18616238507394156,0.0008185016553680616,353.0,1.1078111612710373,1
Accelerometer,Branched,A1,Longitudinal Crack,ND,,9,BR_LC_ND_A1,-1.5698374297057813e-05,0.0008216310703327786,-0.09443941972533186,-0.09109755741553549,0.0008217810259988715,353.0,1.102133455277618,1
Accelerometer,Branched,A1,Longitudinal Crack,ND,,10,BR_LC_ND_A1,-6.0949337972440834e-05,0.0008802245066871645,-0.11881387364508472,-0.1429027424179714,0.0008823321392604608,353.0,1.1946804260943134,1
Accelerometer,Branched,A2,Longitudinal Crack,ND,,0,BR_LC_ND_A2,1.4452511494538097e-05,0.001562441108026027,-0.08274684778648307,0.1496505326879749,0.0015625079491439714,706.0,1.2701266053452787,1
Accelerometer,Branched,A2,Longitudinal Crack,ND,,1,BR_LC_ND_A2,1.351061734099415e-05,0.001498432636530649,-0.032153922124570036,-0.01169853165930812,0.0014984935445310156,706.0,1.2615763763042303,1
Accelerometer,Branched,A2,Longitudinal Crack,ND,,2,BR_LC_ND_A2,-1.7078706262564797e-05,0.0014979559727423103,0.028690549434956154,-0.15384735807188266,0.0014980533296521737,706.0,1.287749799661447,1
Accelerometer,Branched,A2,Longitudinal Crack,ND,,3,BR_LC_ND_A2,-1.6158730117410165e-05,0.0015179980523915841,0.022725409262643156,-0.16470268175446412,0.001518084052884968,706.0,1.2776401446096208,1
Accelerometer,Branched,A2,Longitudinal Crack,ND,,4,BR_LC_ND_A2,1.373149355674727e-05,0.0015050153076727575,-0.02210515477341938,-0.11503942094473674,0.0015050779482288033,706.0,1.256910078388739,1
Accelerometer,Branched,A2,Longitudinal Crack,ND,,5,BR_LC_ND_A2,1.204444184094933e-05,0.0016489931940735026,-0.26119381061155117,0.5872572683146791,0.0016490371805026082,706.0,1.5434263800678076,1
Accelerometer,Branched,A2,Longitudinal Crack,ND,,6,BR_LC_ND_A2,1.0214847626260316e-05,0.0019448342089144525,-0.4782779561324649,1.1394836466003628,0.0019448610344381758,706.0,2.116061695217329,1
Accelerometer,Branched,A2,Longitudinal Crack,ND,,7,BR_LC_ND_A2,6.49576127290637e-05,0.0019148963143354961,-0.33814246432937134,0.9871888836955498,0.0019159977521143194,706.0,1.7555130378581834,1
Accelerometer,Branched,A2,Longitudinal Crack,ND,,8,BR_LC_ND_A2,-2.9929593347068592e-06,0.001686350352072232,-0.010747195882021757,0.052222789330355734,0.0016863530080441994,706.0,1.2140379703100255,1
Accelerometer,Branched,A2,Longitudinal Crack,ND,,9,BR_LC_ND_A2,-3.472878387594485e-05,0.0015621705185848574,-0.07175647438259597,0.09472512314803172,0.0015625565005993175,706.0,1.295869054380957,1
Accelerometer,Branched,A2,Longitudinal Crack,ND,,10,BR_LC_ND_A2,-6.818788174629932e-05,0.0015377994963764034,-0.07013095177459003,0.030200503620968266,0.0015393105204189854,706.0,1.3734249779711922,1
Accelerometer,Branched,A1,Longitudinal Crack,Transient,,0,BR_LC_Transient_A1,-0.0013149406469363143,0.01379955736132444,-0.06521214934980454,0.05758440501335205,0.0138620652239646,0.3333333333333333,9.640747816605133,1
Accelerometer,Branched,A1,Longitudinal Crack,Transient,,1,BR_LC_Transient_A1,-0.00010792787114845487,0.013238906128867318,-0.006501692163403462,0.032837442873321354,0.013239346053122535,1871.6666666666665,2.272598739068726,1
Accelerometer,Branched,A1,Longitudinal Crack,Transient,,2,BR_LC_Transient_A1,2.8021040349294206e-05,0.013364277477439797,-0.013930832220147498,0.01425724923306948,0.013364306853432649,1850.3333333333333,2.1161810989890615,1
Accelerometer,Branched,A1,Longitudinal Crack,Transient,,3,BR_LC_Transient_A1,4.301993150058587e-06,0.013503421417799326,0.0062010212416458545,-0.02528738802954189,0.01350342210307545,1835.0,2.115993986473914,1
Accelerometer,Branched,A1,Longitudinal Crack,Transient,,4,BR_LC_Transient_A1,-5.546785980403964e-06,0.013297080328576056,0.008206806033487732,-0.031857560617843284,0.013297081485477895,1835.3333333333333,2.0939041924962725,1
Accelerometer,Branched,A1,Longitudinal Crack,Transient,,5,BR_LC_Transient_A1,-5.771009576599725e-06,0.013180545880538158,0.011335780941586975,-0.02621695089220033,0.013180547143936133,1845.0,2.0888771598124682,1
Accelerometer,Branched,A1,Longitudinal Crack,Transient,,6,BR_LC_Transient_A1,-3.4734940239853398e-06,0.013128654020115586,-0.056519675422525305,0.35491116247074883,0.013128654479612825,1830.0,2.0781310732676586,1
Accelerometer,Branched,A1,Longitudinal Crack,Transient,,7,BR_LC_Transient_A1,5.2736104162119415e-06,0.009234675507873923,-0.20331755736377033,4.272665956477056,0.00923467701366395,40.666666666666664,1.913504863866835,1
Accelerometer,Branched,A1,Longitudinal Crack,Transient,,8,BR_LC_Transient_A1,6.335755680245722e-06,0.0014382790874488073,-0.26434821870788516,9.53321891196165,0.0014382930421832033,41.0,1.4953098424200715,1
Accelerometer,Branched,A1,Longitudinal Crack,Transient,,9,BR_LC_Transient_A1,-1.0948594326271327e-06,0.0007453524262901082,-0.0346614189521803,0.004434833880996081,0.00074535323041745,706.0,1.47193139648737,1
Accelerometer,Branched,A1,Longitudinal Crack,Transient,,10,BR_LC_Transient_A1,1.9079607791151134e-06,0.0007546651796674694,-0.008356006775271232,-0.006465910019824772,0.0007546675915374056,706.0,1.4688863696685202,1
Accelerometer,Branched,A1,Longitudinal Crack,Transient,,11,BR_LC_Transient_A1,-2.176853123206361e-05,0.0007731044780685283,0.040036720831029306,-0.0016384376718607818,0.0007734108888305186,706.0,1.5021924579912371,1
Accelerometer,Branched,A2,Longitudinal Crack,Transient,,0,BR_LC_Transient_A2,-0.00021150385364587224,0.0018030467582872834,-0.03173233718730868,-0.0808962439837333,0.0018154094559292503,702.3333333333333,1.9403727832357938,1
Accelerometer,Branched,A2,Longitudinal Crack,Transient,,1,BR_LC_Transient_A2,3.187512861277051e-06,0.0017711715509879055,-0.007322823536746616,-0.07096953202157641,0.0017711744192109211,702.3333333333333,1.180991278028505,1
Accelerometer,Branched,A2,Longitudinal Crack,Transient,,2,BR_LC_Transient_A2,6.40271591103454e-05,0.0017522848938351639,0.012073209833666894,-0.09157471202409884,0.0017534542555386647,702.3333333333333,1.2462152917580591,1
Accelerometer,Branched,A2,Longitudinal Crack,Transient,,3,BR_LC_Transient_A2,-3.303447551631658e-05,0.001682394215041995,0.003768884923296691,-0.1816503983207829,0.001682718506280658,702.3333333333333,1.2429993163592707,1
Accelerometer,Branched,A2,Longitudinal Crack,Transient,,4,BR_LC_Transient_A2,-2.884645064820921e-05,0.0017194556466319046,-0.06879433857380722,0.018707115488316717,0.0017196976008732876,702.3333333333333,1.237539471329762,1
Accelerometer,Branched,A2,Longitudinal Crack,Transient,,5,BR_LC_Transient_A2,-0.00019215022486458584,0.0023396352238327987,-0.7011408022451641,0.9128132341685395,0.0023475124471479722,702.3333333333333,3.0902707103144285,1
Accelerometer,Branched,A2,Longitudinal Crack,Transient,,6,BR_LC_Transient_A2,3.0839383365786735e-05,0.002414767791684971,-0.7292631692283349,0.801202612788066,0.002414964710989685,0.6666666666666666,2.9389868554619865,1
Accelerometer,Branched,A2,Longitudinal Crack,Transient,,7,BR_LC_Transient_A2,0.00022102324055596733,0.001760194698811802,-0.03457171512675458,-0.24257829636391604,0.001774017094221764,706.0,1.9013769074482143,1
Accelerometer,Branched,A2,Longitudinal Crack,Transient,,8,BR_LC_Transient_A2,2.9661170906344354e-05,0.0015636828031760357,-0.021043459235591266,-0.11488886653397579,0.00156396409613776,706.0,1.2480832639094641,1
Accelerometer,Branched,A2,Longitudinal Crack,Transient,,9,BR_LC_Transient_A2,-3.080873004869007e-05,0.0016418787136291727,-0.17605675133348628,0.2759722072258133,0.001642167740553869,706.0,1.38794586487108,1
Accelerometer,Branched,A2,Longitudinal Crack,Transient,,10,BR_LC_Transient_A2,-6.770304938984342e-05,0.0017537021442534614,-0.24814911254619704,0.18109184132826606,0.0017550085223883877,706.0,1.5627739055344188,1
Accelerometer,Branched,A1,No Leak,0.18 LPS,,0,BR_NL_0.18 LPS_A1,-0.0001905410501252492,0.005200958217002558,-0.037279209324064685,-0.03485930656946312,0.0052044473545986856,1831.3333333333333,2.792754327653026,0
Accelerometer,Branched,A1,No Leak,0.18 LPS,,1,BR_NL_0.18 LPS_A1,-1.6634060007628807e-05,0.005142866941057788,-0.01016389039256466,0.014850707928559359,0.005142893841542661,1857.6666666666665,2.4473629071833214,0
Accelerometer,Branched,A1,No Leak,0.18 LPS,,2,BR_NL_0.18 LPS_A1,5.892673463969116e-06,0.005130636278433729,-0.022826066906266002,0.0019051577706408196,0.005130639662379425,1827.3333333333333,2.3811348588081,0
Accelerometer,Branched,A1,No Leak,0.18 LPS,,3,BR_NL_0.18 LPS_A1,1.4061461542748545e-06,0.00515619305029335,-0.009431215506899517,0.041674433340674,0.005156193242028507,1841.6666666666665,2.4062214307933267,0
Accelerometer,Branched,A1,No Leak,0.18 LPS,,4,BR_NL_0.18 LPS_A1,-1.3131788664827795e-06,0.005148051996228583,0.007380289210759868,0.1088075460804796,0.005148052163713168,1811.3333333333333,2.358192116563881,0
Accelerometer,Branched,A1,No Leak,0.18 LPS,,5,BR_NL_0.18 LPS_A1,1.057655785993082e-06,0.005162642369387656,-0.01283691733495526,0.06176715363161822,0.005162642477727114,1815.6666666666665,2.3580018877110454,0
Accelerometer,Branched,A1,No Leak,0.18 LPS,,6,BR_NL_0.18 LPS_A1,3.440673868106353e-06,0.005111012135375034,-0.03117545668435826,0.03462400134227117,0.005111013293485699,1845.6666666666665,2.4191088602897683,0
Accelerometer,Branched,A1,No Leak,0.18 LPS,,7,BR_NL_0.18 LPS_A1,5.248905913337937e-06,0.005055984576789717,-0.04101689794742751,0.03152175078666852,0.005055987301383261,1867.0,2.467125444549081,0
Accelerometer,Branched,A1,No Leak,0.18 LPS,,8,BR_NL_0.18 LPS_A1,-5.715696402159334e-05,0.005252306843780634,-0.0262814654864339,0.09969844643267622,0.005252617833020126,1858.6666666666665,2.476939071859581,0
Accelerometer,Branched,A1,No Leak,0.18 LPS,,9,BR_NL_0.18 LPS_A1,7.434931469195011e-05,0.005368624587232823,-0.02573652570753677,0.12612016201275766,0.005369139389067484,1839.3333333333333,2.3931741357197653,0
Accelerometer,Branched,A1,No Leak,0.18 LPS,,10,BR_NL_0.18 LPS_A1,8.094947654819969e-05,0.006351518752128965,-0.17258417057761116,0.5190999605994113,0.0063520345777081,0.6666666666666666,1.5296783713440583,0
Accelerometer,Branched,A2,No Leak,0.18 LPS,,0,BR_NL_0.18 LPS_A2,-0.0001589993382562769,0.002996219663754615,0.2574362740892076,0.14327619406281444,0.0030004354788989804,1.6666666666666665,1.7176073152486238,0
Accelerometer,Branched,A2,No Leak,0.18 LPS,,1,BR_NL_0.18 LPS_A2,-7.779621638564985e-05,0.0030767330691555067,0.11244074236679857,0.13271190959014456,0.0030777164635682392,1.0,1.0304661467781842,0
Accelerometer,Branched,A2,No Leak,0.18 LPS,,2,BR_NL_0.18 LPS_A2,2.1130471992415762e-05,0.0028887240599514076,0.08451733112865094,0.5026144877682861,0.0028888013416274866,1.0,0.8147378979332697,0
Accelerometer,Branched,A2,No Leak,0.18 LPS,,3,BR_NL_0.18 LPS_A2,8.852124539724345e-05,0.002677908192815521,0.2259480267393556,0.5491218761308803,0.0026793708776567623,3.333333333333333,1.284532493473363,0
Accelerometer,Branched,A2,No Leak,0.18 LPS,,4,BR_NL_0.18 LPS_A2,1.4182577830556426e-05,0.0027675224528587406,0.1339999980299937,0.17450686940043347,0.0027675587929782415,3.333333333333333,0.9075876783457538,0
Accelerometer,Branched,A2,No Leak,0.18 LPS,,5,BR_NL_0.18 LPS_A2,1.0384038415106033e-05,0.0029756278040014173,0.16886621281344275,0.009487039022302746,0.002975645922518354,3.6666666666666665,0.9860058204763692,0
Accelerometer,Branched,A2,No Leak,0.18 LPS,,6,BR_NL_0.18 LPS_A2,-1.6495366494083315e-05,0.003123968160517324,0.28705146373642304,-0.07976289998605735,0.003124011710131985,3.333333333333333,1.3486352801310646,0
Accelerometer,Branched,A2,No Leak,0.18 LPS,,7,BR_NL_0.18 LPS_A2,-3.7942819549835836e-05,0.0030360016000583597,0.4227181711020002,0.4082693273145903,0.0030362386884288774,6.0,1.8455943803834716,0
Accelerometer,Branched,A2,No Leak,0.18 LPS,,8,BR_NL_0.18 LPS_A2,-0.00013051352982155334,0.0029128963881146085,0.21933652041679685,0.7564322756863615,0.002915818778552195,3.6666666666666665,1.494147235734693,0
Accelerometer,Branched,A2,No Leak,0.18 LPS,,9,BR_NL_0.18 LPS_A2,-4.109775614138556e-05,0.003149703920489886,0.2615897598000653,0.7605375328134163,0.003149972033575729,1.0,1.311368209747303,0
Accelerometer,Branched,A2,No Leak,0.18 LPS,,10,BR_NL_0.18 LPS_A2,0.00015836547567748738,0.00338115261692605,0.28452426297009864,0.4395454642748029,0.003384859323935403,3.6666666666666665,1.6848962984459566,0
Accelerometer,Branched,A1,No Leak,0.47 LPS,,0,BR_NL_0.47 LPS_A1,0.00046491844655723166,0.013063711836383949,0.0030372942178241435,0.033804481595714364,0.013071982103186466,219.0,4.260718516811782,0
Accelerometer,Branched,A1,No Leak,0.47 LPS,,1,BR_NL_0.47 LPS_A1,3.846821870394606e-05,0.01335241124918066,0.0009272808352758231,-0.0180415102392959,0.01335246666242221,1839.3333333333333,2.1098927769878943,0
Accelerometer,Branched,A1,No Leak,0.47 LPS,,2,BR_NL_0.47 LPS_A1,-1.1434951168616271e-05,0.013455783112888673,0.02028947477686482,-0.02782062517037387,0.013455787971694865,224.0,2.7571948940512088,0
Accelerometer,Branched,A1,No Leak,0.47 LPS,,3,BR_NL_0.47 LPS_A1,-1.7798496145021591e-06,0.013290351154276417,0.002396303099928023,-0.013189006574775952,0.013290351273455535,235.33333333333331,2.698831508567422,0
Accelerometer,Branched,A1,No Leak,0.47 LPS,,4,BR_NL_0.47 LPS_A1,-1.2519834683554667e-06,0.013113711011638841,-0.02035918552523918,0.0077847025353290356,0.013113711071403106,219.33333333333331,2.676099816506099,0
Accelerometer,Branched,A1,No Leak,0.47 LPS,,5,BR_NL_0.47 LPS_A1,-1.4508665447904454e-07,0.01330052488679366,-0.018473897406001024,-0.038547532876337165,0.013300524887584987,221.66666666666666,2.726928651524,0
Accelerometer,Branched,A1,No Leak,0.47 LPS,,6,BR_NL_0.47 LPS_A1,1.8754950402509565e-06,0.013608295800658532,-0.02934764255012326,-0.03395996517105715,0.013608295929898874,221.66666666666666,2.817798584377015,0
Accelerometer,Branched,A1,No Leak,0.47 LPS,,7,BR_NL_0.47 LPS_A1,2.1035529955040074e-06,0.013337899397242177,-0.018697945701740524,0.05905188254817961,0.01333789956312044,225.66666666666666,2.7289010394058675,0
Accelerometer,Branched,A1,No Leak,0.47 LPS,,8,BR_NL_0.47 LPS_A1,7.512241207304711e-06,0.013137021964056451,0.0059075395832457935,0.05528871120842771,0.013137024111946723,223.0,2.6709498727799694,0
Accelerometer,Branched,A1,No Leak,0.47 LPS,,9,BR_NL_0.47 LPS_A1,-3.56881285748019e-06,0.013305819224984264,0.007887710970288186,0.02994268057149796,0.013305819703587827,224.0,2.7151275670143513,0
Accelerometer,Branched,A2,No Leak,0.47 LPS,,0,BR_NL_0.47 LPS_A2,7.046375733184362e-05,0.0029133198431819237,0.11860444932258926,0.07858287925328522,0.002914171863458789,3.333333333333333,0.9836798025613105,0
Accelerometer,Branched,A2,No Leak,0.47 LPS,,1,BR_NL_0.47 LPS_A2,0.000119261995518309,0.002815351458570516,0.2345456010361527,0.3887025613379631,0.002817876373947257,1.3333333333333333,1.4084300725944068,0
Accelerometer,Branched,A2,No Leak,0.47 LPS,,2,BR_NL_0.47 LPS_A2,-5.44120174395598e-05,0.00310924813478574,0.05898721981367643,0.054702904444294376,0.003109724205023726,1.6666666666666665,0.8664389539901063,0
Accelerometer,Branched,A2,No Leak,0.47 LPS,,3,BR_NL_0.47 LPS_A2,7.175153379859515e-05,0.003444353075524487,0.09446977443631144,-0.12484500733409654,0.00344510034563254,1.3333333333333333,0.962693616025644,0
Accelerometer,Branched,A2,No Leak,0.47 LPS,,4,BR_NL_0.47 LPS_A2,1.6315138556980968e-05,0.003105580700667345,0.1279503732946952,0.17459552154669344,0.003105623556083964,1.6666666666666665,0.8913187255143948,0
Accelerometer,Branched,A2,No Leak,0.47 LPS,,5,BR_NL_0.47 LPS_A2,-0.0001463470604510536,0.0027554449267148647,-0.1308456099523736,-0.028626554319533426,0.0027593285788867824,1.6666666666666665,1.336334614829414,0
Accelerometer,Branched,A2,No Leak,0.47 LPS,,6,BR_NL_0.47 LPS_A2,4.838747727980969e-05,0.002919697214466694,-0.11249270088001091,0.5754970649151963,0.0029200981442619486,1.3333333333333333,0.9198156734722612,0
Accelerometer,Branched,A2,No Leak,0.47 LPS,,7,BR_NL_0.47 LPS_A2,-2.4733838448961544e-05,0.0030151197571844663,-0.11577288657827085,0.4845940296468596,0.0030152212046429586,1.3333333333333333,0.8610075803875142,0
Accelerometer,Branched,A2,No Leak,0.47 LPS,,8,BR_NL_0.47 LPS_A2,-2.190394413514066e-05,0.0030894201858455415,0.14714115191474508,0.32493437710244333,0.0030894978341922457,1.6666666666666665,0.9506683600661071,0
Accelerometer,Branched,A2,No Leak,0.47 LPS,,9,BR_NL_0.47 LPS_A2,0.0001148564182835142,0.003047957687818682,0.3287620018005772,0.29975456559981595,0.0030501209916254015,1.3333333333333333,1.642133267926085,0
Accelerometer,Branched,A2,No Leak,0.47 LPS,,10,BR_NL_0.47 LPS_A2,3.339924073606298e-05,0.002934725838495769,0.2557922732117008,-0.03382533108936059,0.0029349158857480797,3.333333333333333,1.2484404364392028,0
Accelerometer,Branched,A1,No Leak,ND,,0,BR_NL_ND_A1,-2.144773710320441e-06,0.0006165601435942267,-0.08294947527905265,0.2980155161297655,0.0006165638740010656,117.66666666666666,1.0332228571756505,0
Accelerometer,Branched,A1,No Leak,ND,,1,BR_NL_ND_A1,9.138577661367492e-07,0.0006402207841067728,-0.060755172760141814,0.28786171296523655,0.0006402214363314522,117.66666666666666,1.0086080395493398,0
Accelerometer,Branched,A1,No Leak,ND,,2,BR_NL_ND_A1,5.19219682156444e-07,0.0006325840973325104,-0.06155629211120636,0.18952728639513783,0.0006325843104180386,117.66666666666666,1.010681468025519,0
Accelerometer,Branched,A1,No Leak,ND,,3,BR_NL_ND_A1,3.244130255235268e-06,0.0006258785048104815,-0.10325371032581564,0.10689089476562863,0.0006258869124409911,117.66666666666666,1.0549720140987289,0
Accelerometer,Branched,A1,No Leak,ND,,4,BR_NL_ND_A1,1.8128051331492503e-06,0.0006322747773263615,-0.0810326179232194,0.1493743064843196,0.0006322773760823259,117.66666666666666,1.0275887601552058,0
Accelerometer,Branched,A1,No Leak,ND,,5,BR_NL_ND_A1,-2.654808068764642e-06,0.0006101098033183138,-0.031844310066568834,0.10984797065461072,0.0006101155793052605,117.66666666666666,1.0011911877460498,0
Accelerometer,Branched,A1,No Leak,ND,,6,BR_NL_ND_A1,-3.3783261874188745e-06,0.0006318676371112294,-0.012379890405508995,-0.03522452356172856,0.0006318766682797813,117.66666666666666,0.9930702906379195,0
Accelerometer,Branched,A1,No Leak,ND,,7,BR_NL_ND_A1,1.6430885307317824e-06,0.0006845190491540006,-0.02013272901089923,-0.046389823116758766,0.0006845210211488153,117.66666666666666,0.9803158192367922,0
Accelerometer,Branched,A1,No Leak,ND,,8,BR_NL_ND_A1,3.851962643173686e-06,0.0006688656396467572,-0.03136112676442673,0.11624485009211805,0.0006688767311816655,117.66666666666666,0.9867973464035565,0
Accelerometer,Branched,A1,No Leak,ND,,9,BR_NL_ND_A1,-8.691161435094767e-07,0.0006433972257341284,-0.032287072375827,0.056515339345104554,0.0006433978127451506,117.66666666666666,0.9930377618214513,0
Accelerometer,Branched,A1,No Leak,ND,,10,BR_NL_ND_A1,-5.827208944632578e-07,0.0006574465746090255,-0.035360301241026466,0.03710591689140763,0.0006574468328532596,117.66666666666666,0.9907108361041693,0
Accelerometer,Branched,A2,No Leak,ND,,0,BR_NL_ND_A2,-7.137049088263473e-05,0.00284941864683045,0.3979226488986178,1.0503533101981137,0.002850312328828878,2.0,1.8397965372402234,0
Accelerometer,Branched,A2,No Leak,ND,,1,BR_NL_ND_A2,-1.6247888175776163e-05,0.00293342236994037,0.19501966006709606,0.6291114688430608,0.0029334673671845657,1.0,1.0747960756516866,0
Accelerometer,Branched,A2,No Leak,ND,,2,BR_NL_ND_A2,-6.27679540923985e-05,0.003130205498717131,0.31223416001497056,1.353817027791104,0.003130834757737928,1.0,1.5307353899124183,0
Accelerometer,Branched,A2,No Leak,ND,,3,BR_NL_ND_A2,2.569514793398652e-05,0.0027919461525678594,0.32590585432351743,1.8888725545409706,0.0027920643902793183,1.6666666666666665,1.5082488458447227,0
Accelerometer,Branched,A2,No Leak,ND,,4,BR_NL_ND_A2,5.4236278214141606e-05,0.0024930499896913755,0.31524388091513483,0.34315484471427427,0.002493639874756315,7.0,1.4756008356523949,0
Accelerometer,Branched,A2,No Leak,ND,,5,BR_NL_ND_A2,0.0001322983090952699,0.0029874243669714934,0.1684503584558667,0.39785324956180235,0.002990352352309757,2.0,1.3225695471904628,0
Accelerometer,Branched,A2,No Leak,ND,,6,BR_NL_ND_A2,1.3730760220641234e-05,0.0031394233582022714,-0.02320771593651425,0.2318353508900719,0.0031394533848748676,2.0,0.7456339773596645,0
Accelerometer,Branched,A2,No Leak,ND,,7,BR_NL_ND_A2,-1.1659503283271005e-05,0.003204605699193501,-0.1307814653608249,0.0804326605620358,0.003204626909847741,2.333333333333333,0.8992747304140484,0
Accelerometer,Branched,A2,No Leak,ND,,8,BR_NL_ND_A2,-2.516693189870363e-05,0.0032106040943413127,-0.047685189638832795,-0.10061423815505721,0.0032107027307214844,3.6666666666666665,0.7824217897157001,0
Accelerometer,Branched,A2,No Leak,ND,,9,BR_NL_ND_A2,-7.391188694341006e-05,0.003128485199250514,-0.06027982174796105,-0.05260822647395447,0.003129358178438682,1.6666666666666665,0.9239922097798272,0
Accelerometer,Branched,A1,No Leak,Transient,,0,BR_NL_Transient_A1,-0.000876062183166898,0.013861900031382521,-0.04721264044662678,0.046220981346182466,0.013889555695875156,0.3333333333333333,6.817351396733544,0
Accelerometer,Branched,A1,No Leak,Transient,,1,BR_NL_Transient_A1,-7.88842122839664e-05,0.013327626747770717,-0.013142423183272207,0.020257932999743655,0.013327860197602659,1809.3333333333333,2.1648637080638435,0
Accelerometer,Branched,A1,No Leak,Transient,,2,BR_NL_Transient_A1,1.1842253528020107e-05,0.013351601511538618,-0.014395085164513858,-0.01192436852576284,0.013351606763303393,1803.3333333333333,2.073594543722279,0
Accelerometer,Branched,A1,No Leak,Transient,,3,BR_NL_Transient_A1,3.927043444573914e-06,0.013539430015960844,-0.010807482861846105,0.08268402062880265,0.013539430585470412,1845.3333333333333,2.128554779942599,0
Accelerometer,Branched,A1,No Leak,Transient,,4,BR_NL_Transient_A1,3.429355724322001e-07,0.013691442465116893,-0.006642189585883417,0.06751938703071447,0.013691442469411723,1844.6666666666665,2.1475491495457164,0
Accelerometer,Branched,A1,No Leak,Transient,,5,BR_NL_Transient_A1,-7.209439033966355e-06,0.01380983528299349,-0.009619589549537207,0.045584399160831346,0.013809837164840976,1757.6666666666665,2.106139415003706,0
Accelerometer,Branched,A1,No Leak,Transient,,6,BR_NL_Transient_A1,-2.593254798429019e-05,0.013711681337118057,-0.029600007706967548,0.759403632861607,0.013711705859874496,217.33333333333331,2.8221129096725197,0
Accelerometer,Branched,A1,No Leak,Transient,,7,BR_NL_Transient_A1,7.386488868322468e-06,0.009662403548999643,-0.08870884861795279,5.74254943591394,0.009662406372324583,217.33333333333331,1.6144999661696082,0
Accelerometer,Branched,A1,No Leak,Transient,,8,BR_NL_Transient_A1,2.6539243643394632e-05,0.0008984835684484377,0.07217008044519557,12.932394326571174,0.0008988754386593294,40.33333333333333,1.8216196022936675,0
Accelerometer,Branched,A1,No Leak,Transient,,9,BR_NL_Transient_A1,1.697289478477685e-05,0.00046058221497354663,-0.035471324179160116,-0.06974550679483027,0.0004608948425696619,117.66666666666666,1.0401327315151143,0
Accelerometer,Branched,A1,No Leak,Transient,,10,BR_NL_Transient_A1,3.1496014052898756e-05,0.0005142407070108035,-0.006050036456233415,-0.1108704081459484,0.0005152043319384956,117.66666666666666,1.0367449346056745,0
Accelerometer,Branched,A2,No Leak,Transient,,0,BR_NL_Transient_A2,6.545700772218186e-05,0.003121621184936671,0.16163473726853683,0.041833440621869666,0.0031223073907136966,3.333333333333333,1.0519680582738786,0
Accelerometer,Branched,A2,No Leak,Transient,,1,BR_NL_Transient_A2,0.0002398976626554732,0.003405591409068453,0.16433859809759013,-0.08704315191138523,0.003414030423717459,3.0,1.910049198846641,0
Accelerometer,Branched,A2,No Leak,Transient,,2,BR_NL_Transient_A2,4.5188828370354795e-05,0.0037495038519359146,-0.01846369493356214,-0.22417669459923895,0.003749776148770983,1.0,0.8505456255714549,0
Accelerometer,Branched,A2,No Leak,Transient,,3,BR_NL_Transient_A2,-0.00020448967294655086,0.0036375477115048165,-0.07101151125269912,-0.08584461661428966,0.0036432910094879485,1.3333333333333333,1.6242935452638991,0
Accelerometer,Branched,A2,No Leak,Transient,,4,BR_NL_Transient_A2,6.1670097851804915e-06,0.0034685733263111543,0.0409701311538145,-0.009262066035985672,0.003468578808677542,4.333333333333333,0.761931429593537,0
Accelerometer,Branched,A2,No Leak,Transient,,5,BR_NL_Transient_A2,0.00010082055597209718,0.0035157015087457976,0.049561940331592926,-0.05067741349424937,0.003517146838433676,702.3333333333333,0.9833795982444365,0
Accelerometer,Branched,A2,No Leak,Transient,,6,BR_NL_Transient_A2,-4.207689667648488e-05,0.0037878013497492594,-0.12952054976640803,0.08388182397667476,0.003788035048728593,1.3333333333333333,0.959397082390159,0
Accelerometer,Branched,A2,No Leak,Transient,,7,BR_NL_Transient_A2,-0.00011045281717769128,0.003356039859589735,-0.2702813118069555,0.541588006789147,0.003357856960023398,2.6666666666666665,1.449744647328658,0
Accelerometer,Branched,A2,No Leak,Transient,,8,BR_NL_Transient_A2,3.754237711307985e-05,0.0026002951641801945,0.0331461543078227,0.2544767544213804,0.002600566163537895,1.0,0.7974167969508175,0
Accelerometer,Branched,A2,No Leak,Transient,,9,BR_NL_Transient_A2,-1.020641132127246e-05,0.0025258479824930994,-0.01238287852005527,-0.16389904002614175,0.0025258686033712285,1.3333333333333333,0.7605675612536342,0
Accelerometer,Branched,A2,No Leak,Transient,,10,BR_NL_Transient_A2,-5.469161671704175e-05,0.002656588601999427,0.1332031633190286,0.38466283676929125,0.0026571515149144942,1.0,1.0028437974080469,0
Accelerometer,Branched,A1,Orifice Leak,0.18 LPS,,0,BR_OL_0.18 LPS_A1,0.0002247782252097422,0.0050242877978642336,-0.051464141193451884,0.12348783941973984,0.005029313385174548,212.66666666666666,1.6988893731814507,1
Accelerometer,Branched,A1,Orifice Leak,0.18 LPS,,1,BR_OL_0.18 LPS_A1,1.41184169283136e-05,0.005015507155454469,-0.05079165847284131,0.0721519012758689,0.00501552702675517,217.0,0.5983038848017856,1
Accelerometer,Branched,A1,Orifice Leak,0.18 LPS,,2,BR_OL_0.18 LPS_A1,-7.772348169695466e-06,0.004944160654452723,-0.008916343519073926,0.0716413811507306,0.004944166763614922,215.0,0.5426929969124198,1
Accelerometer,Branched,A1,Orifice Leak,0.18 LPS,,3,BR_OL_0.18 LPS_A1,-9.925839776999436e-07,0.004875570662682356,-0.023577606522360742,0.1370473373580281,0.004875570763719036,215.33333333333331,0.5335833036133193,1
Accelerometer,Branched,A1,Orifice Leak,0.18 LPS,,4,BR_OL_0.18 LPS_A1,2.7013710618795747e-06,0.004907248945614784,-0.057551039216875474,0.1268461452606897,0.0049072496891479885,216.0,0.579938982891306,1
Accelerometer,Branched,A1,Orifice Leak,0.18 LPS,,5,BR_OL_0.18 LPS_A1,2.0377733259111947e-06,0.004902245798425219,-0.03894920378523521,0.08798893565980359,0.004902246221957628,216.33333333333331,0.5543649060385692,1
Accelerometer,Branched,A1,Orifice Leak,0.18 LPS,,6,BR_OL_0.18 LPS_A1,-4.963666768749197e-06,0.004830217361163851,-0.012926793453843274,0.0758384708014872,0.004830219911564739,214.0,0.5264577916730038,1
Accelerometer,Branched,A1,Orifice Leak,0.18 LPS,,7,BR_OL_0.18 LPS_A1,-5.935616130465698e-06,0.004875510914080044,0.004148521508342001,0.04409704730816166,0.004875514527191204,217.33333333333331,0.52596768759842,1
Accelerometer,Branched,A1,Orifice Leak,0.18 LPS,,8,BR_OL_0.18 LPS_A1,4.638015313581288e-05,0.005025002425880306,-0.010610658721985309,0.02179814984872852,0.0050252164628708145,217.0,0.6443647546500413,1
Accelerometer,Branched,A1,Orifice Leak,0.18 LPS,,9,BR_OL_0.18 LPS_A1,-2.072570617592184e-05,0.00500114586190569,0.0029301673695029673,0.044120655672734266,0.005001188807368995,211.66666666666666,0.5730327151808535,1
Accelerometer,Branched,A2,Orifice Leak,0.18 LPS,,0,BR_OL_0.18 LPS_A2,-3.1891680738859796e-05,0.0027536202046137457,-0.055259869368958034,1.2127789040567283,0.0027538048788099344,3.333333333333333,0.7710907597573708,1
Accelerometer,Branched,A2,Orifice Leak,0.18 LPS,,1,BR_OL_0.18 LPS_A2,-6.14536112168476e-05,0.00242806256325856,0.15140107237347342,0.3313140361300242,0.0024288401259509283,3.333333333333333,1.0745587867851263,1
Accelerometer,Branched,A2,Orifice Leak,0.18 LPS,,2,BR_OL_0.18 LPS_A2,-9.648256712512845e-06,0.0024354989459230373,-0.044260328950341765,0.0946503058408199,0.0024355180566872866,2.6666666666666665,0.7731518071543343,1
Accelerometer,Branched,A2,Orifice Leak,0.18 LPS,,3,BR_OL_0.18 LPS_A2,-3.856614679115002e-06,0.0023473470622699904,-0.0646317783888348,-0.026536119298604444,0.002347350230413931,2.6666666666666665,0.8002414771796603,1
Accelerometer,Branched,A2,Orifice Leak,0.18 LPS,,4,BR_OL_0.18 LPS_A2,9.492105660098965e-06,0.0021017397312900537,0.20765019405571836,-0.060154661686844246,0.002101761165820952,705.0,1.4013081158505583,1
Accelerometer,Branched,A2,Orifice Leak,0.18 LPS,,5,BR_OL_0.18 LPS_A2,7.705653996297233e-05,0.0023280307780924846,0.2308511182627009,0.25097786361730234,0.0023293056935698594,705.0,1.476528880732819,1
Accelerometer,Branched,A2,Orifice Leak,0.18 LPS,,6,BR_OL_0.18 LPS_A2,-6.504122220080606e-05,0.002702192748843955,0.11804937653193145,-0.1285857691234722,0.0027029753999047467,1.0,1.0044642190463147,1
Accelerometer,Branched,A2,Orifice Leak,0.18 LPS,,7,BR_OL_0.18 LPS_A2,-8.29338142587451e-05,0.0027679618847426006,0.08666956712351699,-0.18631992884721926,0.0027692040395997032,1.0,1.0179868063221642,1
Accelerometer,Branched,A2,Orifice Leak,0.18 LPS,,8,BR_OL_0.18 LPS_A2,9.375309532375072e-05,0.002612640784530559,0.17281403305101892,0.13217297419760543,0.002614322381014866,705.0,1.3234939587453325,1
Accelerometer,Branched,A2,Orifice Leak,0.18 LPS,,9,BR_OL_0.18 LPS_A2,3.974780263063008e-05,0.0025672639660171293,0.225300240810212,0.11131540256123351,0.0025675716463273157,2.333333333333333,1.1771573198098708,1
Accelerometer,Branched,A2,Orifice Leak,0.18 LPS,,10,BR_OL_0.18 LPS_A2,-7.474335370658564e-06,0.002501104406411612,0.12999373468174408,0.24286390919009415,0.0025011155745908293,705.0,1.155095252861207,1
Accelerometer,Branched,A1,Orifice Leak,0.47 LPS,,0,BR_OL_0.47 LPS_A1,0.0005981918878306128,0.012818466676288711,-0.0019139961617322008,-0.10650420991142084,0.012832416820918438,1810.3333333333333,4.584841474947161,1
Accelerometer,Branched,A1,Orifice Leak,0.47 LPS,,1,BR_OL_0.47 LPS_A1,5.326269179179877e-05,0.012774502117170457,0.0017834350249115616,-0.03334653890744743,0.012774613154844629,1812.3333333333333,2.034230627432623,1
Accelerometer,Branched,A1,Orifice Leak,0.47 LPS,,2,BR_OL_0.47 LPS_A1,-9.334692956279925e-06,0.012560772913317253,0.006226247716767028,-0.014788685354337083,0.012560776381912744,1817.6666666666665,2.000737946550172,1
Accelerometer,Branched,A1,Orifice Leak,0.47 LPS,,3,BR_OL_0.47 LPS_A1,-4.325940502340706e-06,0.012492234543690316,0.02349212040333617,-0.03700818629097924,0.012492235292706058,1794.0,1.9709555625360626,1
Accelerometer,Branched,A1,Orifice Leak,0.47 LPS,,4,BR_OL_0.47 LPS_A1,1.1558084206788034e-06,0.0126458661824888,0.032239541313256716,-0.0599348639449242,0.012645866235308159,1791.0,1.9836584495890441,1
Accelerometer,Branched,A1,Orifice Leak,0.47 LPS,,5,BR_OL_0.47 LPS_A1,2.9834853389799018e-06,0.012596441381701715,-0.0035754394209566013,-0.09583964240127152,0.012596441735023117,1828.6666666666665,2.0114119378197723,1
Accelerometer,Branched,A1,Orifice Leak,0.47 LPS,,6,BR_OL_0.47 LPS_A1,-2.7071621477645105e-06,0.01246502795130152,-0.030575779544020357,-0.047828522836861787,0.012465028245273055,1828.3333333333333,2.0039868688373126,1
Accelerometer,Branched,A1,Orifice Leak,0.47 LPS,,7,BR_OL_0.47 LPS_A1,-9.626810086192544e-06,0.012641915901336847,-0.007477861819309177,-0.07712539462848689,0.012641919566740878,1834.3333333333333,2.025701898726266,1
Accelerometer,Branched,A1,Orifice Leak,0.47 LPS,,8,BR_OL_0.47 LPS_A1,6.320949027170427e-05,0.012548659976212073,0.0010846148938246723,-0.09613447924137963,0.012548819173063544,1806.3333333333333,2.0178113418771315,1
Accelerometer,Branched,A1,Orifice Leak,0.47 LPS,,9,BR_OL_0.47 LPS_A1,4.716777938599734e-06,0.012510740991785332,-0.0026635764655980783,-0.048458234554723756,0.012510741880941032,1820.3333333333333,1.9943279934553273,1
Accelerometer,Branched,A2,Orifice Leak,0.47 LPS,,0,BR_OL_0.47 LPS_A2,1.2347363401405392e-05,0.002684263202774463,0.07247527079334852,0.030152196203309334,0.002684291600991216,702.3333333333333,0.9933501905615009,1
Accelerometer,Branched,A2,Orifice Leak,0.47 LPS,,1,BR_OL_0.47 LPS_A2,6.188940153513021e-05,0.0029718523743189587,0.026680142676007972,0.21757463538745103,0.002972496733853144,702.3333333333333,0.9469206440408394,1
Accelerometer,Branched,A2,Orifice Leak,0.47 LPS,,2,BR_OL_0.47 LPS_A2,2.120814574874488e-05,0.003383925755537236,0.13147336345224614,0.219081582488184,0.003383992214003211,702.3333333333333,0.9405459778114168,1
Accelerometer,Branched,A2,Orifice Leak,0.47 LPS,,3,BR_OL_0.47 LPS_A2,1.0833147085166003e-05,0.00312876453355304,0.15833453959794783,0.413254480363606,0.003128783288036283,702.3333333333333,1.0654867604976037,1
Accelerometer,Branched,A2,Orifice Leak,0.47 LPS,,4,BR_OL_0.47 LPS_A2,-1.2118677776427784e-05,0.0029338354586482224,0.24339887125833268,0.327517833567319,0.0029338604876122977,702.3333333333333,1.3519050800291428,1
Accelerometer,Branched,A2,Orifice Leak,0.47 LPS,,5,BR_OL_0.47 LPS_A2,-0.00012403436178121138,0.003525681791941564,0.9343816625956336,2.2445734937584314,0.0035278628971277715,1.3333333333333333,3.923721027751707,1
Accelerometer,Branched,A2,Orifice Leak,0.47 LPS,,6,BR_OL_0.47 LPS_A2,1.9998194809304803e-06,0.0032634974533465766,0.9192375985584764,3.0608286623648437,0.00326349806607535,1.3333333333333333,3.735740204334279,1
Accelerometer,Branched,A2,Orifice Leak,0.47 LPS,,7,BR_OL_0.47 LPS_A2,8.845373758149949e-05,0.0024788154938468377,0.07509514377424716,0.25907776526268567,0.0024803931777497047,702.3333333333333,1.1818305461697258,1
Accelerometer,Branched,A2,Orifice Leak,0.47 LPS,,8,BR_OL_0.47 LPS_A2,2.8441440657711025e-05,0.00297295735607719,0.25055915783814403,0.5921721454304412,0.0029730933985665773,702.3333333333333,1.3589451388109217,1
Accelerometer,Branched,A2,Orifice Leak,0.47 LPS,,9,BR_OL_0.47 LPS_A2,-6.37453057747515e-05,0.0038593273842588453,0.759075434436382,1.7286479435343116,0.00385985379553404,702.3333333333333,3.195737593268502,1
Accelerometer,Branched,A2,Orifice Leak,0.47 LPS,,10,BR_OL_0.47 LPS_A2,-0.00015337018127376307,0.0037824259309674497,0.8497308128311372,2.1421058815449303,0.0037855340885744144,702.3333333333333,3.7400956308563367,1
Accelerometer,Branched,A1,Orifice Leak,ND,,0,BR_OL_ND_A1,-7.85452888107468e-06,0.0010136296698693252,0.0482620501645609,-0.1634961106386057,0.001013660101445914,353.3333333333333,1.031959694186868,1
Accelerometer,Branched,A1,Orifice Leak,ND,,1,BR_OL_ND_A1,3.6833376391701454e-06,0.0010277980399780674,0.10875192762263042,-0.19673943602463773,0.0010278046399773261,353.3333333333333,1.1018202254694964,1
Accelerometer,Branched,A1,Orifice Leak,ND,,2,BR_OL_ND_A1,1.614019221338091e-07,0.001022933020205053,0.0977191203717041,-0.12485324287858957,0.0010229330329383308,353.3333333333333,1.0879607322666225,1
Accelerometer,Branched,A1,Orifice Leak,ND,,3,BR_OL_ND_A1,-6.180404779827321e-06,0.001047086341755329,0.016554484765098226,-0.09617927940827542,0.0010471045814501052,353.3333333333333,0.9998104143876021,1
Accelerometer,Branched,A1,Orifice Leak,ND,,4,BR_OL_ND_A1,-9.566451443084559e-07,0.0010435792050430992,0.023801076603640243,-0.12874727049816004,0.0010435796435195154,353.3333333333333,1.0013339461242619,1
Accelerometer,Branched,A1,Orifice Leak,ND,,5,BR_OL_ND_A1,2.6449224198892978e-06,0.0010196537244018674,0.054316227138320045,-0.11183392858544616,0.0010196571547835117,117.66666666666666,0.9381604880527687,1
Accelerometer,Branched,A1,Orifice Leak,ND,,6,BR_OL_ND_A1,1.8541808876738718e-07,0.001008429654713237,0.06576774144726123,-0.09109709457928039,0.0010084296717594767,353.3333333333333,1.0482967529517164,1
Accelerometer,Branched,A1,Orifice Leak,ND,,7,BR_OL_ND_A1,1.7831877690135713e-06,0.0009950827510869311,0.09180375724314549,-0.1632041932408934,0.0009950843488214227,353.3333333333333,1.084551640668715,1
Accelerometer,Branched,A1,Orifice Leak,ND,,8,BR_OL_ND_A1,-9.114074233844756e-07,0.001010533151565102,0.09505376357978423,-0.13103447205949426,0.0010105335625676115,353.3333333333333,1.087408030575875,1
Accelerometer,Branched,A1,Orifice Leak,ND,,9,BR_OL_ND_A1,-2.0942593816946998e-07,0.0010291543017889198,0.08671754900268856,-0.12036581862694629,0.0010291543230973004,117.66666666666666,0.9781939497809417,1
Accelerometer,Branched,A1,Orifice Leak,ND,,10,BR_OL_ND_A1,7.77243638299412e-06,0.0010224292599186429,0.053206228535513274,-0.12690665995509898,0.001022458802253231,117.66666666666666,0.9361218964140584,1
Accelerometer,Branched,A2,Orifice Leak,ND,,0,BR_OL_ND_A2,9.190093715652886e-05,0.0018674930996227805,0.09715331781835561,0.4468510911471797,0.001869752994218474,706.6666666666666,1.369666345528149,1
Accelerometer,Branched,A2,Orifice Leak,ND,,1,BR_OL_ND_A2,4.8475024254028425e-05,0.002038639744351031,0.18067970565296224,0.6603343134757362,0.002039215985427749,706.6666666666666,1.3942318373978395,1
Accelerometer,Branched,A2,Orifice Leak,ND,,2,BR_OL_ND_A2,-1.3085002488108163e-06,0.002125089355117796,0.24031325066843684,0.40118545014633344,0.0021250897579650303,706.6666666666666,1.5022882437226055,1
Accelerometer,Branched,A2,Orifice Leak,ND,,3,BR_OL_ND_A2,-1.439381240825307e-05,0.0025222582531813204,-0.24734192810685568,0.5936991209048958,0.002522299323549235,706.6666666666666,1.3354318714912485,1
Accelerometer,Branched,A2,Orifice Leak,ND,,4,BR_OL_ND_A2,-1.9526145536841356e-05,0.002777505374204277,-0.2948000197138842,0.45067629829864453,0.0027775740087517316,2.6666666666666665,1.3503096636097633,1
Accelerometer,Branched,A2,Orifice Leak,ND,,5,BR_OL_ND_A2,7.71057432302224e-06,0.0024345318152677537,-0.07766903843603415,0.5009826408501343,0.0024345440255841124,706.6666666666666,1.0408987882181167,1
Accelerometer,Branched,A2,Orifice Leak,ND,,6,BR_OL_ND_A2,-7.07621249705532e-05,0.0023501972779083314,-0.021815823956114196,0.29103584773491553,0.0023512623255217777,706.6666666666666,1.1754094443369636,1
Accelerometer,Branched,A2,Orifice Leak,ND,,7,BR_OL_ND_A2,-4.841105859205689e-05,0.002476724711310448,0.031228697877214592,0.8074844214134362,0.002477197797151012,706.6666666666666,1.1129950685858627,1
Accelerometer,Branched,A2,Orifice Leak,ND,,8,BR_OL_ND_A2,0.00010329346305022589,0.002645751828309997,-0.1829158612981219,0.7345155372540377,0.0026477674135985964,706.6666666666666,1.354216400533582,1
Accelerometer,Branched,A2,Orifice Leak,ND,,9,BR_OL_ND_A2,3.707317166709541e-05,0.0027644031545917495,-0.12025124332581162,0.23187077788260346,0.0027646517359649976,706.6666666666666,1.0323108591479835,1
Accelerometer,Branched,A1,Orifice Leak,Transient,,0,BR_OL_Transient_A1,-0.0009042240060105357,0.01393335071847977,-0.02051045273492166,0.029759529806209883,0.01396266032306188,0.3333333333333333,7.003264799428813,1
Accelerometer,Branched,A1,Orifice Leak,Transient,,1,BR_OL_Transient_A1,-7.502693551976141e-05,0.013448672631671958,0.03664715825974421,0.026670518017680056,0.013448881908728913,1826.3333333333333,2.189682765073857,1
Accelerometer,Branched,A1,Orifice Leak,Transient,,2,BR_OL_Transient_A1,2.446117815126785e-05,0.013408508989861446,0.014119870318868624,0.03091319512024704,0.01340853130213864,1826.0,2.098242706228788,1
Accelerometer,Branched,A1,Orifice Leak,Transient,,3,BR_OL_Transient_A1,-1.5043282898051274e-06,0.013485674953451888,-0.001154041267926366,-0.015075502800070861,0.013485675037355867,1850.3333333333333,2.127437859014772,1
Accelerometer,Branched,A1,Orifice Leak,Transient,,4,BR_OL_Transient_A1,-6.448189215750008e-06,0.013613737093997368,-0.012816957046666225,-0.09013800307786735,0.013613738621099793,1823.6666666666665,2.1265557909406145,1
Accelerometer,Branched,A1,Orifice Leak,Transient,,5,BR_OL_Transient_A1,-6.495114233975551e-06,0.013539780434617203,-0.01311146022288887,-0.10954538411325032,0.013539781992489824,1823.6666666666665,2.117331614527023,1
Accelerometer,Branched,A1,Orifice Leak,Transient,,6,BR_OL_Transient_A1,-1.8296410686407186e-05,0.012923157637222083,-0.05868718674448104,0.7176550462997113,0.012923170589106046,1867.3333333333333,2.094148077099319,1
Accelerometer,Branched,A1,Orifice Leak,Transient,,7,BR_OL_Transient_A1,5.305514888421176e-06,0.008857035722184794,-0.18567983440147678,6.3944296659766415,0.008857037311231433,41.0,1.7622455874471077,1
Accelerometer,Branched,A1,Orifice Leak,Transient,,8,BR_OL_Transient_A1,1.6654363518907975e-05,0.0008685678579222146,0.029780523592237967,-0.0567396968595939,0.0008687275128829548,706.3333333333333,1.4484669485072224,1
Accelerometer,Branched,A1,Orifice Leak,Transient,,9,BR_OL_Transient_A1,-4.431288071437001e-06,0.00090262353744484,0.03466697743432627,0.003629703553893915,0.0009026344147346745,706.3333333333333,1.4483920421989844,1
Accelerometer,Branched,A1,Orifice Leak,Transient,,10,BR_OL_Transient_A1,1.654002491024317e-05,0.0009376490518964004,0.02380309976459035,-0.015850575389698474,0.0009377949226490032,706.3333333333333,1.4272662885905385,1
Accelerometer,Branched,A2,Orifice Leak,Transient,,0,BR_OL_Transient_A2,5.5284536545470394e-05,0.0030733029481723423,-0.1536616712012215,4.139476731719178,0.0030738001547312506,1.3333333333333333,0.9978435442733582,1
Accelerometer,Branched,A2,Orifice Leak,Transient,,1,BR_OL_Transient_A2,9.946369321251898e-05,0.0031207909784292213,-0.5785280781343596,1.9577107452509468,0.003122375595169917,1.6666666666666665,2.472013678233408,1
Accelerometer,Branched,A2,Orifice Leak,Transient,,2,BR_OL_Transient_A2,-4.434179216316209e-06,0.003337060192658724,-0.5314061778929843,0.7232295523763566,0.003337063138655426,1.3333333333333333,2.185859354271108,1
Accelerometer,Branched,A2,Orifice Leak,Transient,,3,BR_OL_Transient_A2,-8.42315837951183e-05,0.0031972315322652822,-0.5305764571792997,0.7095846504081575,0.003198340887181984,3.6666666666666665,2.2180602317700098,1
Accelerometer,Branched,A2,Orifice Leak,Transient,,4,BR_OL_Transient_A2,-4.636841282941467e-05,0.0026191477139912737,-0.4686231923203547,1.1034282256649828,0.002619558126366742,702.6666666666666,2.007588927711468,1
Accelerometer,Branched,A2,Orifice Leak,Transient,,5,BR_OL_Transient_A2,-0.00015575219257735063,0.0030053159627907314,-0.608497702295778,0.69517941277218,0.003009349228935956,2.0,2.626201333429353,1
Accelerometer,Branched,A2,Orifice Leak,Transient,,6,BR_OL_Transient_A2,-2.8832211498877047e-05,0.003153271828356478,-0.6872380182973887,0.4904409358608439,0.0031534036405012475,1.0,2.7658232607417244,1
Accelerometer,Branched,A2,Orifice Leak,Transient,,7,BR_OL_Transient_A2,0.00012436217230627725,0.0025049939253007033,-0.6102611538902559,1.2473937441839666,0.002508079048932502,0.6666666666666666,2.6634283499855265,1
Accelerometer,Branched,A2,Orifice Leak,Transient,,8,BR_OL_Transient_A2,2.333370244453041e-05,0.0027639085375497615,-0.6325501297122951,1.3806020757958795,0.0027640070306730827,2.0,2.552408237619842,1
Accelerometer,Branched,A2,Orifice Leak,Transient,,9,BR_OL_Transient_A2,-7.330333277852033e-06,0.002899879464372201,-0.6199026913132784,1.0258203686793381,0.00289988872918834,2.333333333333333,2.4959820763828393,1
Accelerometer,Branched,A2,Orifice Leak,Transient,,10,BR_OL_Transient_A2,-4.247394679487464e-05,0.002997745099249353,0.1787152571437149,2.4347334501867026,0.0029980459830079072,706.3333333333333,1.3017552646796495,1
