sensor,network,channel,leak_type,state,noise_flag,window_idx,trial_file,mean,std,skewness,kurtosis,rms,dominant_frequency,anomaly_score
Accelerometer,Looped,A1,Circumferential Crack,0.18 LPS,,0,LO_CC_0.18 LPS_A1,-2.603689756647856e-05,0.0005333528307976954,-0.003813310206630401,0.04851575473133529,0.0005339879794104006,0.6666666666666666,1.0411240667110722
Accelerometer,Looped,A1,Circumferential Crack,0.18 LPS,,1,LO_CC_0.18 LPS_A1,-1.7841284057046455e-06,0.0005307583534279978,0.0012176349912997764,0.04551494293396319,0.0005307613520667904,1781.0,3.271599504272214
Accelerometer,Looped,A1,Circumferential Crack,0.18 LPS,,2,LO_CC_0.18 LPS_A1,-1.0452365867433342e-08,0.0005330207009474983,-0.023678425563466905,0.016308952372814822,0.0005330207010499821,235.0,1.053913391381544
Accelerometer,Looped,A1,Circumferential Crack,0.18 LPS,,3,LO_CC_0.18 LPS_A1,-3.0079693752198383e-06,0.0005259910376661573,0.0029699802034843523,-0.0024657172035413844,0.0005259996383885478,235.0,1.0585466461991595
Accelerometer,Looped,A1,Circumferential Crack,0.18 LPS,,4,LO_CC_0.18 LPS_A1,7.913821400114866e-07,0.0005210511188382973,0.005964977438095582,0.04280918391253641,0.0005210517198209147,235.0,1.0600151601983068
Accelerometer,Looped,A1,Circumferential Crack,0.18 LPS,,5,LO_CC_0.18 LPS_A1,2.7578469183257073e-06,0.000527546726164133,-0.033876144743024576,0.1261472714707108,0.0005275539346892596,117.66666666666666,1.0202363608296006
Accelerometer,Looped,A1,Circumferential Crack,0.18 LPS,,6,LO_CC_0.18 LPS_A1,2.902175336743765e-06,0.0005289433911491567,-0.017765604492006818,0.09150139669332491,0.000528951352831293,110.33333333333333,1.015732792779555
Accelerometer,Looped,A1,Circumferential Crack,0.18 LPS,,7,LO_CC_0.18 LPS_A1,-1.1629623998478728e-06,0.0005294349458424553,-0.008044380994401511,0.08037048719723705,0.0005294362231286664,235.0,1.0558604765856578
Accelerometer,Looped,A1,Circumferential Crack,0.18 LPS,,8,LO_CC_0.18 LPS_A1,-2.012869416524207e-06,0.0005302702488660972,-0.013908288514596124,0.07439995928376897,0.0005302740692093105,235.0,1.055414389441125
Accelerometer,Looped,A1,Circumferential Crack,0.18 LPS,,9,LO_CC_0.18 LPS_A1,-5.253316367309247e-06,0.0005257193044856816,-0.023841937624936624,-0.012058186471736843,0.0005257455510432436,433.66666666666663,1.2082220131191646
Accelerometer,Looped,A1,Circumferential Crack,0.18 LPS,,10,LO_CC_0.18 LPS_A1,-3.3346467621213263e-06,0.000530500903935011,-0.015197684154300466,-0.041086424033469626,0.0005305113843687918,0.6666666666666666,1.0227767653158155
Accelerometer,Looped,A2,Circumferential Crack,0.18 LPS,,0,LO_CC_0.18 LPS_A2,-0.00013887789682423787,0.0019502029600088366,-0.2415069528474917,-0.7957805408420597,0.0019551415947326044,246.66666666666666,1.4951575996960642
Accelerometer,Looped,A2,Circumferential Crack,0.18 LPS,,1,LO_CC_0.18 LPS_A2,-1.3800961572181837e-05,0.0018962935371889195,-0.23383848169946753,-0.8958527211576008,0.0018963437572668046,246.66666666666666,1.155656807310922
Accelerometer,Looped,A2,Circumferential Crack,0.18 LPS,,2,LO_CC_0.18 LPS_A2,2.9884285694877015e-06,0.001895337267436012,-0.23371335641387161,-0.8913429683130962,0.0018953396234018649,246.66666666666666,1.155118140737828
Accelerometer,Looped,A2,Circumferential Crack,0.18 LPS,,3,LO_CC_0.18 LPS_A2,2.4673093231767873e-06,0.0018975585379091995,-0.22894195574007262,-0.8945800968043183,0.001897560141973739,246.66666666666666,1.1402778625014396
Accelerometer,Looped,A2,Circumferential Crack,0.18 LPS,,4,LO_CC_0.18 LPS_A2,-2.462493115896667e-06,0.0018997768258302544,-0.2234175614699962,-0.9020132836385129,0.0018997784217729243,246.66666666666666,1.1225688826569058
Accelerometer,Looped,A2,Circumferential Crack,0.18 LPS,,5,LO_CC_0.18 LPS_A2,-2.3224079650523835e-06,0.0018994336163139097,-0.2298255477991562,-0.9006706156445667,0.0018994350360994432,246.66666666666666,1.141848479439918
Accelerometer,Looped,A2,Circumferential Crack,0.18 LPS,,6,LO_CC_0.18 LPS_A2,3.4246439175926712e-06,0.0018990411674941659,-0.23447415780404607,-0.8950373654609338,0.0018990442554146984,246.66666666666666,1.157245462887551
Accelerometer,Looped,A2,Circumferential Crack,0.18 LPS,,7,LO_CC_0.18 LPS_A2,-1.4717553257530924e-06,0.0018987150417246448,-0.23250269318885136,-0.8941270013979206,0.0018987156121270919,246.66666666666666,1.1499678851517783
Accelerometer,Looped,A2,Circumferential Crack,0.18 LPS,,8,LO_CC_0.18 LPS_A2,-1.5629682469007405e-06,0.0018985349788469517,-0.22750146648805944,-0.8964875096871161,0.0018985356222033696,246.66666666666666,1.134921200919428
Accelerometer,Looped,A2,Circumferential Crack,0.18 LPS,,9,LO_CC_0.18 LPS_A2,4.304400437415119e-06,0.0018982415792847956,-0.22996825707101262,-0.8924089943629983,0.001898246459548591,246.66666666666666,1.143894745365605
Accelerometer,Looped,A2,Circumferential Crack,0.18 LPS,,10,LO_CC_0.18 LPS_A2,5.134027918586188e-06,0.0019010533267821768,-0.23014936958253393,-0.8997337946412052,0.0019010602593059092,246.66666666666666,1.1446619876760302
Accelerometer,Looped,A1,Circumferential Crack,0.47 LPS,,0,LO_CC_0.47 LPS_A1,-4.538623377228261e-06,0.0011010366003843504,-0.0019537946057826554,0.023724041062892276,0.0011010459547576058,1900.3333333333333,3.346962227991151
Accelerometer,Looped,A1,Circumferential Crack,0.47 LPS,,1,LO_CC_0.47 LPS_A1,1.5711893311835663e-06,0.00109434542370335,-0.01716831100517995,0.02831664019201252,0.0010943465516080266,1909.0,3.3584999465892498
Accelerometer,Looped,A1,Circumferential Crack,0.47 LPS,,2,LO_CC_0.47 LPS_A1,1.1906935501368079e-06,0.0011071944901812388,0.007641619288338809,0.005941554606621047,0.001107195130425899,1909.3333333333333,3.360712870171186
Accelerometer,Looped,A1,Circumferential Crack,0.47 LPS,,3,LO_CC_0.47 LPS_A1,-7.389266576219354e-07,0.0011160659662554698,0.036558650084871566,0.056949171305121116,0.0011160662108702874,1928.0,3.4030203672932644
Accelerometer,Looped,A1,Circumferential Crack,0.47 LPS,,4,LO_CC_0.47 LPS_A1,-1.3526628037730663e-06,0.0011090296106669372,0.0301854969997003,0.06250207466963786,0.001109030435575471,1893.0,3.3412458657750426
Accelerometer,Looped,A1,Circumferential Crack,0.47 LPS,,5,LO_CC_0.47 LPS_A1,4.843850240330637e-07,0.0011019870652206258,0.02235605139826102,0.004572266840841888,0.001101987171677792,1893.0,3.3377779833836496
Accelerometer,Looped,A1,Circumferential Crack,0.47 LPS,,6,LO_CC_0.47 LPS_A1,-9.451792271843221e-07,0.0011105052744777506,0.01780365899845338,0.021701581978772033,0.0011105056767106935,1899.3333333333333,3.346566672000999
Accelerometer,Looped,A1,Circumferential Crack,0.47 LPS,,7,LO_CC_0.47 LPS_A1,-5.633941012575898e-07,0.0011187897822526338,0.013271681981227036,0.044007644240230626,0.0011187899241081004,1935.6666666666665,3.4075992628652667
Accelerometer,Looped,A1,Circumferential Crack,0.47 LPS,,8,LO_CC_0.47 LPS_A1,1.2839227609082508e-05,0.0011059780370738265,0.02845668321458805,0.019609778429836133,0.0011060525594451974,1891.0,3.3318789625532848
Accelerometer,Looped,A1,Circumferential Crack,0.47 LPS,,9,LO_CC_0.47 LPS_A1,-2.1777296633028105e-06,0.0011101298128181956,0.03007625533661503,0.013057014933193223,0.00111013194883052,0.6666666666666666,0.9283419500724208
Accelerometer,Looped,A2,Circumferential Crack,0.47 LPS,,0,LO_CC_0.47 LPS_A2,0.00018311538270185588,0.0019998828353402142,-0.13767914559952635,-0.6876419797666418,0.002008248639603787,0.3333333333333333,1.6371980128151606
Accelerometer,Looped,A2,Circumferential Crack,0.47 LPS,,1,LO_CC_0.47 LPS_A2,1.5622467893360792e-05,0.0019033710860568034,-0.23966349337879475,-0.8967760732810777,0.0019034351979355995,246.66666666666666,1.1802961840606216
Accelerometer,Looped,A2,Circumferential Crack,0.47 LPS,,2,LO_CC_0.47 LPS_A2,-6.136451946747868e-07,0.001905800124615815,-0.23821295889390007,-0.8982122555698338,0.0019058002234090753,246.66666666666666,1.1668092691629055
Accelerometer,Looped,A2,Circumferential Crack,0.47 LPS,,3,LO_CC_0.47 LPS_A2,-2.1813372101905497e-06,0.0019049375140192627,-0.23332059873465566,-0.901237976714826,0.0019049387629396157,246.66666666666666,1.1517917042885268
Accelerometer,Looped,A2,Circumferential Crack,0.47 LPS,,4,LO_CC_0.47 LPS_A2,-2.5826612018970587e-06,0.0019016725742852308,-0.23480770836611617,-0.9001444420963538,0.0019016743280402932,246.66666666666666,1.156649458979698
Accelerometer,Looped,A2,Circumferential Crack,0.47 LPS,,5,LO_CC_0.47 LPS_A2,2.1548696672023575e-06,0.0019014298733273996,-0.23776278472071657,-0.8999355042653678,0.0019014310943721137,246.66666666666666,1.1667366183781727
Accelerometer,Looped,A2,Circumferential Crack,0.47 LPS,,6,LO_CC_0.47 LPS_A2,-1.8986954482571426e-06,0.0019050631926129317,-0.2356022919515927,-0.9028363201741771,0.001905064138787191,246.66666666666666,1.1588239593238434
Accelerometer,Looped,A2,Circumferential Crack,0.47 LPS,,7,LO_CC_0.47 LPS_A2,-1.4406394914070015e-06,0.0019043480473394981,-0.23514058825346784,-0.9026724158792638,0.001904348592261381,246.66666666666666,1.1575673946591731
Accelerometer,Looped,A2,Circumferential Crack,0.47 LPS,,8,LO_CC_0.47 LPS_A2,1.1540238991455801e-05,0.0019042697404677608,-0.23981855675799943,-0.8996329660237912,0.0019043047081749107,246.66666666666666,1.177521374832817
Accelerometer,Looped,A2,Circumferential Crack,0.47 LPS,,9,LO_CC_0.47 LPS_A2,-8.367352000298861e-06,0.0019096345235894783,-0.2360719621206973,-0.8971556450790059,0.0019096528549095804,246.66666666666666,1.1594640043790398
Accelerometer,Looped,A2,Circumferential Crack,0.47 LPS,,10,LO_CC_0.47 LPS_A2,-9.200664381087455e-06,0.0019875763999601995,-0.18275095550839943,-0.7195112959985543,0.0019875976951847676,0.6666666666666666,1.0822295167130116
Accelerometer,Looped,A1,Circumferential Crack,ND,,0,LO_CC_ND_A1,4.571098799000825e-06,0.0004378927228364919,-0.08032327162659494,-0.531210360772763,0.00043791658070617396,117.66666666666666,1.0725415452275766
Accelerometer,Looped,A1,Circumferential Crack,ND,,1,LO_CC_ND_A1,-1.92429203877601e-07,0.00044728442003313224,-0.09286446774881987,-0.6536356921227187,0.0004472844614262538,117.66666666666666,1.0850661596863322
Accelerometer,Looped,A1,Circumferential Crack,ND,,2,LO_CC_ND_A1,5.090162053222083e-07,0.00042944226148436816,-0.017751159959723123,-0.5829224538199957,0.0004294425631517045,117.66666666666666,1.0384424385926478
Accelerometer,Looped,A1,Circumferential Crack,ND,,3,LO_CC_ND_A1,1.1796167172426062e-06,0.00043012698085880793,-0.018786957089277474,-0.5472445004958391,0.00043012859839623886,117.66666666666666,1.038289795754103
Accelerometer,Looped,A1,Circumferential Crack,ND,,4,LO_CC_ND_A1,-4.3745234250309163e-07,0.00043764996996471035,-0.060288006595719125,-0.5718550786087659,0.0004376501885920579,117.66666666666666,1.0551673689770258
Accelerometer,Looped,A1,Circumferential Crack,ND,,5,LO_CC_ND_A1,9.146533679418406e-07,0.0004311591763606315,-0.08991814489059172,-0.45887443245607473,0.00043116014652419077,117.66666666666666,1.083515365770779
Accelerometer,Looped,A1,Circumferential Crack,ND,,6,LO_CC_ND_A1,1.876100514170384e-06,0.0004247961100321594,-0.028992007822887935,-0.41833481680423823,0.00042480025288551057,117.66666666666666,1.041502360521569
Accelerometer,Looped,A1,Circumferential Crack,ND,,7,LO_CC_ND_A1,-1.804542352853419e-07,0.00042520792382163235,0.0017146522812623271,-0.5182084691779547,0.0004252079621131689,117.66666666666666,1.039951007765111
Accelerometer,Looped,A1,Circumferential Crack,ND,,8,LO_CC_ND_A1,-2.550429091895951e-06,0.00041509042112877845,-0.03409823254475362,-0.5520824594154647,0.0004150982563218249,117.66666666666666,1.0462942277246474
Accelerometer,Looped,A1,Circumferential Crack,ND,,9,LO_CC_ND_A1,-1.3808210918944534e-06,0.0004093515032739444,0.054831412674058555,-0.5327599625590098,0.00040935383215444057,117.66666666666666,1.073045393512649
Accelerometer,Looped,A2,Circumferential Crack,ND,,0,LO_CC_ND_A2,-1.961744763245488e-05,0.0019035634259843824,-0.24249381533357417,-0.8930345965928952,0.0019036645085195585,246.66666666666666,1.18369249059743
Accelerometer,Looped,A2,Circumferential Crack,ND,,1,LO_CC_ND_A2,6.866610385016801e-07,0.0019035098951948335,-0.24025172703771652,-0.8994849778459986,0.0019035100190458749,246.66666666666666,1.1737016844040602
Accelerometer,Looped,A2,Circumferential Crack,ND,,2,LO_CC_ND_A2,-3.012610544173161e-06,0.0019050934961747604,-0.23537496671250405,-0.9038278205703301,0.001905095878161953,246.66666666666666,1.158022927461136
Accelerometer,Looped,A2,Circumferential Crack,ND,,3,LO_CC_ND_A2,-3.0539310950709483e-06,0.0019037496452639956,-0.23704715102002913,-0.8949323383502263,0.0019037520947691488,246.66666666666666,1.1630224488413186
Accelerometer,Looped,A2,Circumferential Crack,ND,,4,LO_CC_ND_A2,4.07628183287243e-06,0.001904007480588513,-0.24116299444606282,-0.8965160727996744,0.0019040118440310707,246.66666666666666,1.1774745354952996
Accelerometer,Looped,A2,Circumferential Crack,ND,,5,LO_CC_ND_A2,-2.677494991902261e-06,0.0019069578896517968,-0.2364297089711928,-0.9033802319768687,0.0019069597693408917,246.66666666666666,1.1610362841736577
Accelerometer,Looped,A2,Circumferential Crack,ND,,6,LO_CC_ND_A2,-2.154754787559456e-06,0.0019041969007700208,-0.23953204715772483,-0.8983223736641972,0.0019041981199104119,246.66666666666666,1.1708029610391355
Accelerometer,Looped,A2,Circumferential Crack,ND,,7,LO_CC_ND_A2,5.234634527328702e-06,0.001903206280688906,-0.24607383227245833,-0.9000931503020984,0.0019032134794216686,246.66666666666666,1.193405222029747
Accelerometer,Looped,A2,Circumferential Crack,ND,,8,LO_CC_ND_A2,2.193132769672314e-06,0.0019056873019887165,-0.23935951322647234,-0.9013588961527583,0.0019056885639559206,246.66666666666666,1.1711789207586705
Accelerometer,Looped,A2,Circumferential Crack,ND,,9,LO_CC_ND_A2,-1.734513802003237e-06,0.0019051037632061864,-0.23474624684301573,-0.8962946469563517,0.0019051045528055677,246.66666666666666,1.1560251047965875
Accelerometer,Looped,A1,Circumferential Crack,Transient,,0,LO_CC_Transient_A1,-5.359231938219715e-05,0.0009996956685018798,0.009565550562195537,0.04956118486518246,0.0010011311434163777,0.3333333333333333,1.0165157678022336
Accelerometer,Looped,A1,Circumferential Crack,Transient,,1,LO_CC_Transient_A1,-2.6597995786551066e-06,0.0009977567537731973,0.019369019707866284,-0.018802501714656916,0.0009977602989865988,1886.6666666666665,3.3503424080283755
Accelerometer,Looped,A1,Circumferential Crack,Transient,,2,LO_CC_Transient_A1,2.3514205331184473e-06,0.0009881652328618037,0.010817758042489115,0.017902050175415685,0.0009881680305572258,1953.0,3.465304283168548
Accelerometer,Looped,A1,Circumferential Crack,Transient,,3,LO_CC_Transient_A1,5.090648081699926e-07,0.0009714108701170918,-0.0004206456000455552,0.04592170026521636,0.0009714110035039875,1884.3333333333333,3.3474142354558474
Accelerometer,Looped,A1,Circumferential Crack,Transient,,4,LO_CC_Transient_A1,1.1858601707857923e-06,0.0009870605719949884,-0.0020587098539966452,0.011580296845395743,0.0009870612843442996,1897.0,3.36445767695705
Accelerometer,Looped,A1,Circumferential Crack,Transient,,5,LO_CC_Transient_A1,2.534845810083294e-05,0.0009820623976913878,0.01594330759390416,0.023479637608694315,0.0009823894834979899,1940.0,3.4405662215780306
Accelerometer,Looped,A1,Circumferential Crack,Transient,,6,LO_CC_Transient_A1,3.744085358704449e-08,0.0007494489549398531,0.05332662731119745,1.6457552081241147,0.0007494489558750852,1.0,1.0348374575848027
Accelerometer,Looped,A1,Circumferential Crack,Transient,,7,LO_CC_Transient_A1,-2.736500201864495e-05,0.00031408653671849516,-1.708383362917718,5.709528656119934,0.0003152763801544591,1.0,6.577761631391593
Accelerometer,Looped,A1,Circumferential Crack,Transient,,8,LO_CC_Transient_A1,-1.4249053114072274e-07,0.00016632080135486424,0.019023803052098758,0.08790041038335517,0.00016632086239217156,117.66666666666666,1.1115407370066008
Accelerometer,Looped,A1,Circumferential Crack,Transient,,9,LO_CC_Transient_A1,2.29140675440819e-06,0.00016580829780594582,-0.03846066560509143,0.0915220151802707,0.00016582413022904528,117.66666666666666,1.1072127538102936
Accelerometer,Looped,A2,Circumferential Crack,Transient,,0,LO_CC_Transient_A2,0.00022894354928814053,0.002063424232692645,-0.06985782918372661,-0.5758309818878908,0.002076086393391152,0.6666666666666666,1.8275442277846357
Accelerometer,Looped,A2,Circumferential Crack,Transient,,1,LO_CC_Transient_A2,1.6229745508139037e-05,0.0019126949951846425,-0.2441227683620685,-0.9028872544360298,0.001912763850882706,246.66666666666666,1.1937041158631938
Accelerometer,Looped,A2,Circumferential Crack,Transient,,2,LO_CC_Transient_A2,5.395779236611639e-07,0.001913834801743657,-0.24853646958247722,-0.8966422901564752,0.0019138348778067345,246.66666666666666,1.1980410438898628
Accelerometer,Looped,A2,Circumferential Crack,Transient,,3,LO_CC_Transient_A2,-1.8690986250844784e-06,0.0019152041013847185,-0.24603014335945816,-0.9063014942818879,0.0019152050134360337,246.66666666666666,1.1898587464780332
Accelerometer,Looped,A2,Circumferential Crack,Transient,,4,LO_CC_Transient_A2,-2.188078783974549e-06,0.0019153226613154533,-0.2493783168331064,-0.905485965293082,0.001915323911153744,246.66666666666666,1.2002119747827331
Accelerometer,Looped,A2,Circumferential Crack,Transient,,5,LO_CC_Transient_A2,5.701971490663793e-06,0.0019153673352700535,-0.2511954489256936,-0.8993882365499113,0.0019153758225211013,246.66666666666666,1.208171367579537
Accelerometer,Looped,A2,Circumferential Crack,Transient,,6,LO_CC_Transient_A2,8.092100510552144e-07,0.001915126746852592,-0.24339276787696204,-0.9048874445441113,0.0019151269178127853,246.66666666666666,1.1822007381041462
Accelerometer,Looped,A2,Circumferential Crack,Transient,,7,LO_CC_Transient_A2,-2.8122840955954203e-06,0.00191274778959201,-0.241020367617237,-0.9042485020801614,0.0019127498570202415,246.66666666666666,1.1744414758773423
Accelerometer,Looped,A2,Circumferential Crack,Transient,,8,LO_CC_Transient_A2,3.967517013438471e-07,0.0019139258349689418,-0.2431626536042559,-0.9014646307267591,0.001913925876091724,246.66666666666666,1.1814187798056355
Accelerometer,Looped,A2,Circumferential Crack,Transient,,9,LO_CC_Transient_A2,-1.0586219643456288e-06,0.0019154140897947789,-0.24315581053561522,-0.9014735186142078,0.0019154143823373634,246.66666666666666,1.1808986461744688
Accelerometer,Looped,A2,Circumferential Crack,Transient,,10,LO_CC_Transient_A2,-6.91765338960506e-07,0.0019137500332588387,-0.2443390393450947,-0.9077712655738783,0.0019137501582854254,246.66666666666666,1.1850389013305802
Accelerometer,Looped,A1,Gasket Leak,0.18 LPS,,0,LO_GL_0.18 LPS_A1,0.00012920797598325024,0.0025746750195270954,0.4368155450670248,0.8551467626070908,0.0025779150795234773,0.6666666666666666,2.034717002046554
Accelerometer,Looped,A1,Gasket Leak,0.18 LPS,,1,LO_GL_0.18 LPS_A1,-0.0001258908792378157,0.003928919377314397,0.850340615582745,4.630887555412645,0.0039309357647908496,0.6666666666666666,3.6800788319176188
Accelerometer,Looped,A1,Gasket Leak,0.18 LPS,,2,LO_GL_0.18 LPS_A1,-0.0002434847285748881,0.004134041418974797,0.872040634655696,3.5971028803955454,0.0041412055330360435,2.6666666666666665,4.05111896930276
Accelerometer,Looped,A1,Gasket Leak,0.18 LPS,,3,LO_GL_0.18 LPS_A1,2.8032228772161664e-05,0.006168309442073746,0.5748987787591119,3.2495829887808068,0.006168373138764067,0.6666666666666666,2.5165816579173113
Accelerometer,Looped,A1,Gasket Leak,0.18 LPS,,4,LO_GL_0.18 LPS_A1,-5.2709771466083513e-05,0.00609230956891344,0.57288657088599,3.7047441087047304,0.006092537583263831,0.6666666666666666,2.5625649254753706
Accelerometer,Looped,A1,Gasket Leak,0.18 LPS,,5,LO_GL_0.18 LPS_A1,-0.00034072742315207504,0.003980962453858456,0.12978241491025416,3.1932750042385667,0.0039955171424883905,1.3333333333333333,2.5896808271008087
Accelerometer,Looped,A1,Gasket Leak,0.18 LPS,,6,LO_GL_0.18 LPS_A1,0.00014812996734191248,0.0049446985423239045,0.2763354354423885,1.0860520547816641,0.00494691683391634,1.0,1.6995156595166245
Accelerometer,Looped,A1,Gasket Leak,0.18 LPS,,7,LO_GL_0.18 LPS_A1,0.0007148877386408641,0.007107420759907465,0.5486991164462385,1.4888688510080472,0.007143283162329676,0.6666666666666666,5.496893422811652
Accelerometer,Looped,A1,Gasket Leak,0.18 LPS,,8,LO_GL_0.18 LPS_A1,-9.012079569875634e-05,0.008070511156622908,0.2999507886345133,0.7521707677750107,0.00807101431587085,0.6666666666666666,2.045909027867546
Accelerometer,Looped,A1,Gasket Leak,0.18 LPS,,9,LO_GL_0.18 LPS_A1,-8.001202923005028e-05,0.007064589158327864,-0.16528755676754123,0.117169868042311,0.007065042243382917,0.6666666666666666,1.6111197102875763
Accelerometer,Looped,A2,Gasket Leak,0.18 LPS,,0,LO_GL_0.18 LPS_A2,0.0001769263845220925,0.0019681706199276877,-0.11086898273801671,-0.6920886062223071,0.001976106913779363,0.6666666666666666,1.565147929435652
Accelerometer,Looped,A2,Gasket Leak,0.18 LPS,,1,LO_GL_0.18 LPS_A2,1.5060188627408211e-05,0.0018775368375244426,-0.2045572665882959,-0.8918668233044929,0.0018775972373069733,246.66666666666666,1.0782636845661158
Accelerometer,Looped,A2,Gasket Leak,0.18 LPS,,2,LO_GL_0.18 LPS_A2,-5.360405339878608e-07,0.001877175253358773,-0.208471627240996,-0.8960400034333103,0.0018771753298938351,246.66666666666666,1.0817003095802162
Accelerometer,Looped,A2,Gasket Leak,0.18 LPS,,3,LO_GL_0.18 LPS_A2,-2.6202422289302317e-06,0.001876102227972534,-0.20591104105302924,-0.8919064615459686,0.0018761040577411595,246.66666666666666,1.0741050134188008
Accelerometer,Looped,A2,Gasket Leak,0.18 LPS,,4,LO_GL_0.18 LPS_A2,-1.9646101002442636e-06,0.0018739369510395296,-0.20824415487064044,-0.8875994452023916,0.0018739379808745467,246.66666666666666,1.081045117895795
Accelerometer,Looped,A2,Gasket Leak,0.18 LPS,,5,LO_GL_0.18 LPS_A2,3.0047835535578508e-06,0.001874273220916306,-0.20965280116431423,-0.8882579514360645,0.0018742756295081538,246.66666666666666,1.0861501644769902
Accelerometer,Looped,A2,Gasket Leak,0.18 LPS,,6,LO_GL_0.18 LPS_A2,-2.8712991947846682e-06,0.0018764749896324681,-0.20488434745847967,-0.8923681673819033,0.0018764771863988214,246.66666666666666,1.0711078713992594
Accelerometer,Looped,A2,Gasket Leak,0.18 LPS,,7,LO_GL_0.18 LPS_A2,-4.181537614039924e-06,0.0018754577181580709,-0.20318672248211297,-0.8914224382017713,0.0018754623797494568,246.66666666666666,1.0663432716353092
Accelerometer,Looped,A2,Gasket Leak,0.18 LPS,,8,LO_GL_0.18 LPS_A2,2.4663380215244303e-05,0.0018753732566752842,-0.2067973078826713,-0.8893839747246193,0.0018755354259988007,246.66666666666666,1.0952773461565335
Accelerometer,Looped,A2,Gasket Leak,0.18 LPS,,9,LO_GL_0.18 LPS_A2,-2.2202905362427872e-05,0.0018996605960476648,-0.1937089073861753,-0.8511676818783798,0.0018997903434807492,246.66666666666666,1.0431242356789345
Accelerometer,Looped,A1,Gasket Leak,0.47 LPS,,0,LO_GL_0.47 LPS_A1,4.116966003703131e-06,3.0554959212645266e-05,0.15797836616199554,0.2471566057433101,3.083107104143583e-05,120.0,1.3264503369733287
Accelerometer,Looped,A1,Gasket Leak,0.47 LPS,,1,LO_GL_0.47 LPS_A1,-7.139361377113526e-07,2.770245154980798e-05,0.0016387009267229372,0.19874404624471564,2.771164965638438e-05,120.0,1.1415330105796684
Accelerometer,Looped,A1,Gasket Leak,0.47 LPS,,2,LO_GL_0.47 LPS_A1,-2.304435147608841e-06,3.676642428524264e-05,-0.5958490043211833,1.0909324697108653,3.6838571851688475e-05,120.0,2.5156682731592817
Accelerometer,Looped,A1,Gasket Leak,0.47 LPS,,3,LO_GL_0.47 LPS_A1,6.2255954797222146e-06,0.00028525646431694173,3.366539524176046,19.346929585401956,0.00028532439165567284,1.3333333333333333,13.927569304063327
Accelerometer,Looped,A1,Gasket Leak,0.47 LPS,,4,LO_GL_0.47 LPS_A1,6.119060771494619e-06,0.00032986521824766396,2.2168036156976667,9.886846333932523,0.0003299219682202205,1.3333333333333333,9.099120447853956
Accelerometer,Looped,A1,Gasket Leak,0.47 LPS,,5,LO_GL_0.47 LPS_A1,-1.2382462733585125e-05,0.00028108214717031244,-1.7776414244668148,5.636253868671545,0.0002813547562086374,1.3333333333333333,6.850673935857764
Accelerometer,Looped,A1,Gasket Leak,0.47 LPS,,6,LO_GL_0.47 LPS_A1,-3.9902926382574755e-06,0.00022941826896352946,-3.601035337149447,15.279376808245605,0.0002294529680992627,1.0,13.741246319030996
Accelerometer,Looped,A1,Gasket Leak,0.47 LPS,,7,LO_GL_0.47 LPS_A1,-1.6821285714308414e-05,9.703515882010932e-05,0.020565376719470587,1.5107076272914037,9.848237253603427e-05,1.0,1.1497116936592926
Accelerometer,Looped,A1,Gasket Leak,0.47 LPS,,8,LO_GL_0.47 LPS_A1,-3.139944105478235e-06,0.00022046486461824784,3.293037765074726,13.977710067942951,0.00022048722362107034,1.0,13.426434933407153
Accelerometer,Looped,A1,Gasket Leak,0.47 LPS,,9,LO_GL_0.47 LPS_A1,2.362138860887371e-05,0.0002022997131695199,3.932605307897835,18.535675363509565,0.00020367411212100927,0.6666666666666666,16.07172100429605
Accelerometer,Looped,A1,Gasket Leak,0.47 LPS,,10,LO_GL_0.47 LPS_A1,4.5474838186175e-06,3.444727006102311e-05,0.10264869293731492,-0.029993478990127276,3.4746136817459965e-05,120.0,1.2231939600133708
Accelerometer,Looped,A2,Gasket Leak,0.47 LPS,,0,LO_GL_0.47 LPS_A2,0.00015159133241946545,0.001946394957322516,-0.1463494735038701,-0.7593110964617424,0.001952289236244268,0.3333333333333333,1.483564157819793
Accelerometer,Looped,A2,Gasket Leak,0.47 LPS,,1,LO_GL_0.47 LPS_A2,1.674648673054371e-05,0.0018771070311813052,-0.21026131881706206,-0.8878459845202142,0.0018771817310340815,246.66666666666666,1.096217750805212
Accelerometer,Looped,A2,Gasket Leak,0.47 LPS,,2,LO_GL_0.47 LPS_A2,-5.415317105751009e-06,0.001878161664718713,-0.20978340304256415,-0.8903042346729455,0.0018781694717139672,246.66666666666666,1.0849188255847988
Accelerometer,Looped,A2,Gasket Leak,0.47 LPS,,3,LO_GL_0.47 LPS_A2,-1.7667471750988209e-06,0.0018749753101351251,-0.20633120786471026,-0.8922027611407439,0.0018749761425180562,246.66666666666666,1.0755497748308311
Accelerometer,Looped,A2,Gasket Leak,0.47 LPS,,4,LO_GL_0.47 LPS_A2,5.88632996066858e-06,0.001872264946235007,-0.21124153238637697,-0.8931551541202163,0.0018722741994111815,246.66666666666666,1.0923160128243878
Accelerometer,Looped,A2,Gasket Leak,0.47 LPS,,5,LO_GL_0.47 LPS_A2,-5.344338090440455e-07,0.0018780085403670495,-0.20872554758359774,-0.8908757902762638,0.0018780086164102315,246.66666666666666,1.0821644240544808
Accelerometer,Looped,A2,Gasket Leak,0.47 LPS,,6,LO_GL_0.47 LPS_A2,-3.2643616429204487e-06,0.001879807300386343,-0.20259378356887256,-0.8928022709840429,0.0018798101347324218,246.66666666666666,1.0640953065451917
Accelerometer,Looped,A2,Gasket Leak,0.47 LPS,,7,LO_GL_0.47 LPS_A2,-1.7798937123899425e-07,0.001877178290813946,-0.20559088772652107,-0.8909691302811482,0.0018771782992522002,246.66666666666666,1.0733027057709053
Accelerometer,Looped,A2,Gasket Leak,0.47 LPS,,8,LO_GL_0.47 LPS_A2,-2.9279058956880985e-06,0.0018761808141963294,-0.21139065054216036,-0.8891651439290698,0.0018761830987916227,246.66666666666666,1.0898221951727107
Accelerometer,Looped,A2,Gasket Leak,0.47 LPS,,9,LO_GL_0.47 LPS_A2,4.329954645361193e-05,0.0018794368599777426,-0.20980046130549623,-0.888100717631418,0.0018799355737274845,246.66666666666666,1.134553573998536
Accelerometer,Looped,A2,Gasket Leak,0.47 LPS,,10,LO_GL_0.47 LPS_A2,4.6206475237479704e-05,0.0019421470715559267,-0.17200165184796437,-0.7701441199842165,0.0019426966530848644,0.6666666666666666,1.120920120097644
Accelerometer,Looped,A1,Gasket Leak,ND,,0,LO_GL_ND_A1,-2.49813650996137e-06,3.371477955110633e-05,0.012965254350471947,0.1841452247247486,3.3807204057746324e-05,120.0,1.1440012624965459
Accelerometer,Looped,A1,Gasket Leak,ND,,1,LO_GL_ND_A1,-5.615292227674367e-07,3.281407587288177e-05,0.06391511914869359,0.15643604759445795,3.281888009148489e-05,120.0,1.1798609590185913
Accelerometer,Looped,A1,Gasket Leak,ND,,2,LO_GL_ND_A1,2.7082194759545708e-06,3.4725686179731664e-05,0.0344974425028188,0.09990161892099891,3.483113166957321e-05,120.0,1.1526281263501463
Accelerometer,Looped,A1,Gasket Leak,ND,,3,LO_GL_ND_A1,8.028639898421746e-06,0.00015620489096438635,3.0039858748559762,13.55571432266925,0.00015641108343021718,2.0,12.290278247056394
Accelerometer,Looped,A1,Gasket Leak,ND,,4,LO_GL_ND_A1,-2.3059551255478823e-06,0.00016820493795752348,2.5251583293830944,10.026477362437822,0.00016822074361485671,1.6666666666666665,10.305521788385528
Accelerometer,Looped,A1,Gasket Leak,ND,,5,LO_GL_ND_A1,-6.187903455149066e-06,9.852595345020997e-05,-0.6028863620734423,0.8410193979926444,9.87200772509989e-05,1.6666666666666665,2.5398679995851388
Accelerometer,Looped,A1,Gasket Leak,ND,,6,LO_GL_ND_A1,-3.6735183617028084e-07,7.6426803107703e-05,-1.233614610294372,5.594315061229555,7.64276859563021e-05,1.6666666666666665,4.7915494156310485
Accelerometer,Looped,A1,Gasket Leak,ND,,7,LO_GL_ND_A1,-1.7697517140730148e-06,3.290547911800348e-05,0.03140006659293065,0.12871765624865095,3.295303593168356e-05,120.0,1.1526378863642077
Accelerometer,Looped,A1,Gasket Leak,ND,,8,LO_GL_ND_A1,-7.389841386723208e-08,3.177837540311557e-05,0.04121778712318638,0.14188606959418504,3.1778461325824336e-05,120.0,1.1593752182586818
Accelerometer,Looped,A1,Gasket Leak,ND,,9,LO_GL_ND_A1,-2.5626592828111256e-07,3.212961049857938e-05,0.03431425264179362,0.13450446698901386,3.213063247146591e-05,120.0,1.1543288753232577
Accelerometer,Looped,A1,Gasket Leak,ND,,10,LO_GL_ND_A1,-9.140647045420942e-07,3.2974975402498795e-05,-0.0055401961403851105,0.11166313124489502,3.298764188418885e-05,120.0,1.1378701856805706
Accelerometer,Looped,A2,Gasket Leak,ND,,0,LO_GL_ND_A2,0.0001776915506516604,0.0019671635067251255,-0.122593163335761,-0.7000353713002587,0.0019751725366063807,0.3333333333333333,1.5858810136608537
Accelerometer,Looped,A2,Gasket Leak,ND,,1,LO_GL_ND_A2,1.8501364776795556e-05,0.0018748708157390723,-0.2109865531716,-0.8858680274299071,0.0018749620999392758,246.66666666666666,1.1002811508749575
Accelerometer,Looped,A2,Gasket Leak,ND,,2,LO_GL_ND_A2,-4.782388961181728e-06,0.00187801162822095,-0.2109603762650678,-0.8921796187625723,0.0018780177174290132,246.66666666666666,1.088380622855664
Accelerometer,Looped,A2,Gasket Leak,ND,,3,LO_GL_ND_A2,-1.7178802576157065e-06,0.00187922938922106,-0.21158611764407328,-0.8878772613172261,0.0018792301744131124,246.66666666666666,1.0900432306707237
Accelerometer,Looped,A2,Gasket Leak,ND,,4,LO_GL_ND_A2,3.0642992790289584e-06,0.0018768048575738777,-0.2125314060258144,-0.8890278186558231,0.0018768073591455714,246.66666666666666,1.0942305453097803
Accelerometer,Looped,A2,Gasket Leak,ND,,5,LO_GL_ND_A2,3.0222086272272552e-06,0.0018769660739778302,-0.2111728704214059,-0.8982137150018716,0.0018769685070902857,246.66666666666666,1.090510438267466
Accelerometer,Looped,A2,Gasket Leak,ND,,6,LO_GL_ND_A2,-2.2497900642011504e-06,0.0018793720076105312,-0.20673290439677394,-0.8960437115890758,0.001879373354218201,246.66666666666666,1.076168990881479
Accelerometer,Looped,A2,Gasket Leak,ND,,7,LO_GL_ND_A2,-2.486353712485036e-06,0.0018801891523508344,-0.21074471040522857,-0.8922970235044541,0.0018801907963216214,246.66666666666666,1.0875254828253547
Accelerometer,Looped,A2,Gasket Leak,ND,,8,LO_GL_ND_A2,1.1036784808065773e-05,0.0018794546037426306,-0.2122641830445761,-0.8927987353330922,0.0018794870093055362,246.66666666666666,1.097259783946051
Accelerometer,Looped,A2,Gasket Leak,ND,,9,LO_GL_ND_A2,-1.3997424579855957e-05,0.001877610054465107,-0.20776883835900545,-0.8890990180750635,0.0018776622285499942,246.66666666666666,1.081317388603258
Accelerometer,Looped,A2,Gasket Leak,ND,,10,LO_GL_ND_A2,-3.641787341321836e-05,0.0019210741127674116,-0.19278420364988466,-0.7988827954690416,0.0019214192692509975,246.66666666666666,1.0531567141241216
Accelerometer,Looped,A1,Gasket Leak,Transient,,0,LO_GL_Transient_A1,4.323797045188305e-06,0.0007003512316245963,0.6777312765297874,0.8692482984175225,0.0007003645785296235,0.6666666666666666,2.8818496577149864
Accelerometer,Looped,A1,Gasket Leak,Transient,,1,LO_GL_Transient_A1,7.048360460951001e-05,0.0022373983715411505,6.81400011633229,58.49387634177638,0.0022385083005192863,1.3333333333333333,28.896623620368043
Accelerometer,Looped,A1,Gasket Leak,Transient,,2,LO_GL_Transient_A1,6.256961321727426e-05,0.003421198952903545,3.357420081052042,17.671645406987537,0.003421771066545287,1.0,13.689138785292025
Accelerometer,Looped,A1,Gasket Leak,Transient,,3,LO_GL_Transient_A1,-6.761979450607332e-05,0.0029417794233884396,2.489899092430155,15.307832977467829,0.0029425564756654483,1.3333333333333333,10.319189101294638
Accelerometer,Looped,A1,Gasket Leak,Transient,,4,LO_GL_Transient_A1,-1.2675123547333615e-05,0.0017543146839788092,1.0001076021568431,4.4065989663578575,0.0017543604729874103,1.0,4.152355665226549
Accelerometer,Looped,A1,Gasket Leak,Transient,,5,LO_GL_Transient_A1,-4.523386891105371e-05,0.0014544072576179728,1.2444270760861682,2.2898316405501253,0.0014551105023016275,1.0,5.05685836444093
Accelerometer,Looped,A1,Gasket Leak,Transient,,6,LO_GL_Transient_A1,-3.960764768820064e-05,0.0011616883957543112,1.031582397000886,2.0721020612826067,0.0011623634090015126,1.0,4.246263188373663
Accelerometer,Looped,A1,Gasket Leak,Transient,,7,LO_GL_Transient_A1,2.56638151701983e-05,0.0010701234782147923,0.6491374710847323,2.0505491999002823,0.0010704311701532309,1.0,2.7783367448304097
Accelerometer,Looped,A1,Gasket Leak,Transient,,8,LO_GL_Transient_A1,-2.724743667029382e-05,0.0010614552977437736,0.44983293963710586,1.2048920401177483,0.0010618049594503809,1.6666666666666665,2.0655203905076363
Accelerometer,Looped,A1,Gasket Leak,Transient,,9,LO_GL_Transient_A1,-4.1855517413796383e-05,0.002134576220784203,4.9976975900196425,54.00006324759909,0.002134986540162571,1.0,21.828682772477332
Accelerometer,Looped,A1,Gasket Leak,Transient,,10,LO_GL_Transient_A1,-5.341732928150766e-06,0.0028850512317871017,2.4545443520717716,16.774631601863234,0.002885056176948197,2.0,10.208393042952027
Accelerometer,Looped,A2,Gasket Leak,Transient,,0,LO_GL_Transient_A2,-0.00022415274992477677,0.0020207001412571044,-0.27429824596945795,-0.584877366911166,0.0020330945664615114,0.3333333333333333,2.0102973388714553
Accelerometer,Looped,A2,Gasket Leak,Transient,,1,LO_GL_Transient_A2,-1.6367298330688676e-05,0.0018795872166031773,-0.20716430123360752,-0.8836107230781902,0.0018796584778285456,246.66666666666666,1.080343856476268
Accelerometer,Looped,A2,Gasket Leak,Transient,,2,LO_GL_Transient_A2,2.5064515355121565e-06,0.0018785152187289899,-0.2045314819690764,-0.8941331560027206,0.0018785168908731493,246.66666666666666,1.0708060652588935
Accelerometer,Looped,A2,Gasket Leak,Transient,,3,LO_GL_Transient_A2,-1.3702415647367317e-06,0.0018804169304183452,-0.20690589835824624,-0.895095147533647,0.0018804174296591428,246.66666666666666,1.0765858775472106
Accelerometer,Looped,A2,Gasket Leak,Transient,,4,LO_GL_Transient_A2,2.9631935374903334e-06,0.0018768190675213785,-0.2082147436889177,-0.8917788845679819,0.0018768214067214166,246.66666666666666,1.0817271064738754
Accelerometer,Looped,A2,Gasket Leak,Transient,,5,LO_GL_Transient_A2,-2.197347421084899e-06,0.0018746022493086997,-0.2032052844156847,-0.8917992895141578,0.001874603537137633,246.66666666666666,1.0665952993466203
Accelerometer,Looped,A2,Gasket Leak,Transient,,6,LO_GL_Transient_A2,-2.2870044923671245e-06,0.0018780647120983378,-0.20061548065935234,-0.8914243014479566,0.0018780661045923173,246.66666666666666,1.0587215805304981
Accelerometer,Looped,A2,Gasket Leak,Transient,,7,LO_GL_Transient_A2,1.0844868555167153e-06,0.0018776268317829052,-0.2057269946792783,-0.8870279132590593,0.0018776271449739033,246.66666666666666,1.073771973231526
Accelerometer,Looped,A2,Gasket Leak,Transient,,8,LO_GL_Transient_A2,1.5269179640839695e-05,0.0018773137501765726,-0.204346895138509,-0.8938205241868831,0.0018773758452821673,246.66666666666666,1.0779303196089154
Accelerometer,Looped,A2,Gasket Leak,Transient,,9,LO_GL_Transient_A2,-2.234318513213704e-05,0.0018885242850382527,-0.20021567963153655,-0.8664910126301435,0.0018886564518464158,246.66666666666666,1.0632368556237564
Accelerometer,Looped,A1,Longitudinal Crack,0.18 LPS,,0,LO_LC_0.18 LPS_A1,1.907141743195822e-05,0.00037167245817981947,-0.03697978812936595,0.05025255653192717,0.00037216143692259904,117.33333333333333,1.063192773330173
Accelerometer,Looped,A1,Longitudinal Crack,0.18 LPS,,1,LO_LC_0.18 LPS_A1,8.84609127313077e-07,0.00037292244666304404,-0.027913298795330017,0.06884887895009317,0.0003729234958519764,235.0,1.09675264179718
Accelerometer,Looped,A1,Longitudinal Crack,0.18 LPS,,2,LO_LC_0.18 LPS_A1,5.511326862352809e-07,0.0003712228328771771,-0.0012104435617967633,-0.004914416897554563,0.00037122324199407875,117.33333333333333,1.0544155102058597
Accelerometer,Looped,A1,Longitudinal Crack,0.18 LPS,,3,LO_LC_0.18 LPS_A1,1.515484891107566e-06,0.0003796571455988514,-0.006393658485647634,-0.008364356918781457,0.0003796601702822178,117.33333333333333,1.0515127286945405
Accelerometer,Looped,A1,Longitudinal Crack,0.18 LPS,,4,LO_LC_0.18 LPS_A1,-1.8807159525412563e-06,0.000383001138279168,-0.023711729948009443,-0.008739661611414373,0.0003830057558518312,235.0,1.0934105540728827
Accelerometer,Looped,A1,Longitudinal Crack,0.18 LPS,,5,LO_LC_0.18 LPS_A1,3.0867623555398214e-07,0.00037422267310724584,-0.01943040912610242,-0.009524445422283812,0.00037422280041246944,117.33333333333333,1.0529009109838703
Accelerometer,Looped,A1,Longitudinal Crack,0.18 LPS,,6,LO_LC_0.18 LPS_A1,-2.1728217157886206e-06,0.00036759918911061923,-0.008259513980554417,0.06098640796883403,0.00036760561066038344,235.0,1.0984912337607282
Accelerometer,Looped,A1,Longitudinal Crack,0.18 LPS,,7,LO_LC_0.18 LPS_A1,-1.4463190855029513e-06,0.00037021067343240375,-0.023338983659285592,0.11900266119310565,0.0003702134986223098,235.0,1.098047327848962
Accelerometer,Looped,A1,Longitudinal Crack,0.18 LPS,,8,LO_LC_0.18 LPS_A1,1.7800691238608746e-06,0.0003636089786951815,-0.007155480423459258,0.15104894730759266,0.0003636133358855787,235.0,1.0998318572799466
Accelerometer,Looped,A1,Longitudinal Crack,0.18 LPS,,9,LO_LC_0.18 LPS_A1,-3.2704793338841107e-06,0.00035943182266098996,-0.022633997356510394,0.11102881580058499,0.00035944670144052613,117.33333333333333,1.0583982846617013
Accelerometer,Looped,A1,Longitudinal Crack,0.18 LPS,,10,LO_LC_0.18 LPS_A1,-1.1606164097479363e-05,0.000375525451193733,-0.03709420070646288,0.024265479137543622,0.0003757047611347431,117.33333333333333,1.0613381117558762
Accelerometer,Looped,A2,Longitudinal Crack,0.18 LPS,,0,LO_LC_0.18 LPS_A2,0.00025341240663377104,0.002040530234263846,-0.043851216679939756,-0.5966184269765296,0.0020562056037227374,0.3333333333333333,1.9647774416876607
Accelerometer,Looped,A2,Longitudinal Crack,0.18 LPS,,1,LO_LC_0.18 LPS_A2,1.870578481588031e-05,0.0018789568211442292,-0.18089204651401755,-0.8845755746454573,0.0018790499307123284,246.66666666666666,1.0152687287936435
Accelerometer,Looped,A2,Longitudinal Crack,0.18 LPS,,2,LO_LC_0.18 LPS_A2,-2.4877826354228528e-06,0.0018786874133254075,-0.1838790930972892,-0.8812962479213304,0.0018786890605019641,246.66666666666666,1.0118239755603031
Accelerometer,Looped,A2,Longitudinal Crack,0.18 LPS,,3,LO_LC_0.18 LPS_A2,-1.1080696853930035e-06,0.0018780944237418238,-0.18534198921584746,-0.8868798400724907,0.001878094750620575,246.66666666666666,1.01615245295328
Accelerometer,Looped,A2,Longitudinal Crack,0.18 LPS,,4,LO_LC_0.18 LPS_A2,-7.271409464285014e-07,0.0018768648953622895,-0.18845276087410479,-0.8825118390225111,0.0018768650362179092,246.66666666666666,1.0247732318316003
Accelerometer,Looped,A2,Longitudinal Crack,0.18 LPS,,5,LO_LC_0.18 LPS_A2,3.11593312377261e-06,0.0018786607888761461,-0.19026644659510464,-0.8824901658522752,0.0018786633729063796,246.66666666666666,1.0303593318023743
Accelerometer,Looped,A2,Longitudinal Crack,0.18 LPS,,6,LO_LC_0.18 LPS_A2,1.5455947144890581e-06,0.0018792326089260274,-0.18614694307753676,-0.8886518736075946,0.0018792332445212718,246.66666666666666,1.0186797359000277
Accelerometer,Looped,A2,Longitudinal Crack,0.18 LPS,,7,LO_LC_0.18 LPS_A2,-4.072886598521474e-06,0.0018805779718719887,-0.18587490626254033,-0.8844538574020246,0.0018805823823208085,246.66666666666666,1.0170774953577468
Accelerometer,Looped,A2,Longitudinal Crack,0.18 LPS,,8,LO_LC_0.18 LPS_A2,5.801315547333558e-07,0.0018786925614634694,-0.19096690165689148,-0.8774809683061724,0.0018786926510344349,246.66666666666666,1.03151198931382
Accelerometer,Looped,A2,Longitudinal Crack,0.18 LPS,,9,LO_LC_0.18 LPS_A2,3.9999500698705075e-06,0.001879695557652511,-0.19234665161922934,-0.8781025138309717,0.001879699813549798,246.66666666666666,1.0361574037850863
Accelerometer,Looped,A1,Longitudinal Crack,0.47 LPS,,0,LO_LC_0.47 LPS_A1,-1.5675573407009708e-05,0.0008060156584642726,0.002214987331902867,0.029792905453058793,0.0008061680750880882,233.66666666666666,0.9946807226120721
Accelerometer,Looped,A1,Longitudinal Crack,0.47 LPS,,1,LO_LC_0.47 LPS_A1,-4.606254173105118e-07,0.0008060416965603521,0.024210794845144643,0.02868100825078601,0.0008060418281762218,234.0,0.9938270442852462
Accelerometer,Looped,A1,Longitudinal Crack,0.47 LPS,,2,LO_LC_0.47 LPS_A1,2.3986227421678103e-06,0.000813019146618632,0.015480083580574913,-0.0022449916466524833,0.0008130226848984891,227.0,0.9832408910431469
Accelerometer,Looped,A1,Longitudinal Crack,0.47 LPS,,3,LO_LC_0.47 LPS_A1,1.726079762392086e-07,0.0008220204767826053,-0.005805358145680256,0.03501967281381724,0.0008220204949047287,233.33333333333331,0.9783779155981089
Accelerometer,Looped,A1,Longitudinal Crack,0.47 LPS,,4,LO_LC_0.47 LPS_A1,-1.5659989929038687e-06,0.0008035287592887962,-0.007230309997260139,0.07540406499443231,0.0008035302852768139,238.33333333333331,0.9862000513884547
Accelerometer,Looped,A1,Longitudinal Crack,0.47 LPS,,5,LO_LC_0.47 LPS_A1,-1.6111545816215452e-07,0.000799486153672561,-0.010604460894958345,0.0222376534521338,0.0007994861699068575,236.66666666666666,0.9852020017580847
Accelerometer,Looped,A1,Longitudinal Crack,0.47 LPS,,6,LO_LC_0.47 LPS_A1,3.0323180561625495e-06,0.0007931750556760352,-0.023034584257801954,0.02704777094940658,0.0007931808519495888,234.0,0.9856206258353256
Accelerometer,Looped,A1,Longitudinal Crack,0.47 LPS,,7,LO_LC_0.47 LPS_A1,1.612281638234568e-06,0.0007796134696330073,-0.0245406730328303,0.06671905571210557,0.0007796151367728163,226.33333333333331,0.9864795171474414
Accelerometer,Looped,A1,Longitudinal Crack,0.47 LPS,,8,LO_LC_0.47 LPS_A1,-5.140562083872317e-06,0.0007763401040848111,-0.025796339002201456,0.07180720593731671,0.0007763571231005441,226.0,0.9895137209700505
Accelerometer,Looped,A1,Longitudinal Crack,0.47 LPS,,9,LO_LC_0.47 LPS_A1,1.7820330370019655e-06,0.0007662318881720973,-0.006630194506746325,0.026022769989678896,0.000766233960415174,226.33333333333331,0.9891264942211716
Accelerometer,Looped,A2,Longitudinal Crack,0.47 LPS,,0,LO_LC_0.47 LPS_A2,-2.4179208944022396e-05,0.0018875294839306497,-0.20681715723623761,-0.887946158097126,0.0018876843451310027,246.66666666666666,1.084115870899438
Accelerometer,Looped,A2,Longitudinal Crack,0.47 LPS,,1,LO_LC_0.47 LPS_A2,2.3054290510065295e-07,0.0018830473084939705,-0.20957013586659912,-0.8905507517559141,0.0018830473226067418,246.66666666666666,1.0840530473800098
Accelerometer,Looped,A2,Longitudinal Crack,0.47 LPS,,2,LO_LC_0.47 LPS_A2,1.8624791102069562e-06,0.0018870236028600159,-0.2090273731098176,-0.892590496376032,0.0018870245219867261,246.66666666666666,1.0823851338846457
Accelerometer,Looped,A2,Longitudinal Crack,0.47 LPS,,3,LO_LC_0.47 LPS_A2,-2.8920391957392798e-06,0.0018916045523190554,-0.20955897536763868,-0.8949956543037163,0.001891606763110368,246.66666666666666,1.0825834645366417
Accelerometer,Looped,A2,Longitudinal Crack,0.47 LPS,,4,LO_LC_0.47 LPS_A2,-2.5456577184445053e-06,0.001888369844764104,-0.20742117413985525,-0.8941369658465192,0.0018883715606277344,246.66666666666666,1.0768349958508714
Accelerometer,Looped,A2,Longitudinal Crack,0.47 LPS,,5,LO_LC_0.47 LPS_A2,3.074325880879197e-06,0.0018852353387124438,-0.20568345875635916,-0.8906729621574514,0.0018852378454215916,246.66666666666666,1.0732637555035762
Accelerometer,Looped,A2,Longitudinal Crack,0.47 LPS,,6,LO_LC_0.47 LPS_A2,-1.4293205182116597e-06,0.0018853489068681628,-0.20670775303783182,-0.8909249439949614,0.0018853494486662469,246.66666666666666,1.0752022156435683
Accelerometer,Looped,A2,Longitudinal Crack,0.47 LPS,,7,LO_LC_0.47 LPS_A2,-1.7192933592542697e-06,0.001883647533793208,-0.20825528624170345,-0.8878209160213464,0.0018836483184328464,246.66666666666666,1.0797758548333891
Accelerometer,Looped,A2,Longitudinal Crack,0.47 LPS,,8,LO_LC_0.47 LPS_A2,6.176787669721018e-06,0.001884334262973232,-0.21126767881889075,-0.8828567297289611,0.0018843443866026163,246.66666666666666,1.0905817578287482
Accelerometer,Looped,A2,Longitudinal Crack,0.47 LPS,,9,LO_LC_0.47 LPS_A2,6.62434670552424e-07,0.0018883929576639234,-0.2080801042399531,-0.8866886626112112,0.0018883930738525794,246.66666666666666,1.0789771603494087
Accelerometer,Looped,A1,Longitudinal Crack,ND,,0,LO_LC_ND_A1,-7.686798626901177e-07,0.00017923118182573968,-0.017955879918147344,-0.06022884658367422,0.00017923283016061165,117.66666666666666,1.0994422215422928
Accelerometer,Looped,A1,Longitudinal Crack,ND,,1,LO_LC_ND_A1,-6.372009724765483e-07,0.00018760946866839894,-0.06602518444300334,-0.07267761356989544,0.00018761055076705653,117.66666666666666,1.1159090881287979
Accelerometer,Looped,A1,Longitudinal Crack,ND,,2,LO_LC_ND_A1,6.868790864162344e-07,0.0001846672277821479,-0.03714336873188838,-0.029651579655838756,0.00018466850521846724,117.66666666666666,1.1016643898309415
Accelerometer,Looped,A1,Longitudinal Crack,ND,,3,LO_LC_ND_A1,5.149689850190886e-07,0.0001754651720118852,0.04762628138815272,-0.09517828038337095,0.00017546592769599457,117.66666666666666,1.125480191306267
Accelerometer,Looped,A1,Longitudinal Crack,ND,,4,LO_LC_ND_A1,-7.276826951861307e-07,0.00017857431674261017,0.006565937909604178,-0.031432362325362284,0.00017857579937436912,117.66666666666666,1.1027013301348858
Accelerometer,Looped,A1,Longitudinal Crack,ND,,5,LO_LC_ND_A1,1.583235042591993e-07,0.00017690167676708785,0.043428539234701455,0.013049272548918633,0.00017690174761527717,117.66666666666666,1.1232558886580324
Accelerometer,Looped,A1,Longitudinal Crack,ND,,6,LO_LC_ND_A1,-5.753707528952607e-07,0.000179039757397656,0.044613657807741985,-0.06651774387632514,0.00017904068191479497,117.66666666666666,1.1228578693144415
Accelerometer,Looped,A1,Longitudinal Crack,ND,,7,LO_LC_ND_A1,1.2096649728081448e-06,0.00017837174010772205,0.022783181219697357,-0.02361265637754073,0.0001783758418575878,117.66666666666666,1.1088305144670545
Accelerometer,Looped,A1,Longitudinal Crack,ND,,8,LO_LC_ND_A1,1.7960909373857133e-06,0.00017609476699799315,0.025643245230655913,0.021275574803102604,0.00017610392643758078,117.66666666666666,1.1112985597480816
Accelerometer,Looped,A1,Longitudinal Crack,ND,,9,LO_LC_ND_A1,1.4717092884385742e-06,0.00018329816652420288,0.021636962261350326,0.014011320999332444,0.0001833040746392837,117.66666666666666,1.1074389951072887
Accelerometer,Looped,A2,Longitudinal Crack,ND,,0,LO_LC_ND_A2,-0.00013536638576105636,0.001951558556765202,-0.2399402614487952,-0.770671990862505,0.0019562476476350046,246.66666666666666,1.4756222645635653
Accelerometer,Looped,A2,Longitudinal Crack,ND,,1,LO_LC_ND_A2,-1.5276170812722284e-05,0.0018960212219117992,-0.22278580967803907,-0.8962422849854921,0.001896082760676498,246.66666666666666,1.1232913302484664
Accelerometer,Looped,A2,Longitudinal Crack,ND,,2,LO_LC_ND_A2,-2.480449895648252e-07,0.00189143791189233,-0.22681443088248404,-0.8946232811557033,0.0018914379281567597,246.66666666666666,1.1339368310818951
Accelerometer,Looped,A2,Longitudinal Crack,ND,,3,LO_LC_ND_A2,3.911676677867587e-06,0.001891644654457455,-0.22302435716908878,-0.8964119513020665,0.0018916486988740527,246.66666666666666,1.1238070703804848
Accelerometer,Looped,A2,Longitudinal Crack,ND,,4,LO_LC_ND_A2,-2.547065694546984e-06,0.001896161338226934,-0.21686580532368868,-0.8991039724871182,0.0018961630489307108,246.66666666666666,1.1034963129537316
Accelerometer,Looped,A2,Longitudinal Crack,ND,,5,LO_LC_ND_A2,-2.2530768737017473e-06,0.00189800965721838,-0.22011035696019315,-0.8915012305779193,0.0018980109945017786,246.66666666666666,1.1126469263927448
Accelerometer,Looped,A2,Longitudinal Crack,ND,,6,LO_LC_ND_A2,5.25393425244311e-06,0.0018949494247142336,-0.22591807140824197,-0.889820110183249,0.001894956708225793,246.66666666666666,1.132404834605299
Accelerometer,Looped,A2,Longitudinal Crack,ND,,7,LO_LC_ND_A2,3.46171737547593e-07,0.001895477637681573,-0.22574819853678396,-0.896130329578058,0.0018954776692923048,246.66666666666666,1.1303865547778802
Accelerometer,Looped,A2,Longitudinal Crack,ND,,8,LO_LC_ND_A2,-3.1140385592385867e-06,0.0018944287805169736,-0.22239496807491194,-0.8969267959125911,0.001894431339924247,246.66666666666666,1.1200003537170202
Accelerometer,Looped,A2,Longitudinal Crack,ND,,9,LO_LC_ND_A2,1.8641747604373036e-06,0.0018932512103769163,-0.2272587983481574,-0.8892189172583924,0.0018932521281491267,246.66666666666666,1.1353984335332772
Accelerometer,Looped,A2,Longitudinal Crack,ND,,10,LO_LC_ND_A2,2.2443815110845298e-05,0.00189860334966038,-0.22564228257166255,-0.8892361158238269,0.001898736001707016,246.66666666666666,1.1449556467529953
Accelerometer,Looped,A1,Longitudinal Crack,Transient,,0,LO_LC_Transient_A1,-2.072192180822117e-05,0.0009386337485256026,0.030217566422029316,0.018669519899677134,0.0009388624563346061,1998.0,3.574165347748421
Accelerometer,Looped,A1,Longitudinal Crack,Transient,,1,LO_LC_Transient_A1,-1.9785513256780506e-06,0.0009268373634709455,0.0021855298073556848,-0.017695768935886313,0.0009268394753090321,1866.0,3.3255247172712363
Accelerometer,Looped,A1,Longitudinal Crack,Transient,,2,LO_LC_Transient_A1,-5.952099219350069e-07,0.0009272222407460657,-0.016373310523038608,-0.035241882846726025,0.0009272224317870045,1852.0,3.296339142712403
Accelerometer,Looped,A1,Longitudinal Crack,Transient,,3,LO_LC_Transient_A1,5.524912819455897e-09,0.0009132192177727113,0.003919758955670103,-0.01511851751660842,0.0009132192177894239,1876.3333333333333,3.3463962384911152
Accelerometer,Looped,A1,Longitudinal Crack,Transient,,4,LO_LC_Transient_A1,1.0499275503096328e-06,0.0009084781374120788,0.009063943189794433,0.022184136833215184,0.0009084787441121454,234.0,0.9597367068197962
Accelerometer,Looped,A1,Longitudinal Crack,Transient,,5,LO_LC_Transient_A1,-9.206188945212165e-07,0.0009215151743286444,0.013436201168337578,0.03454935688979566,0.0009215156341902729,234.33333333333331,0.9590082510082373
Accelerometer,Looped,A1,Longitudinal Crack,Transient,,6,LO_LC_Transient_A1,1.6484108881124067e-05,0.0009251863916351949,-0.0055275241751385,0.018373904782246875,0.0009253332292274805,242.0,0.9580381254017941
Accelerometer,Looped,A1,Longitudinal Crack,Transient,,7,LO_LC_Transient_A1,1.0964267413078957e-05,0.0009151454413006391,-0.40833306062466074,5.13282524709077,0.0009152111198478997,1.0,1.7942684281813888
Accelerometer,Looped,A1,Longitudinal Crack,Transient,,8,LO_LC_Transient_A1,-1.6923354216172792e-05,0.0006514868917423387,-1.0813933910748927,22.33346651886107,0.0006517066594949139,0.6666666666666666,4.424008590295432
Accelerometer,Looped,A1,Longitudinal Crack,Transient,,9,LO_LC_Transient_A1,-1.24645372428408e-05,0.00018839214248830466,-0.033001442501072786,-0.22551847296949568,0.00018880403607977203,117.66666666666666,1.1041219066782213
Accelerometer,Looped,A1,Longitudinal Crack,Transient,,10,LO_LC_Transient_A1,2.2948369035386046e-07,0.00018153944145921333,-0.03657085445218777,-0.1820444117500455,0.00018153958650412113,117.66666666666666,1.101604873855995
Accelerometer,Looped,A2,Longitudinal Crack,Transient,,0,LO_LC_Transient_A2,3.6916447676922636e-05,0.0019097024703645168,-0.23062563832405633,-0.8861963001946074,0.0019100592528572041,246.66666666666666,1.1796223331872497
Accelerometer,Looped,A2,Longitudinal Crack,Transient,,1,LO_LC_Transient_A2,5.875100761852048e-06,0.0019059439996483734,-0.23492855742981314,-0.8921587073199637,0.001905953054669658,246.66666666666666,1.1587133131465197
Accelerometer,Looped,A2,Longitudinal Crack,Transient,,2,LO_LC_Transient_A2,1.7758901531049444e-06,0.0019042885652238294,-0.2335433021073491,-0.8966531033547733,0.0019042893932982106,246.66666666666666,1.1532513497881918
Accelerometer,Looped,A2,Longitudinal Crack,Transient,,3,LO_LC_Transient_A2,-3.987890546943907e-06,0.0019017973784430761,-0.22881467505246206,-0.8975141856394537,0.0019018015595545115,246.66666666666666,1.1382625983711732
Accelerometer,Looped,A2,Longitudinal Crack,Transient,,4,LO_LC_Transient_A2,-3.8120388080335267e-06,0.0018993806538496493,-0.2329300086243707,-0.895047048189832,0.0018993844792085134,246.66666666666666,1.1509584654393454
Accelerometer,Looped,A2,Longitudinal Crack,Transient,,5,LO_LC_Transient_A2,4.9560651638325875e-06,0.0019032308146889974,-0.23817055371872334,-0.8918478080778556,0.0019032372675427656,246.66666666666666,1.1685682639132837
Accelerometer,Looped,A2,Longitudinal Crack,Transient,,6,LO_LC_Transient_A2,-2.4404265897209734e-06,0.0019064024750052894,-0.23490556623814243,-0.8954524598489435,0.0019064040370257909,246.66666666666666,1.1562280211972615
Accelerometer,Looped,A2,Longitudinal Crack,Transient,,7,LO_LC_Transient_A2,-2.3872664970894483e-06,0.001905259385456251,-0.23503845311769753,-0.8951253502774517,0.0019052608810633939,246.66666666666666,1.156772633481898
Accelerometer,Looped,A2,Longitudinal Crack,Transient,,8,LO_LC_Transient_A2,6.194099366882347e-06,0.0019051210567098441,-0.23898167264951098,-0.8922180760759466,0.001905131126087178,246.66666666666666,1.171413825742283
Accelerometer,Looped,A2,Longitudinal Crack,Transient,,9,LO_LC_Transient_A2,6.974912865732189e-06,0.0019066619359636792,-0.23661745970865383,-0.8938329920827299,0.0019066746936649286,246.66666666666666,1.1643969084473837
Accelerometer,Looped,A2,Longitudinal Crack,Transient,,10,LO_LC_Transient_A2,-3.2097367379097434e-05,0.001905655556731932,-0.23158689370533397,-0.8924935945351056,0.0019059258490025151,246.66666666666666,1.1614171819648555
Accelerometer,Looped,A1,No Leak,0.18 LPS,,0,LO_NL_0.18 LPS_A1,0.00026460218421901023,0.006120936087945103,0.010846314248677465,0.02970971446739945,0.006126652667534057,0.3333333333333333,2.208327756789172
Accelerometer,Looped,A1,No Leak,0.18 LPS,,1,LO_NL_0.18 LPS_A1,2.7588329680049225e-05,0.006061279475410006,-0.007170118869800428,0.05865018552618961,0.006061342260173166,129.33333333333331,0.9408861902225636
Accelerometer,Looped,A1,No Leak,0.18 LPS,,2,LO_NL_0.18 LPS_A1,-8.426926959586885e-06,0.006221039331320135,-0.005867709084033694,0.057476262430210756,0.0062210450388122136,117.66666666666666,0.972936575393321
Accelerometer,Looped,A1,No Leak,0.18 LPS,,3,LO_NL_0.18 LPS_A1,-2.919737968494619e-06,0.006200047654611824,-0.0016001347564911484,0.005215634911210465,0.006200048342096002,117.66666666666666,0.9688689091441027
Accelerometer,Looped,A1,No Leak,0.18 LPS,,4,LO_NL_0.18 LPS_A1,4.533835874803878e-06,0.00611220244350628,0.02368405576383255,0.06324089045806547,0.00611220412503312,235.33333333333331,0.7465336601868067
Accelerometer,Looped,A1,No Leak,0.18 LPS,,5,LO_NL_0.18 LPS_A1,3.544712671350119e-06,0.006230137837260471,0.006750158929646236,0.05411872616083713,0.006230138845664075,1819.3333333333333,2.1955077815507473
Accelerometer,Looped,A1,No Leak,0.18 LPS,,6,LO_NL_0.18 LPS_A1,-2.2541748818314562e-06,0.00617069396699401,-0.022383080230398436,0.018523770676585727,0.00617069437872276,229.0,0.7802531325237793
Accelerometer,Looped,A1,No Leak,0.18 LPS,,7,LO_NL_0.18 LPS_A1,-4.2902930538728974e-06,0.006109637340418781,-0.0005427454711538224,0.0454052466043815,0.006109638846777604,1782.0,2.1479571066547476
Accelerometer,Looped,A1,No Leak,0.18 LPS,,8,LO_NL_0.18 LPS_A1,4.54081514577992e-05,0.0062278299388504625,-0.004987421233589639,-0.015530539786259734,0.006227995475870303,1759.0,2.089734673204531
Accelerometer,Looped,A1,No Leak,0.18 LPS,,9,LO_NL_0.18 LPS_A1,2.4083153346683614e-05,0.006196653159246987,-0.01909319920912313,-0.014720259408289138,0.0061966999583875915,1806.6666666666665,2.1709362158430388
Accelerometer,Looped,A2,No Leak,0.18 LPS,,0,LO_NL_0.18 LPS_A2,-2.9412221893454016e-06,0.0017670730606340565,0.03238893725479655,-0.062751666368698,0.0017670755084055064,235.33333333333331,0.7630470526052588
Accelerometer,Looped,A2,No Leak,0.18 LPS,,1,LO_NL_0.18 LPS_A2,-1.2432142633343974e-05,0.0018483752551998875,0.0071339021323788745,-0.10540136357559282,0.001848417063924077,235.33333333333331,0.7366691139951291
Accelerometer,Looped,A2,No Leak,0.18 LPS,,2,LO_NL_0.18 LPS_A2,-2.0000582611102037e-05,0.001850784913875382,-0.01914010675560423,0.046369014547310794,0.0018508929792760815,190.0,0.740490703426501
Accelerometer,Looped,A2,No Leak,0.18 LPS,,3,LO_NL_0.18 LPS_A2,1.961820840922763e-05,0.0017938924269604785,-0.00949734149869251,-0.0006407584707899261,0.0017939996972149532,175.33333333333331,0.7442064467221753
Accelerometer,Looped,A2,No Leak,0.18 LPS,,4,LO_NL_0.18 LPS_A2,9.795799117519896e-06,0.0017889720579903126,-0.031030750991223044,-0.16123481327728806,0.0017889988770120693,186.33333333333331,0.7437138055126138
Accelerometer,Looped,A2,No Leak,0.18 LPS,,5,LO_NL_0.18 LPS_A2,-6.565018941924394e-06,0.0017971964362539017,-0.052777003098784483,-0.013547202567856687,0.0017972084269659522,200.0,0.7556327850356044
Accelerometer,Looped,A2,No Leak,0.18 LPS,,6,LO_NL_0.18 LPS_A2,6.295961101380083e-06,0.0017724194592978432,0.01997034258394541,0.03449125075049375,0.0017724306414705906,191.66666666666666,0.7471798648495963
Accelerometer,Looped,A2,No Leak,0.18 LPS,,7,LO_NL_0.18 LPS_A2,8.536246170401847e-07,0.0018145521679234105,0.06898601044725865,-0.05883826781259405,0.001814552368709852,189.0,0.7897845278194272
Accelerometer,Looped,A2,No Leak,0.18 LPS,,8,LO_NL_0.18 LPS_A2,-1.4251351718983495e-05,0.0018272715633684876,0.016421134617985847,-0.10221867420522468,0.0018273271374663418,175.33333333333331,0.7456170817825244
Accelerometer,Looped,A2,No Leak,0.18 LPS,,9,LO_NL_0.18 LPS_A2,-1.0267998255383281e-05,0.0018101075197564157,-0.0043762740645097754,-0.13820664898632407,0.0018101366425954963,193.0,0.7375176197135003
Accelerometer,Looped,A2,No Leak,0.18 LPS,,10,LO_NL_0.18 LPS_A2,2.8480475736473522e-05,0.001857069000515191,-0.008381679013275554,-0.08088626555994471,0.0018572873795330291,193.0,0.7419977213487133
Accelerometer,Looped,A1,No Leak,0.47 LPS,,0,LO_NL_0.47 LPS_A1,0.0004698421416687826,0.01326359751376172,-0.007253671843181711,-0.019466421422965396,0.013271916615363208,1806.0,3.827755941517834
Accelerometer,Looped,A1,No Leak,0.47 LPS,,1,LO_NL_0.47 LPS_A1,4.821301932279559e-05,0.01308915617120798,0.009384797633252858,0.0028256777907742503,0.013089244965600735,1807.0,2.0591904475513183
Accelerometer,Looped,A1,No Leak,0.47 LPS,,2,LO_NL_0.47 LPS_A1,8.464613191878749e-06,0.013369594714943981,0.028300924889446286,0.025042960027692462,0.013369597394519197,1762.3333333333333,2.04394411483567
Accelerometer,Looped,A1,No Leak,0.47 LPS,,3,LO_NL_0.47 LPS_A1,-9.791183486990888e-07,0.013463811847182898,0.012688922361317143,0.008520821759795183,0.01346381188278473,1806.3333333333333,2.0894074334803237
Accelerometer,Looped,A1,No Leak,0.47 LPS,,4,LO_NL_0.47 LPS_A1,-5.094174765966025e-06,0.013195663038198899,-0.014721796275644511,0.0012563211178768796,0.01319566402149983,1806.6666666666665,2.059221010269484
Accelerometer,Looped,A1,No Leak,0.47 LPS,,5,LO_NL_0.47 LPS_A1,-4.361084261033009e-06,0.013161727359453802,-0.003175186653215853,0.03918261326779948,0.013161728081967453,1774.0,2.026894056481035
Accelerometer,Looped,A1,No Leak,0.47 LPS,,6,LO_NL_0.47 LPS_A1,-1.1431064808708096e-05,0.013386593503945131,0.03160275817489825,0.00922540862049015,0.013386598384545218,1756.3333333333333,2.0483602014847437
Accelerometer,Looped,A1,No Leak,0.47 LPS,,7,LO_NL_0.47 LPS_A1,-1.2299521397085755e-05,0.013417664127228356,0.03921651150373907,-0.032303341288687726,0.013417669764505953,1799.3333333333333,2.0869237148890702
Accelerometer,Looped,A1,No Leak,0.47 LPS,,8,LO_NL_0.47 LPS_A1,6.024261323811677e-05,0.01336632194929354,0.03284756017298755,-0.033136524070961126,0.01336645770668564,1779.0,2.0860133644615275
Accelerometer,Looped,A1,No Leak,0.47 LPS,,9,LO_NL_0.47 LPS_A1,7.346437862367907e-05,0.013290926104745788,0.03800622967725626,-0.04384925243120552,0.013291129137012386,1812.3333333333333,2.119305343083526
Accelerometer,Looped,A2,No Leak,0.47 LPS,,0,LO_NL_0.47 LPS_A2,-2.932039961523973e-05,0.003046185295031404,-0.025462530658181624,-0.12310884121888233,0.0030463264003548866,182.33333333333331,0.5762709433439593
Accelerometer,Looped,A2,No Leak,0.47 LPS,,1,LO_NL_0.47 LPS_A2,3.202676443777077e-06,0.0030036947460482977,-0.00043638806666873684,-0.07096349255662426,0.0030036964534677192,486.0,0.5661650977685802
Accelerometer,Looped,A2,No Leak,0.47 LPS,,2,LO_NL_0.47 LPS_A2,6.828574719324293e-06,0.003077279577747961,-0.0031140979248570856,0.03389459998495559,0.0030772871541436242,702.6666666666666,0.8301482828995419
Accelerometer,Looped,A2,No Leak,0.47 LPS,,3,LO_NL_0.47 LPS_A2,-6.9162492842562135e-06,0.0031090721714624268,-0.007441272877257783,0.03180862613885793,0.0031090798641826897,183.66666666666666,0.5202242279240238
Accelerometer,Looped,A2,No Leak,0.47 LPS,,4,LO_NL_0.47 LPS_A2,-4.5163307191041674e-07,0.0030799861484273297,-0.029857044785628246,-0.024891123702580398,0.0030799861815398863,183.66666666666666,0.531743217530049
Accelerometer,Looped,A2,No Leak,0.47 LPS,,5,LO_NL_0.47 LPS_A2,4.08079000769991e-06,0.0029892983133816067,-0.049886854547085524,0.01104069036944999,0.002989301098791021,187.33333333333331,0.5579814736310694
Accelerometer,Looped,A2,No Leak,0.47 LPS,,6,LO_NL_0.47 LPS_A2,-6.497381712619121e-06,0.0029724303048742225,-0.021126033995480905,0.14106603956489705,0.0029724374061204017,187.33333333333331,0.5327723447231636
Accelerometer,Looped,A2,No Leak,0.47 LPS,,7,LO_NL_0.47 LPS_A2,2.434383747232175e-06,0.003041423171851138,-0.0019524080569587562,0.12651440921374446,0.00304142414610282,187.0,0.5184977933158372
Accelerometer,Looped,A2,No Leak,0.47 LPS,,8,LO_NL_0.47 LPS_A2,-2.488593404338182e-05,0.0029534100213220635,-0.008762005451701665,0.02472810056265118,0.0029535148660128335,702.6666666666666,0.8933211347779036
Accelerometer,Looped,A2,No Leak,0.47 LPS,,9,LO_NL_0.47 LPS_A2,3.891666021877238e-05,0.0029478801294575744,-0.04571414730981658,0.05669240012835619,0.0029481369988678253,702.6666666666666,0.9003089846667418
Accelerometer,Looped,A2,No Leak,0.47 LPS,,10,LO_NL_0.47 LPS_A2,0.00010684060141490766,0.0032426206160151862,-0.05577275712802259,0.24559706219122024,0.0032443802757256123,0.6666666666666666,1.0867657385215947
Accelerometer,Looped,A1,No Leak,ND,,0,LO_NL_ND_A1,-9.761798744126538e-06,0.0027327684049651547,0.015590929881458321,0.41300905701049384,0.0027327858401072183,117.66666666666666,0.6177003313455263
Accelerometer,Looped,A1,No Leak,ND,,1,LO_NL_ND_A1,-1.5599418667072633e-06,0.0025135163919987433,-0.002421505931967416,0.5407498406630356,0.0025135168760652884,117.66666666666666,0.631443115630423
Accelerometer,Looped,A1,No Leak,ND,,2,LO_NL_ND_A1,-1.39572429408748e-08,0.0025028834211298346,-0.0349912990320024,0.8247836024388029,0.0025028834211687505,117.66666666666666,0.6382676983862077
Accelerometer,Looped,A1,No Leak,ND,,3,LO_NL_ND_A1,6.956111326318409e-08,0.0025917727760225635,-0.02408316675500033,0.8910411760280659,0.0025917727769560455,117.66666666666666,0.6212645528322205
Accelerometer,Looped,A1,No Leak,ND,,4,LO_NL_ND_A1,7.201818029499397e-06,0.002467172221139199,0.016489855324734688,1.3414190791645773,0.002467182732377936,117.66666666666666,0.6482771830858352
Accelerometer,Looped,A1,No Leak,ND,,5,LO_NL_ND_A1,8.755501905611964e-06,0.002770152362198968,-0.015306656381160083,1.032186261868464,0.0027701661987343178,117.66666666666666,0.6001365156325231
Accelerometer,Looped,A1,No Leak,ND,,6,LO_NL_ND_A1,3.287359486233354e-07,0.0027582202826341774,-0.03126737469148569,1.1957007441407939,0.002758220302224223,117.66666666666666,0.6034693146258361
Accelerometer,Looped,A1,No Leak,ND,,7,LO_NL_ND_A1,-1.5071093639709362e-06,0.002502521803435023,0.019245373933312503,0.9203698298928611,0.002502522257252933,117.66666666666666,0.6415282318305942
Accelerometer,Looped,A1,No Leak,ND,,8,LO_NL_ND_A1,-1.513652061079414e-05,0.0027775816259724786,0.009287981083530345,0.49163204812042816,0.0027776228691447874,117.66666666666666,0.6152720228953087
Accelerometer,Looped,A1,No Leak,ND,,9,LO_NL_ND_A1,-2.9753736715110203e-05,0.0029303301375295287,-0.01620474892004973,0.7977758836836069,0.002930481189115934,117.66666666666666,0.6212518800847433
Accelerometer,Looped,A2,No Leak,ND,,0,LO_NL_ND_A2,7.448722686115908e-05,0.0016704857895247444,-0.10361068065258998,0.6198994740326689,0.001672145663502308,240.0,0.9931505556044937
Accelerometer,Looped,A2,No Leak,ND,,1,LO_NL_ND_A2,6.383139103074128e-06,0.001588420010931281,-0.07326181585075182,0.8209779222554183,0.0015884328363490032,240.0,0.8259825776152114
Accelerometer,Looped,A2,No Leak,ND,,2,LO_NL_ND_A2,-7.236710525652533e-07,0.0014832633760558718,-0.04089351311401745,0.5549327037359721,0.0014832635525922069,706.0,1.28080148247853
Accelerometer,Looped,A2,No Leak,ND,,3,LO_NL_ND_A2,1.8999863265054245e-06,0.0015184074652525854,-0.022553087640954733,0.7850497378043144,0.0015184086539804832,240.0,0.8121286560327756
Accelerometer,Looped,A2,No Leak,ND,,4,LO_NL_ND_A2,1.1145331418750561e-06,0.001648834788842267,0.004886563266189926,0.676357245756944,0.0016488351655276664,240.0,0.7818150876827422
Accelerometer,Looped,A2,No Leak,ND,,5,LO_NL_ND_A2,2.7302101211414384e-07,0.0015921215555023877,-0.012370968909540125,0.667796978973286,0.0015921215789115528,240.0,0.7921141544133796
Accelerometer,Looped,A2,No Leak,ND,,6,LO_NL_ND_A2,-1.1406184798217276e-06,0.001537046418253836,-0.05920189333657181,0.36293452046927044,0.0015370468414714832,240.0,0.8222590684984445
Accelerometer,Looped,A2,No Leak,ND,,7,LO_NL_ND_A2,1.861783075519393e-06,0.0015783939433551162,-0.07788201462319014,0.27479738743414917,0.001578395041381065,240.0,0.8314212861479213
Accelerometer,Looped,A2,No Leak,ND,,8,LO_NL_ND_A2,-9.356391853250096e-06,0.0016295393821630073,-0.10125213076982295,0.5348904190235992,0.0016295662429274568,240.0,0.8545674532989312
Accelerometer,Looped,A2,No Leak,ND,,9,LO_NL_ND_A2,-1.770890158959296e-05,0.0015727026321547433,-0.12501991307630225,0.7747229342565372,0.0015728023316303825,240.0,0.9122978168043232
Accelerometer,Looped,A1,No Leak,Transient,,0,LO_NL_Transient_A1,-0.00014721691429916717,0.013156258923172539,-0.004434775362327938,0.012116010480208939,0.013157082566945184,1844.6666666666665,2.3574707364449154
Accelerometer,Looped,A1,No Leak,Transient,,1,LO_NL_Transient_A1,-1.4571011681448435e-05,0.013342983514196754,0.006485610476388666,-0.025531854216755967,0.0133429914702254,1768.6666666666665,2.0514629067643786
Accelerometer,Looped,A1,No Leak,Transient,,2,LO_NL_Transient_A1,5.1613567800159875e-06,0.013593587850486805,0.014514160921218317,-0.0140376297019853,0.013593588830345955,1786.3333333333333,2.09112573960215
Accelerometer,Looped,A1,No Leak,Transient,,3,LO_NL_Transient_A1,-1.7442388814817918e-06,0.01360041173504801,0.03436605338230783,-0.021522832741712072,0.013600411846896436,1809.6666666666665,2.1126825011335173
Accelerometer,Looped,A1,No Leak,Transient,,4,LO_NL_Transient_A1,5.274010290145195e-07,0.013497577573519158,0.019055971800986355,-0.03436473708419108,0.013497577583822928,1759.3333333333333,2.060250759084711
Accelerometer,Looped,A1,No Leak,Transient,,5,LO_NL_Transient_A1,5.111373671657998e-05,0.013697689486569376,-0.006271729869203623,-0.0008295694083888527,0.013697784853199963,1777.6666666666665,2.1210091241037126
Accelerometer,Looped,A1,No Leak,Transient,,6,LO_NL_Transient_A1,1.364363596229603e-05,0.016392437909286857,-0.17518053601037858,46.114058175141025,0.016392443587172328,240.0,5.143588292563857
Accelerometer,Looped,A1,No Leak,Transient,,7,LO_NL_Transient_A1,-4.807911907449585e-05,0.013147500460360574,-0.3322834543104503,113.81490776227625,0.013147588370376996,43.0,11.864396395639663
Accelerometer,Looped,A1,No Leak,Transient,,8,LO_NL_Transient_A1,-1.5766253696037595e-05,0.0007192299857099854,-0.04305314116793622,-0.548508192954507,0.0007194027711233768,117.66666666666666,0.9893730878473869
Accelerometer,Looped,A1,No Leak,Transient,,9,LO_NL_Transient_A1,-4.2993850590242295e-07,0.0006978680324044665,-0.039041129257363534,-0.5870773945439915,0.0006978681648414696,117.66666666666666,0.9842741183419967
Accelerometer,Looped,A2,No Leak,Transient,,0,LO_NL_Transient_A2,1.5571180170618205e-05,0.002873572451336629,0.006040627987128839,-0.055428233278403294,0.00287361463921882,185.0,0.5529602182961709
Accelerometer,Looped,A2,No Leak,Transient,,1,LO_NL_Transient_A2,-1.6796807127331428e-05,0.0028346694374286976,-0.03298679881145234,-0.07314279347539765,0.002834719201653314,184.33333333333331,0.5755640402987513
Accelerometer,Looped,A2,No Leak,Transient,,2,LO_NL_Transient_A2,-1.9111940720347134e-05,0.002886285463779201,-0.051672955522665265,-0.03851219739035905,0.00288634873927272,702.3333333333333,0.9090624364281429
Accelerometer,Looped,A2,No Leak,Transient,,3,LO_NL_Transient_A2,1.937075893965721e-05,0.0029262269901185163,0.0025258493146406665,0.06130042708768135,0.0029262911037694064,702.3333333333333,0.8743380226029608
Accelerometer,Looped,A2,No Leak,Transient,,4,LO_NL_Transient_A2,0.00012571803955085478,0.0029526302615956283,0.04563527574046592,-0.009447425934073994,0.0029553054811912046,702.3333333333333,1.2007163745381206
Accelerometer,Looped,A2,No Leak,Transient,,5,LO_NL_Transient_A2,4.751041444303011e-05,0.0033176868700567717,-1.3664098399814126,6.3635071584998695,0.0033180270353370613,1.0,5.274655287896573
Accelerometer,Looped,A2,No Leak,Transient,,6,LO_NL_Transient_A2,-0.00011599145702548626,0.0026008079332677392,-2.7987996257130128,18.540900843943813,0.0026033931558355344,1.0,10.573972606684608
Accelerometer,Looped,A2,No Leak,Transient,,7,LO_NL_Transient_A2,-5.830139586815851e-05,0.000619803278684123,-0.06204691172313368,0.04040845278671101,0.000622539281513837,117.66666666666666,1.0973578795597299
Accelerometer,Looped,A2,No Leak,Transient,,8,LO_NL_Transient_A2,3.802370001275185e-07,0.0005896218798112654,0.013973485106084578,-0.04459297582467148,0.0005896220024154005,117.66666666666666,1.0070321969246938
Accelerometer,Looped,A2,No Leak,Transient,,9,LO_NL_Transient_A2,-3.3869621937902726e-05,0.0006096842458648504,0.0177035100473412,-0.09341111035055416,0.000610624296065926,117.66666666666666,1.0392757507684218
Accelerometer,Looped,A1,Orifice Leak,0.18 LPS,,0,LO_OL_0.18 LPS_A1,-0.0005216083086345719,0.004545749398233958,-0.15762347153077286,0.16756225082763798,0.004575577867240488,0.6666666666666666,3.750980842925908
Accelerometer,Looped,A1,Orifice Leak,0.18 LPS,,1,LO_OL_0.18 LPS_A1,-4.561579962607282e-05,0.004264771997023218,0.004441180900643408,0.011453120939920236,0.004265015942264335,235.0,0.5384145637900704
Accelerometer,Looped,A1,Orifice Leak,0.18 LPS,,2,LO_OL_0.18 LPS_A1,7.890878498832608e-06,0.004286613078388831,-0.027403952660538317,-0.0023557187502376564,0.004286620341221934,121.66666666666666,0.6309461202936396
Accelerometer,Looped,A1,Orifice Leak,0.18 LPS,,3,LO_OL_0.18 LPS_A1,-1.0839874253412513e-06,0.004317566046670577,-0.007042161535141562,-0.030273884282674413,0.004317566182745939,235.0,0.4341737267824755
Accelerometer,Looped,A1,Orifice Leak,0.18 LPS,,4,LO_OL_0.18 LPS_A1,-2.165796979967917e-06,0.004287178381294792,0.009038552605781694,-0.024458617308109165,0.004287178928353467,235.0,0.4318272761380665
Accelerometer,Looped,A1,Orifice Leak,0.18 LPS,,5,LO_OL_0.18 LPS_A1,2.9115555484422278e-06,0.004253662748582381,-0.01905709077807815,-0.012931134943446665,0.004253663745035934,235.0,0.43526953201684476
Accelerometer,Looped,A1,Orifice Leak,0.18 LPS,,6,LO_OL_0.18 LPS_A1,1.9177674088494076e-06,0.004281757560272026,-0.00022207863663631204,0.01433044718209242,0.004281757989748893,117.33333333333333,0.6220628971649422
Accelerometer,Looped,A1,Orifice Leak,0.18 LPS,,7,LO_OL_0.18 LPS_A1,-2.0629114996085396e-05,0.004361032483095361,0.03197148881835283,0.14700614332880102,0.004361081274064772,235.0,0.47187645228254804
Accelerometer,Looped,A1,Orifice Leak,0.18 LPS,,8,LO_OL_0.18 LPS_A1,5.388494816341414e-05,0.004331323455765006,0.01071516198341381,0.20185106825515353,0.004331658627604291,235.0,0.5615134591061626
Accelerometer,Looped,A1,Orifice Leak,0.18 LPS,,9,LO_OL_0.18 LPS_A1,0.0001929818871671044,0.0044115934701857784,-0.01061809799276597,-0.003798000974184923,0.004415812377690019,0.3333333333333333,1.6105735809831645
Accelerometer,Looped,A2,Orifice Leak,0.18 LPS,,0,LO_OL_0.18 LPS_A2,9.041344808643088e-05,0.0016138774845625673,-0.03177208473284042,0.018649422477715838,0.0016164080941312058,173.66666666666666,0.9930944492509687
Accelerometer,Looped,A2,Orifice Leak,0.18 LPS,,1,LO_OL_0.18 LPS_A2,9.31605425032589e-06,0.0016288566963823766,0.019274766266806062,-0.03962321121480139,0.0016288833372026692,179.66666666666666,0.7786158901571031
Accelerometer,Looped,A2,Orifice Leak,0.18 LPS,,2,LO_OL_0.18 LPS_A2,5.391525442014281e-06,0.0015966554974089309,-0.01535209812530238,-0.14703413032038348,0.0015966646003318142,175.66666666666666,0.7783975290458747
Accelerometer,Looped,A2,Orifice Leak,0.18 LPS,,3,LO_OL_0.18 LPS_A2,8.47435617868727e-06,0.0014948399979471706,-0.0020612095872550927,-0.048810041690727335,0.001494864018623547,175.66666666666666,0.8009579882415978
Accelerometer,Looped,A2,Orifice Leak,0.18 LPS,,4,LO_OL_0.18 LPS_A2,-5.359769771624137e-06,0.001497207033698645,0.034354850113044816,-0.06498120311198274,0.001497216627241596,185.66666666666666,0.8209105178449603
Accelerometer,Looped,A2,Orifice Leak,0.18 LPS,,5,LO_OL_0.18 LPS_A2,-5.292909765459995e-06,0.0015604433145798517,0.02416956076784354,0.013368179621881193,0.001560452291135727,174.0,0.7990146917890139
Accelerometer,Looped,A2,Orifice Leak,0.18 LPS,,6,LO_OL_0.18 LPS_A2,2.670503128418438e-06,0.0016039857957398894,0.00737517024015385,0.1457307442481106,0.0016039880188213017,184.0,0.7788614556554759
Accelerometer,Looped,A2,Orifice Leak,0.18 LPS,,7,LO_OL_0.18 LPS_A2,4.788942210784787e-06,0.0015814331703552997,0.010398548019433518,0.13559800907745645,0.0015814404213461575,171.0,0.7847074708161108
Accelerometer,Looped,A2,Orifice Leak,0.18 LPS,,8,LO_OL_0.18 LPS_A2,1.9746502410196822e-06,0.0015562180755159332,0.012110918182985967,-0.02626842141618857,0.0015562193283101481,175.66666666666666,0.7906502437763158
Accelerometer,Looped,A2,Orifice Leak,0.18 LPS,,9,LO_OL_0.18 LPS_A2,8.168704921044295e-06,0.0016229460162308959,-0.010691032613930526,-0.05279950005697431,0.0016229665736976293,179.66666666666666,0.7724336281432966
Accelerometer,Looped,A2,Orifice Leak,0.18 LPS,,10,LO_OL_0.18 LPS_A2,8.159689075344327e-07,0.0015631224517494056,-0.020536032447541087,0.12493739049114838,0.001563122664722232,178.33333333333331,0.7860059403861555
Accelerometer,Looped,A1,Orifice Leak,0.47 LPS,,0,LO_OL_0.47 LPS_A1,-0.002100752113450607,0.011433634515890469,-0.5696968946784615,0.7099074790162319,0.01162502291116577,0.3333333333333333,14.926352393506047
Accelerometer,Looped,A1,Orifice Leak,0.47 LPS,,1,LO_OL_0.47 LPS_A1,-0.0001793204025586679,0.00912773777440652,-0.007169885576737181,-0.05487893979307712,0.00912949903801416,117.0,2.0981625408103004
Accelerometer,Looped,A1,Orifice Leak,0.47 LPS,,2,LO_OL_0.47 LPS_A1,3.489264933229992e-05,0.00893058613306477,0.003688092524370857,-0.02914310247365881,0.008930654297254271,117.0,1.686334342466624
Accelerometer,Looped,A1,Orifice Leak,0.47 LPS,,3,LO_OL_0.47 LPS_A1,-4.509555934106567e-06,0.0088678474252769,-0.01182263872498419,0.00586280808583961,0.008867848571896392,260.3333333333333,1.433134893019548
Accelerometer,Looped,A1,Orifice Leak,0.47 LPS,,4,LO_OL_0.47 LPS_A1,4.052995496165806e-06,0.008826079655467948,-0.008816011962945782,0.03737315218854764,0.008826080586049376,117.0,1.6352483218456204
Accelerometer,Looped,A1,Orifice Leak,0.47 LPS,,5,LO_OL_0.47 LPS_A1,8.236020081056605e-06,0.008863318070644376,-0.02331138798811938,0.09323840161426,0.008863321897202986,117.0,1.6499423405818656
Accelerometer,Looped,A1,Orifice Leak,0.47 LPS,,6,LO_OL_0.47 LPS_A1,4.041706558911945e-06,0.008944538144600932,-0.03720557671995866,0.04864373272766853,0.008944539057749874,117.0,1.6788086775113653
Accelerometer,Looped,A1,Orifice Leak,0.47 LPS,,7,LO_OL_0.47 LPS_A1,-2.258731086984335e-06,0.008981106654914157,0.0019072552270201736,0.021134064160567068,0.008981106938947419,117.0,1.6731231446425208
Accelerometer,Looped,A1,Orifice Leak,0.47 LPS,,8,LO_OL_0.47 LPS_A1,7.696458779431585e-06,0.00883120479000401,0.028622407845167383,0.0769661009450835,0.00883120814376309,234.0,1.455235386228457
Accelerometer,Looped,A1,Orifice Leak,0.47 LPS,,9,LO_OL_0.47 LPS_A1,1.5832962741632238e-05,0.00862949732181025,-0.006130552346044449,0.06635926275501758,0.00862951184655537,117.0,1.5869553184974594
Accelerometer,Looped,A2,Orifice Leak,0.47 LPS,,0,LO_OL_0.47 LPS_A2,-0.00010225150482578496,0.002578315742960736,0.005105208273576784,-0.004811589409830841,0.0025803425045211174,194.33333333333331,0.9390045584980847
Accelerometer,Looped,A2,Orifice Leak,0.47 LPS,,1,LO_OL_0.47 LPS_A2,-4.334503703106923e-07,0.0025578154267999484,-0.014826837595462976,-0.09871804920431515,0.0025578154635264496,184.66666666666666,0.5922758883135593
Accelerometer,Looped,A2,Orifice Leak,0.47 LPS,,2,LO_OL_0.47 LPS_A2,-2.3395947214868748e-06,0.0026483990443041507,-0.035897766715972494,-0.23935431334970403,0.0026484000777024985,177.33333333333331,0.5982546482557906
Accelerometer,Looped,A2,Orifice Leak,0.47 LPS,,3,LO_OL_0.47 LPS_A2,-8.725024896588475e-07,0.002599189150934797,-0.03424804370952823,-0.1570373726100831,0.002599189297376731,177.0,0.6015442675600213
Accelerometer,Looped,A2,Orifice Leak,0.47 LPS,,4,LO_OL_0.47 LPS_A2,-3.5914318956622512e-06,0.0025478309763566774,-0.03922320751156557,-0.16085003538812703,0.002547833507603211,191.66666666666666,0.6066339953853864
Accelerometer,Looped,A2,Orifice Leak,0.47 LPS,,5,LO_OL_0.47 LPS_A2,-2.725065054168914e-06,0.002590099417051698,-0.04975358479232756,-0.2563916505924153,0.002590100850583061,183.0,0.61739094195988
Accelerometer,Looped,A2,Orifice Leak,0.47 LPS,,6,LO_OL_0.47 LPS_A2,-2.8699335512117892e-06,0.002551229254561997,-0.01915459612186424,-0.17615381055361112,0.0025512308687869766,189.33333333333331,0.5947125304641694
Accelerometer,Looped,A2,Orifice Leak,0.47 LPS,,7,LO_OL_0.47 LPS_A2,3.951426667849924e-06,0.002513799400559211,-0.021754564550196316,-0.11280183912591246,0.0025138025061695996,184.66666666666666,0.6019691368195532
Accelerometer,Looped,A2,Orifice Leak,0.47 LPS,,8,LO_OL_0.47 LPS_A2,1.1654731215413777e-05,0.0026058306923403512,-0.005563909101228929,-0.15788444447381167,0.002605856755445836,185.33333333333331,0.5874692356287917
Accelerometer,Looped,A2,Orifice Leak,0.47 LPS,,9,LO_OL_0.47 LPS_A2,-3.297763626222693e-05,0.0025639058083430062,0.0003681230263148137,-0.07411057654269326,0.0025641178831224687,185.66666666666666,0.6395840431756477
Accelerometer,Looped,A2,Orifice Leak,0.47 LPS,,10,LO_OL_0.47 LPS_A2,-0.00010566868971525159,0.002585213972932548,-0.012423184926372595,-0.001065059892205067,0.002587372636059953,178.33333333333331,0.9565130790307882
Accelerometer,Looped,A1,Orifice Leak,ND,,0,LO_OL_ND_A1,6.66542746396671e-05,0.0018116270984562366,0.029253461009263623,0.058958914757929914,0.0018128528721848066,117.66666666666666,0.8762837657915327
Accelerometer,Looped,A1,Orifice Leak,ND,,1,LO_OL_ND_A1,4.4575569621890966e-06,0.0017816044567724313,-0.0176637669043434,-0.005999012595775177,0.0017816100331457109,117.66666666666666,0.7519485104445591
Accelerometer,Looped,A1,Orifice Leak,ND,,2,LO_OL_ND_A1,-2.4176340983763577e-06,0.001778056112834552,0.016367017532245003,0.0001501475105367689,0.0017780577564699494,117.66666666666666,0.7577326236516356
Accelerometer,Looped,A1,Orifice Leak,ND,,3,LO_OL_ND_A1,-1.3128497095726703e-06,0.0018685666283396118,0.052580534862647195,-0.03408285549088186,0.00186856708954183,117.66666666666666,0.7713414826909966
Accelerometer,Looped,A1,Orifice Leak,ND,,4,LO_OL_ND_A1,-3.2632776064683173e-06,0.0018559706412065882,0.018609053193450225,-0.020527191486726437,0.0018559735100484411,117.66666666666666,0.7452426654927997
Accelerometer,Looped,A1,Orifice Leak,ND,,5,LO_OL_ND_A1,3.547996878268783e-06,0.001788912555971989,-0.04023794029546784,-0.018121967431710573,0.0017889160743858508,117.66666666666666,0.7608045405839586
Accelerometer,Looped,A1,Orifice Leak,ND,,6,LO_OL_ND_A1,3.3195933446286513e-06,0.001780147472893317,-0.03718026251824973,-0.08296693313152437,0.001780150568055533,117.66666666666666,0.7611217477709985
Accelerometer,Looped,A1,Orifice Leak,ND,,7,LO_OL_ND_A1,6.864029471609993e-07,0.0017853842767906825,-0.024127394061980167,-0.1190782319313679,0.0017853844087367832,117.66666666666666,0.7541266461046724
Accelerometer,Looped,A1,Orifice Leak,ND,,8,LO_OL_ND_A1,-1.398074484669472e-05,0.0018030157471275229,-0.008134062568130953,-0.07822643187107037,0.001803069950283762,117.66666666666666,0.7560342880540126
Accelerometer,Looped,A1,Orifice Leak,ND,,9,LO_OL_ND_A1,-4.668883636764362e-06,0.0017850660620585073,-0.036461424093175265,-0.10735014204968563,0.0017850721678373343,117.66666666666666,0.7611177105762915
Accelerometer,Looped,A2,Orifice Leak,ND,,0,LO_OL_ND_A2,-0.0002546088410425655,0.0019326882436447469,-0.3442616970830306,0.45755241076596276,0.0019493869572405713,706.3333333333333,2.450547834363686
Accelerometer,Looped,A2,Orifice Leak,ND,,1,LO_OL_ND_A2,-2.0970377444332334e-05,0.001668310333843452,0.01861256107904266,-0.03628569645327495,0.0016684421256786249,706.3333333333333,1.2434697811339892
Accelerometer,Looped,A2,Orifice Leak,ND,,2,LO_OL_ND_A2,4.091354600535018e-06,0.0017921515357152606,-0.011963968104998458,0.3546553859373014,0.0017921562058450806,706.3333333333333,1.1890570348471752
Accelerometer,Looped,A2,Orifice Leak,ND,,3,LO_OL_ND_A2,-2.8988150107408566e-06,0.0017661844157488887,-0.019470138082979788,0.4075896704595765,0.0017661867946405644,706.3333333333333,1.199448681026263
Accelerometer,Looped,A2,Orifice Leak,ND,,4,LO_OL_ND_A2,-1.345764187855549e-06,0.0016797105912503948,-0.003043860578246732,-0.01501967466159515,0.0016797111303554551,706.3333333333333,1.2154777144829116
Accelerometer,Looped,A2,Orifice Leak,ND,,5,LO_OL_ND_A2,7.3080676383791295e-06,0.001789563115923871,-0.01514925148700285,-0.10479665442720565,0.0017895780378982531,706.3333333333333,1.179407991139336
Accelerometer,Looped,A2,Orifice Leak,ND,,6,LO_OL_ND_A2,5.831448045203015e-07,0.0017588057542814361,0.0025792257854000446,-0.040130072170481146,0.0017588058509543781,706.3333333333333,1.1937873621879052
Accelerometer,Looped,A2,Orifice Leak,ND,,7,LO_OL_ND_A2,-2.5977330970087806e-06,0.0017417303186455038,0.004978827875989896,-0.026500010126742524,0.0017417322558608745,706.3333333333333,1.2010229112827222
Accelerometer,Looped,A2,Orifice Leak,ND,,8,LO_OL_ND_A2,-2.3549773395030435e-06,0.0017774398853270005,0.0011803141251469059,-0.07132114583983906,0.0017774414454123462,706.3333333333333,1.1890542194372447
Accelerometer,Looped,A2,Orifice Leak,ND,,9,LO_OL_ND_A2,-1.3450009026838384e-05,0.0017810944755541137,0.024119848738226556,-0.049185172094977414,0.0017811452589814806,181.66666666666666,0.7584982271907039
Accelerometer,Looped,A1,Orifice Leak,Transient,,0,LO_OL_Transient_A1,0.0007761341032422983,0.01068386154647042,0.004208994249735278,0.05634952762900758,0.010712015762234716,0.3333333333333333,5.9780079032180495
Accelerometer,Looped,A1,Orifice Leak,Transient,,1,LO_OL_Transient_A1,4.6375175311724734e-05,0.010109880077791436,-0.008433426911934376,-0.010653497073406903,0.010109986441346464,1866.0,1.9590318911023252
Accelerometer,Looped,A1,Orifice Leak,Transient,,2,LO_OL_Transient_A1,-8.791286919186995e-06,0.01037747554517513,0.009514400502639053,-0.04413614932107457,0.010377479268947424,1812.0,1.876970246675445
Accelerometer,Looped,A1,Orifice Leak,Transient,,3,LO_OL_Transient_A1,1.5111957664063506e-05,0.010312030554422789,-0.00995333747522212,-0.048574516302203996,0.010312041627467065,1820.3333333333333,1.880517449992117
Accelerometer,Looped,A1,Orifice Leak,Transient,,4,LO_OL_Transient_A1,6.161330433555195e-06,0.010250628142369374,-0.010212822972935144,-0.0019376971583993097,0.010250629994060255,1794.6666666666665,1.8449120891439568
Accelerometer,Looped,A1,Orifice Leak,Transient,,5,LO_OL_Transient_A1,-6.303460123035038e-06,0.010384448828400984,0.014603086918353082,0.005606876304580233,0.01038445074153121,1794.6666666666665,1.8524295329907141
Accelerometer,Looped,A1,Orifice Leak,Transient,,6,LO_OL_Transient_A1,-8.00947289141807e-06,0.009161239825726279,0.015923098251904123,0.7685008389700752,0.009161243326979656,1772.0,1.8429895893818757
Accelerometer,Looped,A1,Orifice Leak,Transient,,7,LO_OL_Transient_A1,6.561543945247314e-06,0.005597288662912564,0.008587609243712902,6.427170651517011,0.005597292508867878,101.33333333333333,0.8764054104192922
Accelerometer,Looped,A1,Orifice Leak,Transient,,8,LO_OL_Transient_A1,-1.057944918367855e-05,0.001637997819288596,-0.08594382164443631,-0.006267720021382761,0.0016380319840403684,117.66666666666666,0.8381697459948433
Accelerometer,Looped,A1,Orifice Leak,Transient,,9,LO_OL_Transient_A1,1.757899909899127e-05,0.0016530118749561067,-0.01958321324962578,0.16760959682969867,0.0016531053444820828,117.66666666666666,0.7824530081978786
Accelerometer,Looped,A1,Orifice Leak,Transient,,10,LO_OL_Transient_A1,1.993088125677313e-05,0.001810639895443901,-0.05290583254316077,0.2344826372055735,0.0018107495881542462,0.6666666666666666,0.8449827586210702
Accelerometer,Looped,A2,Orifice Leak,Transient,,0,LO_OL_Transient_A2,-0.00011155795973090484,0.002540720143370878,-0.017920123926707655,-0.023554818227122798,0.0025431681079531206,702.0,1.2852192075236972
Accelerometer,Looped,A2,Orifice Leak,Transient,,1,LO_OL_Transient_A2,-5.277103161229114e-06,0.0024901149698130084,-0.02087648232221162,-0.04667954638105076,0.0024901205614798277,702.0,0.9886986780109933
Accelerometer,Looped,A2,Orifice Leak,Transient,,2,LO_OL_Transient_A2,6.279699911664258e-06,0.0024969797501048527,-0.015489084232772989,-0.046233656395811895,0.0024969876465582835,702.0,0.9819051580435127
Accelerometer,Looped,A2,Orifice Leak,Transient,,3,LO_OL_Transient_A2,2.545628283421803e-06,0.002497503271047543,-0.01088613880286751,-0.018402110448771936,0.0024975045683875204,702.0,0.9832768573828907
Accelerometer,Looped,A2,Orifice Leak,Transient,,4,LO_OL_Transient_A2,-3.759169828902698e-05,0.002563477250129441,-0.00781640308423262,-0.06359687684942283,0.002563752864008435,702.0,1.018059037180067
Accelerometer,Looped,A2,Orifice Leak,Transient,,5,LO_OL_Transient_A2,-0.0001221859712287304,0.0026925004648999298,-0.1288274564100471,-0.06626500576132477,0.0026952714455229635,702.0,1.3578089688330464
Accelerometer,Looped,A2,Orifice Leak,Transient,,6,LO_OL_Transient_A2,6.803253396259248e-06,0.0022846778367846964,-0.3770107550506231,0.5856613784042408,0.0022846879660364944,0.6666666666666666,1.6375330229687317
Accelerometer,Looped,A2,Orifice Leak,Transient,,7,LO_OL_Transient_A2,0.00011699458266817696,0.0016911198622839884,-0.16473039073640275,-0.22106495064504683,0.0016951619748522902,705.3333333333333,1.5495720032689138
Accelerometer,Looped,A2,Orifice Leak,Transient,,8,LO_OL_Transient_A2,3.399220935177146e-05,0.0016646681393069867,-0.001715187558532329,-0.1911746299525272,0.0016650151603875563,705.3333333333333,1.223032201878784
Accelerometer,Looped,A2,Orifice Leak,Transient,,9,LO_OL_Transient_A2,-1.389355912126326e-05,0.0016277991302215146,0.008350686138264164,-0.22071884298002908,0.0016278584211579874,705.6666666666666,1.2372508571017877
Accelerometer,Looped,A2,Orifice Leak,Transient,,10,LO_OL_Transient_A2,-7.157799753122677e-05,0.0016809031996050906,0.015369720457130694,-0.19786865813753662,0.0016824265143456374,705.3333333333333,1.3445136294680187
Accelerometer,Branched,A1,Circumferential Crack,0.18 LPS,,0,BR_CC_0.18 LPS_A1,-0.0005775434368028651,0.005708837542093754,-0.06435350236021899,0.04693611024960198,0.005737977213566913,0.3333333333333333,4.153468622498985
Accelerometer,Branched,A1,Circumferential Crack,0.18 LPS,,1,BR_CC_0.18 LPS_A1,-5.418501036875762e-05,0.005434637755633163,0.010821296286489803,0.07238413035998059,0.0054349078695321166,219.0,0.7270781872683818
Accelerometer,Branched,A1,Circumferential Crack,0.18 LPS,,2,BR_CC_0.18 LPS_A1,1.4889972724378246e-05,0.0054982238446945695,0.012906008252952367,0.08864612319101539,0.005498244006740303,220.0,0.6410728461575748
Accelerometer,Branched,A1,Circumferential Crack,0.18 LPS,,3,BR_CC_0.18 LPS_A1,1.9836295273023696e-06,0.005539454589292515,0.0154757525773665,0.0781125133127536,0.005539454944452568,214.33333333333331,0.6517609580480551
Accelerometer,Branched,A1,Circumferential Crack,0.18 LPS,,4,BR_CC_0.18 LPS_A1,-9.075651495284421e-07,0.005533249338870703,0.02761062038007628,0.09409053812787649,0.00553324941330025,213.33333333333331,0.6554688614555919
Accelerometer,Branched,A1,Circumferential Crack,0.18 LPS,,5,BR_CC_0.18 LPS_A1,-2.2680506959750695e-06,0.005441145479301612,0.00508244823903694,0.05997357629144551,0.005441145952001135,213.33333333333331,0.6332277598811977
Accelerometer,Branched,A1,Circumferential Crack,0.18 LPS,,6,BR_CC_0.18 LPS_A1,8.03514981338523e-07,0.005319938777509149,-0.025612004152075943,-0.03127545062386039,0.005319938838189953,227.33333333333331,0.6024451985285332
Accelerometer,Branched,A1,Circumferential Crack,0.18 LPS,,7,BR_CC_0.18 LPS_A1,7.64653757850731e-06,0.005281146476595046,-0.0015865189069113063,-0.012311732075959814,0.005281152012278117,212.0,0.6111249524299875
Accelerometer,Branched,A1,Circumferential Crack,0.18 LPS,,8,BR_CC_0.18 LPS_A1,-2.7468390919841764e-05,0.005278726360027751,0.02072112095478149,0.06839045662245358,0.0052787978268306075,213.0,0.6343547847409396
Accelerometer,Branched,A1,Circumferential Crack,0.18 LPS,,9,BR_CC_0.18 LPS_A1,4.725379141958577e-05,0.005240285584712373,0.017147636496071907,0.04894230958707846,0.005240498633732082,220.66666666666666,0.6697088586982403
Accelerometer,Branched,A1,Circumferential Crack,0.18 LPS,,10,BR_CC_0.18 LPS_A1,0.00013395967767945626,0.005414791863056328,0.03638157510771706,0.016961241180088127,0.005416448662681574,0.6666666666666666,1.3907533146323603
Accelerometer,Branched,A2,Circumferential Crack,0.18 LPS,,0,BR_CC_0.18 LPS_A2,6.346481374557058e-05,0.0011307480206680042,-0.02307640095121565,-0.052406850587311204,0.001132527645944402,428.66666666666663,1.1036154677574928
Accelerometer,Branched,A2,Circumferential Crack,0.18 LPS,,1,BR_CC_0.18 LPS_A2,-7.532416900022703e-06,0.0011267764054295124,-0.013973527399202419,0.026775460670084072,0.001126801581973068,428.66666666666663,1.0369803205366908
Accelerometer,Branched,A2,Circumferential Crack,0.18 LPS,,2,BR_CC_0.18 LPS_A2,7.118146795634014e-06,0.0011488959476687072,-0.04861991652224319,0.0392768162662418,0.0011489179981980355,430.66666666666663,1.035455144371872
Accelerometer,Branched,A2,Circumferential Crack,0.18 LPS,,3,BR_CC_0.18 LPS_A2,-3.0306155808777925e-06,0.0011658203987021925,-0.06934729975322178,0.03112305057267628,0.0011658243378232151,430.3333333333333,1.044829194351356
Accelerometer,Branched,A2,Circumferential Crack,0.18 LPS,,4,BR_CC_0.18 LPS_A2,-3.9473379212489965e-06,0.0011687352984605345,-0.008685164786434722,0.002260534408963011,0.0011687419643977447,427.0,1.0215705995614792
Accelerometer,Branched,A2,Circumferential Crack,0.18 LPS,,5,BR_CC_0.18 LPS_A2,5.395567897216692e-06,0.001141128670755132,0.04030190304412964,-0.0008419120794718182,0.001141141426542875,271.0,0.9351512899330563
Accelerometer,Branched,A2,Circumferential Crack,0.18 LPS,,6,BR_CC_0.18 LPS_A2,4.3651777158923027e-07,0.0011132640865331488,0.018237491773732004,0.0001562686053957485,0.001113264172113812,271.0,0.9281039001191667
Accelerometer,Branched,A2,Circumferential Crack,0.18 LPS,,7,BR_CC_0.18 LPS_A2,3.7046374073934895e-06,0.0011452630787185222,-0.009512797274677715,0.004443957272147969,0.0011452690704869964,273.0,0.9120606933046891
Accelerometer,Branched,A2,Circumferential Crack,0.18 LPS,,8,BR_CC_0.18 LPS_A2,-1.1371765997730462e-05,0.0011323630418603255,-0.023861323944220046,-0.008195009264695408,0.0011324201409517037,273.66666666666663,0.9233970415509262
Accelerometer,Branched,A2,Circumferential Crack,0.18 LPS,,9,BR_CC_0.18 LPS_A2,-3.849464932898818e-07,0.0011081502112864309,0.018985384996942217,-0.04627827311050048,0.0011081502781473116,706.0,1.3792277937632766
Accelerometer,Branched,A1,Circumferential Crack,0.47 LPS,,0,BR_CC_0.47 LPS_A1,-6.990732018236895e-05,0.012890295325441236,-0.008847323219284322,0.028879652808415646,0.012890484886555172,1912.3333333333333,2.19468014235929
Accelerometer,Branched,A1,Circumferential Crack,0.47 LPS,,1,BR_CC_0.47 LPS_A1,-3.811395867831287e-06,0.012923948435563262,0.012883240639641342,0.05170389898151706,0.012923948997571778,1881.3333333333333,2.0941581860347585
Accelerometer,Branched,A1,Circumferential Crack,0.47 LPS,,2,BR_CC_0.47 LPS_A1,-6.1144403418997065e-06,0.01266861760762744,0.013119726617951065,0.014694671778603396,0.012668619083178272,1878.3333333333333,2.0690936061408967
Accelerometer,Branched,A1,Circumferential Crack,0.47 LPS,,3,BR_CC_0.47 LPS_A1,3.782174444164861e-07,0.012643509723439802,0.0005660555397631072,-0.01703843753595935,0.01264350972909679,1882.0,2.0681848410081365
Accelerometer,Branched,A1,Circumferential Crack,0.47 LPS,,4,BR_CC_0.47 LPS_A1,5.538458455037821e-06,0.012807211858486836,0.011305982429628545,0.046567653336764714,0.012807213056035568,1876.0,2.0754465832365048
Accelerometer,Branched,A1,Circumferential Crack,0.47 LPS,,5,BR_CC_0.47 LPS_A1,-2.0075445760027378e-06,0.012853045907514021,-0.007643475963184494,0.07972847832603458,0.012853046064295347,1777.3333333333333,1.9915253041367296
Accelerometer,Branched,A1,Circumferential Crack,0.47 LPS,,6,BR_CC_0.47 LPS_A1,2.681728698455821e-06,0.012752170918807577,-0.006625251270645922,0.06043104901105689,0.01275217120078579,1910.0,2.1052025171201167
Accelerometer,Branched,A1,Circumferential Crack,0.47 LPS,,7,BR_CC_0.47 LPS_A1,-5.050987010705286e-06,0.012813867268367671,-0.015241268521819713,0.027314210484957968,0.012813868263869977,1890.0,2.0938771725199925
Accelerometer,Branched,A1,Circumferential Crack,0.47 LPS,,8,BR_CC_0.47 LPS_A1,-3.6990178657759736e-06,0.012724690684964313,-0.012800260297157414,0.02922631466109893,0.012724691222609323,1816.3333333333333,2.0138545217345616
Accelerometer,Branched,A1,Circumferential Crack,0.47 LPS,,9,BR_CC_0.47 LPS_A1,0.00010084901923359434,0.012776267870532185,0.014297828452508956,0.03843461913044521,0.012776665888418363,1881.0,2.16796421652626
Accelerometer,Branched,A2,Circumferential Crack,0.47 LPS,,0,BR_CC_0.47 LPS_A2,8.925974939865677e-05,0.0013161096183593815,0.002421172981078938,-0.10225506288587738,0.0013191329843502465,702.3333333333333,1.4161432156548588
Accelerometer,Branched,A2,Circumferential Crack,0.47 LPS,,1,BR_CC_0.47 LPS_A2,-5.542415175356395e-06,0.0013160437359934839,-0.041646781551425184,-0.0761251662473823,0.001316055406665564,702.3333333333333,1.311169518597024
Accelerometer,Branched,A2,Circumferential Crack,0.47 LPS,,2,BR_CC_0.47 LPS_A2,-5.85749020486789e-06,0.001308786821805818,-0.043285785102858645,-0.055598827154567765,0.0013087999293719703,702.3333333333333,1.3140824894831133
Accelerometer,Branched,A2,Circumferential Crack,0.47 LPS,,3,BR_CC_0.47 LPS_A2,1.7502413266478997e-05,0.0012906592688572082,-0.00920334572461161,-0.05745972735379823,0.001290777937043074,702.3333333333333,1.3131938501873675
Accelerometer,Branched,A2,Circumferential Crack,0.47 LPS,,4,BR_CC_0.47 LPS_A2,3.1529109356421563e-06,0.0013075593388955867,-0.05396507886835739,-0.09582200479417047,0.001307563140188814,702.3333333333333,1.3135198337894234
Accelerometer,Branched,A2,Circumferential Crack,0.47 LPS,,5,BR_CC_0.47 LPS_A2,-1.8856323912821523e-05,0.001320104808954006,-0.07883093840857343,-0.05117569313373016,0.0013202394735709875,702.3333333333333,1.336632005808726
Accelerometer,Branched,A2,Circumferential Crack,0.47 LPS,,6,BR_CC_0.47 LPS_A2,-1.0749889022608917e-05,0.0013158656387981958,-0.07367841960298413,-0.013013113020596379,0.0013159095483671291,702.3333333333333,1.3284373520921675
Accelerometer,Branched,A2,Circumferential Crack,0.47 LPS,,7,BR_CC_0.47 LPS_A2,1.0769941151597305e-05,0.0013093671059912753,-0.03849364105143031,-0.09335696761088164,0.0013094113982566275,702.3333333333333,1.307770602789658
Accelerometer,Branched,A2,Circumferential Crack,0.47 LPS,,8,BR_CC_0.47 LPS_A2,3.6652665328632697e-06,0.001327483811243834,0.05702539548531461,-0.030772637891699706,0.001327488871250231,702.6666666666666,1.3387266530454822
Accelerometer,Branched,A2,Circumferential Crack,0.47 LPS,,9,BR_CC_0.47 LPS_A2,2.5272455324098878e-05,0.0013754526429815878,0.047617279939434334,0.002911368374098444,0.0013756848004114692,702.6666666666666,1.3196584931951947
Accelerometer,Branched,A1,Circumferential Crack,ND,,0,BR_CC_ND_A1,-7.590504763520356e-05,0.0010290408447338577,-0.06723666675410843,-0.12721169056422932,0.0010318365356911307,117.66666666666666,1.0747889849188301
Accelerometer,Branched,A1,Circumferential Crack,ND,,1,BR_CC_ND_A1,-4.187294574862069e-06,0.0010152286152537709,-0.014805908642684043,-0.10105736279374611,0.0010152372504326,117.66666666666666,0.9071163017338933
Accelerometer,Branched,A1,Circumferential Crack,ND,,2,BR_CC_ND_A1,3.32162066174508e-06,0.001010158748964421,-0.01391086512382457,-0.0798071156780682,0.0010101642100535857,117.66666666666666,0.9066906830151192
Accelerometer,Branched,A1,Circumferential Crack,ND,,3,BR_CC_ND_A1,-9.356042624127932e-07,0.0010062919226031572,-0.021999874276163577,-0.09091139368226386,0.0010062923575441156,117.66666666666666,0.9090544128264676
Accelerometer,Branched,A1,Circumferential Crack,ND,,4,BR_CC_ND_A1,-2.2538628405082244e-06,0.001001358095311225,-0.023319922535635328,0.001094796888740479,0.0010013606318120501,117.66666666666666,0.910681150919746
Accelerometer,Branched,A1,Circumferential Crack,ND,,5,BR_CC_ND_A1,7.269776784030151e-07,0.0010203768633857487,-0.01830511820728471,0.03942815314546655,0.0010203771223569664,117.66666666666666,0.9051227637785595
Accelerometer,Branched,A1,Circumferential Crack,ND,,6,BR_CC_ND_A1,1.7883575729344679e-06,0.0010580027596265116,-0.02530772659659215,0.019066392519226927,0.0010580042710689418,117.66666666666666,0.898168604098462
Accelerometer,Branched,A1,Circumferential Crack,ND,,7,BR_CC_ND_A1,3.4536040412882538e-06,0.0010759628343436096,-0.045879918188305925,-0.1053445328089131,0.0010759683769840116,117.66666666666666,0.9036797530882433
Accelerometer,Branched,A1,Circumferential Crack,ND,,8,BR_CC_ND_A1,3.006292424561235e-06,0.001038432248908158,-0.03048818261478153,-0.14641581863800823,0.00103843660055229,117.66666666666666,0.9042428639095369
Accelerometer,Branched,A1,Circumferential Crack,ND,,9,BR_CC_ND_A1,7.482407543264724e-06,0.0010311815852984102,0.005548042766480211,-0.0763922619329751,0.0010312087316742358,117.66666666666666,0.9042136025673269
Accelerometer,Branched,A1,Circumferential Crack,ND,,10,BR_CC_ND_A1,1.825999031570234e-05,0.001063984016092837,0.054428975828318044,-0.1307375291987638,0.0010641406926470635,117.66666666666666,0.9323887483406742
Accelerometer,Branched,A2,Circumferential Crack,ND,,0,BR_CC_ND_A2,8.209199654387258e-05,0.0014998805285297504,-0.009964235343590222,-0.03825949495353553,0.0015021253928215322,706.6666666666666,1.3567221160644347
Accelerometer,Branched,A2,Circumferential Crack,ND,,1,BR_CC_ND_A2,2.1834009019335823e-05,0.0014621284870590901,-0.01218354413879068,-0.11880369916365163,0.0014622915019309797,706.6666666666666,1.2720136026238809
Accelerometer,Branched,A2,Circumferential Crack,ND,,2,BR_CC_ND_A2,-3.2148605839656876e-06,0.0014862152767262959,-0.004952147883908185,-0.16891092214346415,0.0014862187537853214,706.6666666666666,1.2666718643862007
Accelerometer,Branched,A2,Circumferential Crack,ND,,3,BR_CC_ND_A2,-1.016463975211294e-06,0.0015367545592253028,-0.02023058903464615,-0.14141663512863412,0.00153675489538793,706.6666666666666,1.2507628625412521
Accelerometer,Branched,A2,Circumferential Crack,ND,,4,BR_CC_ND_A2,-7.679879975970508e-06,0.0015391963729657412,-0.01579688080304691,-0.08632708988772908,0.0015392155323759368,706.6666666666666,1.2550658794170482
Accelerometer,Branched,A2,Circumferential Crack,ND,,5,BR_CC_ND_A2,-8.262722310110012e-06,0.0015231381434063452,0.026589572578655282,-0.06262932520914344,0.0015231605550562626,706.6666666666666,1.2742507821448774
Accelerometer,Branched,A2,Circumferential Crack,ND,,6,BR_CC_ND_A2,1.2912037360609472e-05,0.0015654223699400303,0.00945675387138514,-0.06509975778487753,0.0015654756200648619,706.6666666666666,1.2469488609758972
Accelerometer,Branched,A2,Circumferential Crack,ND,,7,BR_CC_ND_A2,7.3803588383813e-06,0.0015182808917985492,0.03073473524897975,-0.05077769555953893,0.0015182988296436183,706.6666666666666,1.270750261404428
Accelerometer,Branched,A2,Circumferential Crack,ND,,8,BR_CC_ND_A2,-2.503388883674674e-05,0.001506477913324845,0.012964006927080395,-0.11045680733832786,0.0015066858992258039,706.6666666666666,1.289050401314316
Accelerometer,Branched,A2,Circumferential Crack,ND,,9,BR_CC_ND_A2,-4.656869746252383e-05,0.0015566172246375778,-0.030905976724998025,-0.1587429386726753,0.001557313657431203,706.6666666666666,1.3042189629340954
Accelerometer,Branched,A2,Circumferential Crack,ND,,10,BR_CC_ND_A2,-1.3879208503256388e-05,0.0015714788655742387,-0.06447380535147072,-0.11265594391722722,0.001571540154553861,706.6666666666666,1.261520814689504
Accelerometer,Branched,A1,Circumferential Crack,Transient,,0,BR_CC_Transient_A1,-0.000631669290586007,0.01329102125346515,-0.0023071110341454683,-0.01483724007989684,0.013306023149413645,0.6666666666666666,5.278407927294642
Accelerometer,Branched,A1,Circumferential Crack,Transient,,1,BR_CC_Transient_A1,-4.9991913153233045e-05,0.01319945105671057,-0.01833459188409653,-0.014567204832643732,0.013199545726648266,1819.6666666666665,2.1102608782687313
Accelerometer,Branched,A1,Circumferential Crack,Transient,,2,BR_CC_Transient_A1,1.0640550936118829e-05,0.013236697418640787,-0.03199300283028948,-0.031048490367429515,0.013236701695436667,1888.6666666666665,2.135721523360738
Accelerometer,Branched,A1,Circumferential Crack,Transient,,3,BR_CC_Transient_A1,-4.166186299054889e-06,0.013426702497209876,-0.03032862400167421,-0.04804665222237903,0.013426703143575127,1829.0,2.109148836972299
Accelerometer,Branched,A1,Circumferential Crack,Transient,,4,BR_CC_Transient_A1,-7.089920347111307e-06,0.013301802356897227,-0.007240035040646943,-0.022203936293659687,0.013301804246376774,1862.0,2.1181462553258004
Accelerometer,Branched,A1,Circumferential Crack,Transient,,5,BR_CC_Transient_A1,6.170836039203345e-06,0.012937075146344769,-0.01963728849687433,0.03719768490856934,0.01293707661805359,113.66666666666666,2.771270475804641
Accelerometer,Branched,A1,Circumferential Crack,Transient,,6,BR_CC_Transient_A1,2.3124631915273798e-05,0.013222403426499186,-0.04049312963083927,0.03192992145588125,0.01322242364779236,1930.0,2.1760937602083965
Accelerometer,Branched,A1,Circumferential Crack,Transient,,7,BR_CC_Transient_A1,1.8526056216479289e-07,0.012705204222299113,-0.4519217665741082,20.40360240980507,0.0127052042236498,41.0,3.2274430240553125
Accelerometer,Branched,A1,Circumferential Crack,Transient,,8,BR_CC_Transient_A1,-1.6201944753442293e-05,0.008442131291544887,-1.4551811049786536,107.41311505335017,0.00844214683873096,41.0,11.548297353765035
Accelerometer,Branched,A1,Circumferential Crack,Transient,,9,BR_CC_Transient_A1,-7.526229046626109e-06,0.0007793102735159145,-0.034520781170843395,0.06556484552033437,0.0007793466151406008,117.66666666666666,0.9652010823119166
Accelerometer,Branched,A1,Circumferential Crack,Transient,,10,BR_CC_Transient_A1,-1.6353485611738336e-05,0.0007741605532139135,-0.04089180001863147,-0.0027702538816636313,0.0007743332607115142,117.66666666666666,0.9751451636765562
Accelerometer,Branched,A2,Circumferential Crack,Transient,,0,BR_CC_Transient_A2,0.0001099095070013602,0.0015253431938098774,0.0007048363263469449,-0.15796120497114385,0.00152929786458734,702.6666666666666,1.4274543616625612
Accelerometer,Branched,A2,Circumferential Crack,Transient,,1,BR_CC_Transient_A2,1.704716338805711e-05,0.0015096476469302477,-0.010105346374767694,-0.13003523214437873,0.001509743893401001,702.6666666666666,1.251681455782143
Accelerometer,Branched,A2,Circumferential Crack,Transient,,2,BR_CC_Transient_A2,-2.261549432835142e-06,0.001524972872441657,-0.0303274887188664,-0.14007076109382766,0.0015249745493905122,702.6666666666666,1.2495694303738127
Accelerometer,Branched,A2,Circumferential Crack,Transient,,3,BR_CC_Transient_A2,-2.0660111426791803e-05,0.0015052663300459933,-0.049957740431479616,-0.13966911991700837,0.0015054081056558386,702.6666666666666,1.2741205230738617
Accelerometer,Branched,A2,Circumferential Crack,Transient,,4,BR_CC_Transient_A2,1.5062836535561244e-05,0.0015973355812228015,0.031060827638272982,0.02152034960801652,0.0015974066007391112,702.3333333333333,1.2446175001196433
Accelerometer,Branched,A2,Circumferential Crack,Transient,,5,BR_CC_Transient_A2,7.611080667812499e-05,0.0017097373311449492,-0.02309503185379186,0.011526522016107599,0.001711430570138283,702.3333333333333,1.2847363712840445
Accelerometer,Branched,A2,Circumferential Crack,Transient,,6,BR_CC_Transient_A2,3.613857687949197e-05,0.002249502119440725,-0.8724496367382354,1.273192618984769,0.002249792386445289,1.0,3.4734826653826416
Accelerometer,Branched,A2,Circumferential Crack,Transient,,7,BR_CC_Transient_A2,-6.004215775926055e-05,0.002223133591791343,-0.8165046427493905,1.253297288967655,0.00222394425012397,1.0,3.231890901321853
Accelerometer,Branched,A2,Circumferential Crack,Transient,,8,BR_CC_Transient_A2,-6.699706917967628e-05,0.0015758127647551843,0.02250080947277983,0.010581169784627864,0.0015772363414669486,706.0,1.3665756617146927
Accelerometer,Branched,A2,Circumferential Crack,Transient,,9,BR_CC_Transient_A2,-4.627811311616117e-06,0.0015036776189232502,-0.017188715927237894,0.027229086335754715,0.0015036847403256549,706.0,1.2640795766925648
Accelerometer,Branched,A2,Circumferential Crack,Transient,,10,BR_CC_Transient_A2,2.7384378916791516e-05,0.0014401644946984455,-0.044174908925202955,0.07963484741242954,0.001440424824834218,706.0,1.287772003544025
Accelerometer,Branched,A1,Gasket Leak,0.18 LPS,,0,BR_GL_0.18 LPS_A1,-0.0006459986828954936,0.005963480069395492,-0.13690951354620798,0.10708410951866165,0.005998367180856802,0.3333333333333333,4.635626291675134
Accelerometer,Branched,A1,Gasket Leak,0.18 LPS,,1,BR_GL_0.18 LPS_A1,-5.812612938488473e-05,0.00564972024892705,-0.012459083749469217,0.06063624625099573,0.0056500192511223886,393.66666666666663,0.5617058193261917
Accelerometer,Branched,A1,Gasket Leak,0.18 LPS,,2,BR_GL_0.18 LPS_A1,1.5187601382616476e-05,0.00566645816102978,-0.010130084627164708,0.07753859882101732,0.0056664785143805815,393.66666666666663,0.395372020048083
Accelerometer,Branched,A1,Gasket Leak,0.18 LPS,,3,BR_GL_0.18 LPS_A1,-1.2696176003129732e-06,0.005583813659548807,-0.047499780512849206,0.1176712576298935,0.005583813803888225,1822.0,2.3012032366730604
Accelerometer,Branched,A1,Gasket Leak,0.18 LPS,,4,BR_GL_0.18 LPS_A1,-3.944373350454827e-06,0.005498898104362135,-0.04929988600182264,0.12001145108732647,0.005498899519016383,1811.6666666666665,2.2978438641043066
Accelerometer,Branched,A1,Gasket Leak,0.18 LPS,,5,BR_GL_0.18 LPS_A1,8.755548410918199e-07,0.005642140669105444,-0.027099962430308384,0.023146062293562863,0.005642140737040322,1814.3333333333333,2.274030773679466
Accelerometer,Branched,A1,Gasket Leak,0.18 LPS,,6,BR_GL_0.18 LPS_A1,6.646956610129098e-06,0.005777337546229425,-0.04175863607691152,0.007097947332874721,0.005777341369964596,1818.6666666666665,2.258973087030037
Accelerometer,Branched,A1,Gasket Leak,0.18 LPS,,7,BR_GL_0.18 LPS_A1,1.0145143622518706e-05,0.005678005562153376,-0.050887379553735936,0.11089831171087727,0.00567801462553451,1818.3333333333333,2.2763817690282027
Accelerometer,Branched,A1,Gasket Leak,0.18 LPS,,8,BR_GL_0.18 LPS_A1,-9.57489897141301e-05,0.005658895426397682,-0.0679442086282747,0.10625887994588368,0.0056597054089356875,1805.3333333333333,2.393950014124295
Accelerometer,Branched,A1,Gasket Leak,0.18 LPS,,9,BR_GL_0.18 LPS_A1,9.952854818581907e-05,0.005826256697234181,-0.04681099193686298,0.07983273331237584,0.00582710674640255,0.6666666666666666,1.3355341767701965
Accelerometer,Branched,A2,Gasket Leak,0.18 LPS,,0,BR_GL_0.18 LPS_A2,-1.732304090018965e-05,0.002789708560832804,-0.04948021285356503,0.06932376791790418,0.0027897623450985685,703.6666666666666,0.9333545985256593
Accelerometer,Branched,A2,Gasket Leak,0.18 LPS,,1,BR_GL_0.18 LPS_A2,5.3518259665367264e-05,0.002671545924037224,0.0806877019249163,0.07589929409728047,0.0026720819277031,703.6666666666666,1.0507272034515185
Accelerometer,Branched,A2,Gasket Leak,0.18 LPS,,2,BR_GL_0.18 LPS_A2,4.4571706415465875e-05,0.002620194590431222,-0.051403238945150795,0.05424469554538458,0.002620573664054843,703.6666666666666,0.9974742516893257
Accelerometer,Branched,A2,Gasket Leak,0.18 LPS,,3,BR_GL_0.18 LPS_A2,-2.409975706838314e-05,0.0029900329576616645,-0.2528829744314653,0.46481622091681407,0.002990130078473797,704.0,1.2700414763852306
Accelerometer,Branched,A2,Gasket Leak,0.18 LPS,,4,BR_GL_0.18 LPS_A2,-4.803496675318173e-05,0.0029944782482542237,-0.282468477498661,0.509259429549267,0.002994863492264491,704.0,1.3825152844809432
Accelerometer,Branched,A2,Gasket Leak,0.18 LPS,,5,BR_GL_0.18 LPS_A2,-2.3565069297941282e-05,0.0024979622575928184,-0.19671324703584245,0.07994500469001808,0.0024980734082186667,704.0,1.2241009904313978
Accelerometer,Branched,A2,Gasket Leak,0.18 LPS,,6,BR_GL_0.18 LPS_A2,0.00011013976613030682,0.002508569609445799,-0.02017663916297078,0.06696332889751622,0.002510986310898227,703.6666666666666,1.21254719503363
Accelerometer,Branched,A2,Gasket Leak,0.18 LPS,,7,BR_GL_0.18 LPS_A2,4.514943567967394e-06,0.0029573573362033784,-0.20670455258329062,0.5331535143680992,0.0029573607826424166,703.6666666666666,1.1415312592091793
Accelerometer,Branched,A2,Gasket Leak,0.18 LPS,,8,BR_GL_0.18 LPS_A2,-0.00013429491656270214,0.003110777766893933,-0.13377068322984223,0.3086863621145217,0.003113675230273091,703.6666666666666,1.350856123674012
Accelerometer,Branched,A2,Gasket Leak,0.18 LPS,,9,BR_GL_0.18 LPS_A2,3.0090476288904707e-05,0.002687935170930222,0.02002969157960319,0.11760909980980783,0.0026881035917328366,703.6666666666666,0.9559820680069643
Accelerometer,Branched,A1,Gasket Leak,0.47 LPS,,0,BR_GL_0.47 LPS_A1,8.498034571450603e-05,0.013548359056911938,0.00315509918983351,0.03169941537534493,0.013548625568453999,214.66666666666666,2.8765162783359552
Accelerometer,Branched,A1,Gasket Leak,0.47 LPS,,1,BR_GL_0.47 LPS_A1,8.26691054338623e-06,0.013934439399184909,0.011134382232766459,0.029137943050513204,0.01393444185144732,219.66666666666666,2.900076146036991
Accelerometer,Branched,A1,Gasket Leak,0.47 LPS,,2,BR_GL_0.47 LPS_A1,-2.948105573170165e-06,0.013584407327325087,-0.0010552210581764396,0.005596960049029764,0.013584407647225917,221.0,2.800444752338841
Accelerometer,Branched,A1,Gasket Leak,0.47 LPS,,3,BR_GL_0.47 LPS_A1,3.030129246050988e-06,0.013503457942206544,-0.0023886089278856693,0.002801060527941157,0.013503458282181798,223.66666666666666,2.775777033142748
Accelerometer,Branched,A1,Gasket Leak,0.47 LPS,,4,BR_GL_0.47 LPS_A1,2.93016892073395e-06,0.013396103534277221,0.01721702402294599,0.007779192702130011,0.013396103854739428,222.66666666666666,2.742820054206227
Accelerometer,Branched,A1,Gasket Leak,0.47 LPS,,5,BR_GL_0.47 LPS_A1,2.916613481571623e-06,0.013414905419457616,-0.0027992476200985198,-0.01180250852595277,0.013414905736516656,219.33333333333331,2.757231868490992
Accelerometer,Branched,A1,Gasket Leak,0.47 LPS,,6,BR_GL_0.47 LPS_A1,-2.606399348199184e-06,0.013529992725931887,-0.006779344210195629,-0.048103106414394414,0.013529992976978494,219.33333333333331,2.790929802819781
Accelerometer,Branched,A1,Gasket Leak,0.47 LPS,,7,BR_GL_0.47 LPS_A1,-1.02320075110344e-05,0.013610022907013304,-0.0050251380245906665,-0.03841526024242947,0.013610026753221486,1848.3333333333333,2.1449301553125264
Accelerometer,Branched,A1,Gasket Leak,0.47 LPS,,8,BR_GL_0.47 LPS_A1,7.787457198796724e-05,0.013575215279428083,0.01699650028674571,-0.026239678171990022,0.013575438642334178,1841.6666666666665,2.1812074146494624
Accelerometer,Branched,A1,Gasket Leak,0.47 LPS,,9,BR_GL_0.47 LPS_A1,-0.00016579297577063609,0.013461110272054003,0.02660437775977442,0.03745369319180014,0.013462131223072098,1808.0,2.428537627649433
Accelerometer,Branched,A1,Gasket Leak,0.47 LPS,,10,BR_GL_0.47 LPS_A1,-0.00047750190692548287,0.014175006282784605,-0.023164045381053266,0.039663016657118355,0.014183046611645204,0.6666666666666666,4.598981827236928
Accelerometer,Branched,A2,Gasket Leak,0.47 LPS,,0,BR_GL_0.47 LPS_A2,8.949650505211138e-05,0.003723110502746732,0.07215131504496618,0.2678772965260636,0.003724186010402752,701.3333333333333,0.9221453890380741
Accelerometer,Branched,A2,Gasket Leak,0.47 LPS,,1,BR_GL_0.47 LPS_A2,-4.13850552058478e-06,0.003605460107132125,0.03866953509366153,0.1607507217233466,0.0036054624823105754,701.0,0.7249609011455072
Accelerometer,Branched,A2,Gasket Leak,0.47 LPS,,2,BR_GL_0.47 LPS_A2,-9.609275182675285e-05,0.003830493903115307,-0.051972491478394965,0.11548910175316163,0.0038316990172451142,701.0,0.9671998787897496
Accelerometer,Branched,A2,Gasket Leak,0.47 LPS,,3,BR_GL_0.47 LPS_A2,2.5961554027724757e-05,0.0038402766409157242,-0.2574323609085151,0.16612366503206566,0.003840364394305636,701.0,1.1664791794353262
Accelerometer,Branched,A2,Gasket Leak,0.47 LPS,,4,BR_GL_0.47 LPS_A2,0.00013796122733709772,0.0035397104668731137,-0.21092449557312,0.3378933126980219,0.0035423979857632363,701.0,1.426458332329744
Accelerometer,Branched,A2,Gasket Leak,0.47 LPS,,5,BR_GL_0.47 LPS_A2,-4.253022750759705e-05,0.0040012175339363566,0.23373415955699242,0.202200499858185,0.004001443561282801,701.0,1.1959035938640288
Accelerometer,Branched,A2,Gasket Leak,0.47 LPS,,6,BR_GL_0.47 LPS_A2,-9.252931995725566e-05,0.004206268111365209,0.29116886862080926,0.010099664215943438,0.00420728571643757,701.0,1.50529008279359
Accelerometer,Branched,A2,Gasket Leak,0.47 LPS,,7,BR_GL_0.47 LPS_A2,5.493091865564236e-05,0.00335659328630389,0.15977421427239652,0.18208024346455653,0.0033570427306611247,701.0,1.0501062322925805
Accelerometer,Branched,A2,Gasket Leak,0.47 LPS,,8,BR_GL_0.47 LPS_A2,1.8661669156940565e-05,0.002972427706722433,-0.020889789546548413,0.06279667150068358,0.0029724862875355543,701.0,0.8583212905214237
Accelerometer,Branched,A2,Gasket Leak,0.47 LPS,,9,BR_GL_0.47 LPS_A2,3.278687931549135e-05,0.0031149734066526595,-0.15224920770418485,0.11632663143409028,0.0031151459522161273,701.0,1.0022710259774037
Accelerometer,Branched,A2,Gasket Leak,0.47 LPS,,10,BR_GL_0.47 LPS_A2,0.00010221872531067022,0.003323757805489084,0.03889784124098053,0.1160136113645649,0.0033253292494659454,701.0,1.019510953930944
Accelerometer,Branched,A1,Gasket Leak,ND,,0,BR_GL_ND_A1,-1.2671201903655839e-05,0.0008831761238581995,-0.009454222444315548,-0.012744943788791652,0.0008832670180137357,117.33333333333333,0.9415963318342857
Accelerometer,Branched,A1,Gasket Leak,ND,,1,BR_GL_ND_A1,1.2941622464526784e-06,0.0008938266057492749,0.01514243737157565,-0.11674871469650894,0.0008938275426508123,117.33333333333333,0.9375082134141515
Accelerometer,Branched,A1,Gasket Leak,ND,,2,BR_GL_ND_A1,-9.712226518270614e-07,0.0009760156391969012,0.03297207482630953,0.004853947335596853,0.0009760161224233825,32.0,0.9423270377369003
Accelerometer,Branched,A1,Gasket Leak,ND,,3,BR_GL_ND_A1,5.774580448057601e-06,0.000992015483900647,0.05172421523600374,-0.006659715481173389,0.0009920322908443988,32.33333333333333,0.9538767324160882
Accelerometer,Branched,A1,Gasket Leak,ND,,4,BR_GL_ND_A1,-6.647157513758233e-07,0.0009321786869928802,0.022970973888545406,-0.02908488917869212,0.0009321789239898101,32.33333333333333,0.9444100179545414
Accelerometer,Branched,A1,Gasket Leak,ND,,5,BR_GL_ND_A1,-8.674669406841782e-06,0.0009289446128943038,0.024029701656205518,-0.011369099588281806,0.0009289851149047899,117.33333333333333,0.9390373694521528
Accelerometer,Branched,A1,Gasket Leak,ND,,6,BR_GL_ND_A1,1.1328308329080981e-06,0.0008721555696807237,0.020613511380283348,-0.015667022505532646,0.0008721563053895808,117.33333333333333,0.94543029822213
Accelerometer,Branched,A1,Gasket Leak,ND,,7,BR_GL_ND_A1,6.553912489766793e-06,0.0008577271504186574,-0.003925265819382424,-0.043056039227065135,0.0008577521893497176,117.33333333333333,0.9408916941641932
Accelerometer,Branched,A1,Gasket Leak,ND,,8,BR_GL_ND_A1,-8.53756119152432e-06,0.000883332532253151,0.013232396277218747,-0.032584514019138755,0.0008833737897899523,117.33333333333333,0.9436113682315598
Accelerometer,Branched,A1,Gasket Leak,ND,,9,BR_GL_ND_A1,1.4253161126593119e-05,0.0009175441867170698,0.038436384702686975,-0.05017422287964601,0.0009176548845728385,117.33333333333333,0.9481859040471455
Accelerometer,Branched,A1,Gasket Leak,ND,,10,BR_GL_ND_A1,4.166500957822931e-05,0.000999839383885245,0.050776671655817326,-0.10554166149566635,0.0010007071332768546,117.33333333333333,0.9715259338072243
Accelerometer,Branched,A2,Gasket Leak,ND,,0,BR_GL_ND_A2,7.323390887161426e-05,0.0025650339625983704,0.09905105428895115,0.016120728474245283,0.0025660791949376222,704.6666666666666,1.1450532493770245
Accelerometer,Branched,A2,Gasket Leak,ND,,1,BR_GL_ND_A2,2.31333658025206e-06,0.0024789117278496637,0.11315478751150926,0.011962167143216629,0.002478912807259815,704.6666666666666,1.1145824158957462
Accelerometer,Branched,A2,Gasket Leak,ND,,2,BR_GL_ND_A2,1.4348558120358271e-05,0.0025717391851885815,0.23652495250981417,0.32233023414601547,0.002571779212482005,704.6666666666666,1.3877270572467613
Accelerometer,Branched,A2,Gasket Leak,ND,,3,BR_GL_ND_A2,3.387405350004527e-05,0.0028582621517015774,0.20316062486140038,0.1952466235247523,0.0028584628700317684,704.6666666666666,1.2391087248661925
Accelerometer,Branched,A2,Gasket Leak,ND,,4,BR_GL_ND_A2,-3.6716106851925114e-05,0.0027945358315955124,0.11450420446999926,0.16077273558046512,0.0027947770191150464,704.6666666666666,1.099347201886184
Accelerometer,Branched,A2,Gasket Leak,ND,,5,BR_GL_ND_A2,1.3086727309815487e-05,0.002515481297477062,0.0005931735114582345,0.0671768140468414,0.002515515338929295,704.6666666666666,0.9849476836525862
Accelerometer,Branched,A2,Gasket Leak,ND,,6,BR_GL_ND_A2,-5.557814696085609e-07,0.002574563951018898,0.2122797372254703,0.3531631640957218,0.0025745640110082873,704.6666666666666,1.328525174531518
Accelerometer,Branched,A2,Gasket Leak,ND,,7,BR_GL_ND_A2,-0.00013530046833640436,0.0026989384015489127,0.3487002602536589,0.5770698241256977,0.0027023276470641844,704.6666666666666,2.043590154012181
Accelerometer,Branched,A2,Gasket Leak,ND,,8,BR_GL_ND_A2,1.2972817996144414e-05,0.0025801756351611052,0.18096444218082697,0.44112215606563954,0.002580208247852443,704.6666666666666,1.2445985115746228
Accelerometer,Branched,A2,Gasket Leak,ND,,9,BR_GL_ND_A2,6.251371517911927e-05,0.002363581292387325,0.05183587825535536,0.449351461031513,0.002364407851938585,704.6666666666666,1.1250578118733388
Accelerometer,Branched,A2,Gasket Leak,ND,,10,BR_GL_ND_A2,0.0001034592906684087,0.002359872013710241,0.07415121175000414,0.32333846790649634,0.002362138807504428,705.0,1.262512339796847
Accelerometer,Branched,A1,Gasket Leak,Transient,,0,BR_GL_Transient_A1,0.0002640574366980657,0.01377944362093583,0.02613853654213084,0.01241634822634019,0.013781973473796295,222.0,3.43822974299474
Accelerometer,Branched,A1,Gasket Leak,Transient,,1,BR_GL_Transient_A1,2.1650393488789276e-05,0.013772317308900007,0.036241152659112146,0.059974362906199286,0.013772334326342972,212.0,2.8663641853286097
Accelerometer,Branched,A1,Gasket Leak,Transient,,2,BR_GL_Transient_A1,-8.944703081968208e-06,0.013620761566645307,0.016380848698896628,0.06040318998580574,0.013620764503621489,220.33333333333331,2.8056276172016528
Accelerometer,Branched,A1,Gasket Leak,Transient,,3,BR_GL_Transient_A1,-8.047577034179693e-08,0.013680494267585431,-0.016644704705305553,0.0643451096099934,0.013680494267822132,1808.6666666666665,2.1209193940750537
Accelerometer,Branched,A1,Gasket Leak,Transient,,4,BR_GL_Transient_A1,3.5561882202758515e-06,0.013903606792427132,0.00657033665496785,-0.014266246196836807,0.013903607247218274,1838.3333333333333,2.1706352377596576
Accelerometer,Branched,A1,Gasket Leak,Transient,,5,BR_GL_Transient_A1,-6.664860129471005e-06,0.013640200189616243,0.02688963864103878,-0.06693856609066007,0.013640201817904585,227.66666666666666,2.8051710715010723
Accelerometer,Branched,A1,Gasket Leak,Transient,,6,BR_GL_Transient_A1,-4.457500373066328e-05,0.015356201551935301,-0.4211787900710492,14.34855279178096,0.015356266246539808,215.33333333333331,3.463949872558647
Accelerometer,Branched,A1,Gasket Leak,Transient,,7,BR_GL_Transient_A1,1.684103629721219e-06,0.012150603006101659,-0.8725614719509517,39.15285718551181,0.012150603122812124,215.33333333333331,4.793941249303122
Accelerometer,Branched,A1,Gasket Leak,Transient,,8,BR_GL_Transient_A1,4.582792822473363e-05,0.0010073553529324764,0.17695310252240823,1.5662459020448027,0.0010083972461719067,32.33333333333333,1.2331083936691234
Accelerometer,Branched,A1,Gasket Leak,Transient,,9,BR_GL_Transient_A1,9.052821449919487e-06,0.0009327570168542339,-0.042303392111693774,-0.04331440111923035,0.0009328009466477904,32.33333333333333,0.9466593218087789
Accelerometer,Branched,A1,Gasket Leak,Transient,,10,BR_GL_Transient_A1,5.426232029521702e-06,0.00091105003150389,-0.007063174714496632,0.03253977049862744,0.0009110661907332953,32.33333333333333,0.9400424827759336
Accelerometer,Branched,A2,Gasket Leak,Transient,,0,BR_GL_Transient_A2,0.00020132354863896105,0.0024596376744088068,0.06106156043624767,0.0797587234243764,0.002467863177043603,701.3333333333333,1.6837901610571833
Accelerometer,Branched,A2,Gasket Leak,Transient,,1,BR_GL_Transient_A2,1.407592509030324e-05,0.0028028949654978976,0.17573009520720237,0.2023011476972565,0.0028029303093870545,701.3333333333333,1.170871811450442
Accelerometer,Branched,A2,Gasket Leak,Transient,,2,BR_GL_Transient_A2,-5.833473081322556e-05,0.0028239525463651825,0.238848340740599,0.29154366598782033,0.0028245549959137724,701.3333333333333,1.4445841971978373
Accelerometer,Branched,A2,Gasket Leak,Transient,,3,BR_GL_Transient_A2,5.3284460870100756e-05,0.0026182193972404014,0.208169627573747,0.22354906852172585,0.002618761548109355,701.3333333333333,1.317456101042202
Accelerometer,Branched,A2,Gasket Leak,Transient,,4,BR_GL_Transient_A2,-2.1757077736203818e-05,0.0024074543553658906,0.1514117897328445,0.144189956965036,0.0024075526668386332,701.3333333333333,1.2312893298228214
Accelerometer,Branched,A2,Gasket Leak,Transient,,5,BR_GL_Transient_A2,3.46718155784077e-05,0.0026391092966517723,-0.1269263377583579,0.14062992709199795,0.0026393370407110407,701.3333333333333,1.0612383951715267
Accelerometer,Branched,A2,Gasket Leak,Transient,,6,BR_GL_Transient_A2,1.8794774264502823e-05,0.0027411267654258195,-0.044043687379915514,0.08467749241831246,0.002741191198671386,705.0,0.9328340846428241
Accelerometer,Branched,A2,Gasket Leak,Transient,,7,BR_GL_Transient_A2,-0.00010328536074666782,0.0024161114676022237,0.2045959502344026,0.16743895658793395,0.0024183181117511275,705.0,1.5784544516052836
Accelerometer,Branched,A2,Gasket Leak,Transient,,8,BR_GL_Transient_A2,-4.831023602165756e-07,0.002200329789994935,0.03577864116696367,-0.011955668923377516,0.0022003298430296864,705.0,1.0896802695465018
Accelerometer,Branched,A2,Gasket Leak,Transient,,9,BR_GL_Transient_A2,0.0001389652025580948,0.0022936456077500616,0.1316742040654618,0.02229936905541141,0.0022978514968276698,705.0,1.4734373173230948
Accelerometer,Branched,A1,Longitudinal Crack,0.18 LPS,,0,BR_LC_0.18 LPS_A1,-0.00037374462003925634,0.006164479516527383,-0.05219898101816546,0.044822732292273404,0.006175798956466602,0.3333333333333333,2.8339006962345348
Accelerometer,Branched,A1,Longitudinal Crack,0.18 LPS,,1,BR_LC_0.18 LPS_A1,-3.1319426995860256e-05,0.006127735807151061,-0.01940724854575744,0.039863977390940164,0.006127815844878876,1842.0,2.2730364002651857
Accelerometer,Branched,A1,Longitudinal Crack,0.18 LPS,,2,BR_LC_0.18 LPS_A1,7.015505357424478e-06,0.006234232336220344,-0.01393550230072882,-0.00030890263051297495,0.006234236283562791,1839.3333333333333,2.225966421488613
Accelerometer,Branched,A1,Longitudinal Crack,0.18 LPS,,3,BR_LC_0.18 LPS_A1,1.6875279440329082e-06,0.00605585535441346,-0.01432189104429691,0.04084732540795066,0.006055855589537183,1852.6666666666665,2.2791137831167734
Accelerometer,Branched,A1,Longitudinal Crack,0.18 LPS,,4,BR_LC_0.18 LPS_A1,-4.780504677419856e-07,0.0060120205338924084,-0.04681144803214098,0.21610576049328367,0.006012020552898684,1824.3333333333333,2.2394084341615628
Accelerometer,Branched,A1,Longitudinal Crack,0.18 LPS,,5,BR_LC_0.18 LPS_A1,8.766097683975553e-07,0.005993068132714138,-0.050027867453774126,0.19464295609131455,0.005993068196825263,394.0,0.49823934431847516
Accelerometer,Branched,A1,Longitudinal Crack,0.18 LPS,,6,BR_LC_0.18 LPS_A1,1.4180481130386403e-06,0.006023758934379118,-0.026812466152598136,0.004295769814751438,0.006023759101289883,1825.6666666666665,2.2342563369921007
Accelerometer,Branched,A1,Longitudinal Crack,0.18 LPS,,7,BR_LC_0.18 LPS_A1,4.828898271508852e-06,0.0062606421209443625,-0.007805384965739519,-0.03632546926029434,0.006260643983233773,1860.0,2.2599265095797176
Accelerometer,Branched,A1,Longitudinal Crack,0.18 LPS,,8,BR_LC_0.18 LPS_A1,-5.812557866650273e-05,0.006183021457056044,0.0028019407063778405,0.062021521696084214,0.0061832946655735865,404.3333333333333,0.64260050455546
Accelerometer,Branched,A1,Longitudinal Crack,0.18 LPS,,9,BR_LC_0.18 LPS_A1,0.00011445085205533574,0.006162164304538583,-0.003075991425243574,0.1231004083141718,0.0061632270697797335,1827.6666666666665,2.3145263736384174
Accelerometer,Branched,A1,Longitudinal Crack,0.18 LPS,,10,BR_LC_0.18 LPS_A1,0.0003138682200264066,0.007010855840656531,-0.043164818323514376,0.10342427537174137,0.007017878089423494,0.6666666666666666,2.638167304735559
Accelerometer,Branched,A2,Longitudinal Crack,0.18 LPS,,0,BR_LC_0.18 LPS_A2,9.519244607897127e-05,0.001261035502349688,-0.015031399026578726,0.018021505613131872,0.001264623319402591,705.0,1.4513904073346429
Accelerometer,Branched,A2,Longitudinal Crack,0.18 LPS,,1,BR_LC_0.18 LPS_A2,1.6522507361293425e-05,0.0012601124497532213,-0.021759474436860403,-0.007519823045937457,0.0012602207660852795,705.0,1.325478142181695
Accelerometer,Branched,A2,Longitudinal Crack,0.18 LPS,,2,BR_LC_0.18 LPS_A2,-9.365942741952031e-06,0.0012072847962346532,-0.027814393719470455,-0.014737110244903207,0.0012073211255100248,705.0,1.3464800844859972
Accelerometer,Branched,A2,Longitudinal Crack,0.18 LPS,,3,BR_LC_0.18 LPS_A2,-7.4009868097974475e-06,0.00113387115272679,0.046861355443178564,-0.12295991898745662,0.0011338953062746747,705.0,1.3902228876973401
Accelerometer,Branched,A2,Longitudinal Crack,0.18 LPS,,4,BR_LC_0.18 LPS_A2,-1.0147094169521317e-05,0.001126374757079092,0.05587682089441365,-0.016931182435858005,0.0011264204618636278,705.0,1.404456152741308
Accelerometer,Branched,A2,Longitudinal Crack,0.18 LPS,,5,BR_LC_0.18 LPS_A2,-5.8658057328409875e-06,0.0011588982778659971,0.04862698013534359,-0.022813496458814697,0.0011589131227653217,705.0,1.3861469201921877
Accelerometer,Branched,A2,Longitudinal Crack,0.18 LPS,,6,BR_LC_0.18 LPS_A2,1.3783321320393063e-05,0.0012120715763294441,0.06841462998192793,0.03952001204304789,0.0012121499437331856,705.0,1.3840495782970952
Accelerometer,Branched,A2,Longitudinal Crack,0.18 LPS,,7,BR_LC_0.18 LPS_A2,4.113442295325948e-06,0.0012181135027097708,0.08383496464391851,0.07725785879017222,0.001218120448022848,705.0,1.401865324825395
Accelerometer,Branched,A2,Longitudinal Crack,0.18 LPS,,8,BR_LC_0.18 LPS_A2,-1.2833469779459595e-05,0.0012067320557945704,0.0041024345256122025,0.02082347738092105,0.0012068002951726399,705.0,1.3545475098222532
Accelerometer,Branched,A2,Longitudinal Crack,0.18 LPS,,9,BR_LC_0.18 LPS_A2,1.221984853584124e-05,0.0011825923248737213,-0.03510349838706334,0.010458570165601255,0.001182655457666548,705.0,1.347720927765305
Accelerometer,Branched,A1,Longitudinal Crack,0.47 LPS,,0,BR_LC_0.47 LPS_A1,0.0009343954715946479,0.01405156070235794,0.01758711292888086,-0.03166903251393949,0.014082593975166171,0.3333333333333333,7.394814729457577
Accelerometer,Branched,A1,Longitudinal Crack,0.47 LPS,,1,BR_LC_0.47 LPS_A1,8.373586012509224e-05,0.01365235256146563,0.0016561163972288095,-0.01214741950831666,0.013652609353410358,1841.0,2.2004825169016398
Accelerometer,Branched,A1,Longitudinal Crack,0.47 LPS,,2,BR_LC_0.47 LPS_A1,-1.924168754643169e-05,0.013407185491263596,0.027464738836722943,-0.01813941447018763,0.013407199298872555,1841.0,2.1206357269011344
Accelerometer,Branched,A1,Longitudinal Crack,0.47 LPS,,3,BR_LC_0.47 LPS_A1,-6.761008724340945e-06,0.013359778091737579,-0.004112423222696119,-0.03369024976389934,0.013359779802515846,217.66666666666666,2.743476562164544
Accelerometer,Branched,A1,Longitudinal Crack,0.47 LPS,,4,BR_LC_0.47 LPS_A1,-1.5770373865090302e-06,0.013519998718430605,-0.01103157415606977,0.08430740352979926,0.0135199988104072,218.0,2.7861186946742627
Accelerometer,Branched,A1,Longitudinal Crack,0.47 LPS,,5,BR_LC_0.47 LPS_A1,5.393149487964045e-06,0.013687009015050653,0.0029410589249966933,0.05017979021318153,0.013687010077593252,1822.3333333333333,2.128907677246466
Accelerometer,Branched,A1,Longitudinal Crack,0.47 LPS,,6,BR_LC_0.47 LPS_A1,2.0324540774324516e-06,0.013591626540453167,-0.01564198338904447,-0.0408906678913481,0.013591626692416935,215.0,2.8173197390799594
Accelerometer,Branched,A1,Longitudinal Crack,0.47 LPS,,7,BR_LC_0.47 LPS_A1,2.105986160765515e-06,0.013613369753552464,-0.036764075642067434,0.013665303485512759,0.013613369916450327,1866.3333333333333,2.1614082615483454
Accelerometer,Branched,A1,Longitudinal Crack,0.47 LPS,,8,BR_LC_0.47 LPS_A1,6.955631838544515e-06,0.013641265424466998,-0.04577678641217085,0.03927924727793641,0.013641267197792625,1840.0,2.146748513317596
Accelerometer,Branched,A1,Longitudinal Crack,0.47 LPS,,9,BR_LC_0.47 LPS_A1,-9.866700927938246e-06,0.013249997081678167,-0.023733071983784562,0.00231610490751466,0.013250000755330815,1863.6666666666665,2.117122782282826
Accelerometer,Branched,A1,Longitudinal Crack,0.47 LPS,,10,BR_LC_0.47 LPS_A1,-3.234193036332569e-05,0.013208971150438755,0.011997120322782362,-0.04026651597233766,0.013209010744699353,1838.6666666666665,2.105530366008781
Accelerometer,Branched,A2,Longitudinal Crack,0.47 LPS,,0,BR_LC_0.47 LPS_A2,-0.00021740558448860392,0.001994865278737736,-0.12345440387703217,0.31778811115260375,0.0020066770214661397,1.0,1.7518858470398806
Accelerometer,Branched,A2,Longitudinal Crack,0.47 LPS,,1,BR_LC_0.47 LPS_A2,8.782412654791117e-05,0.0016896942166416801,0.07388622235939818,0.5747946905652062,0.001691975065701692,702.6666666666666,1.3750663439818447
Accelerometer,Branched,A2,Longitudinal Crack,0.47 LPS,,2,BR_LC_0.47 LPS_A2,2.26086964896266e-05,0.0014265338394261542,0.02481095875590648,-0.0808767374792212,0.001426712987319063,702.6666666666666,1.2880154541084952
Accelerometer,Branched,A2,Longitudinal Crack,0.47 LPS,,3,BR_LC_0.47 LPS_A2,-7.138750980102081e-05,0.0016383685190265542,-0.28676153583508446,0.7871262568581265,0.00163992304108847,702.6666666666666,1.6762265922262025
Accelerometer,Branched,A2,Longitudinal Crack,0.47 LPS,,4,BR_LC_0.47 LPS_A2,-1.160350241016345e-05,0.002102779243362888,-0.22946585966647054,0.6046893703611422,0.002102811258193655,702.6666666666666,1.3709662156607634
Accelerometer,Branched,A2,Longitudinal Crack,0.47 LPS,,5,BR_LC_0.47 LPS_A2,4.8454525193617464e-05,0.0023758192172093494,-0.32502500169076115,0.2932648573235661,0.002376313277720971,702.6666666666666,1.6135648519108123
Accelerometer,Branched,A2,Longitudinal Crack,0.47 LPS,,6,BR_LC_0.47 LPS_A2,5.3726793309417886e-05,0.002514433462983074,-0.23902467683570963,0.6428898932794542,0.0025150073972233893,2.333333333333333,1.2520031425895095
Accelerometer,Branched,A2,Longitudinal Crack,0.47 LPS,,7,BR_LC_0.47 LPS_A2,-3.260874142831067e-05,0.0025425078832728085,-0.196584711530656,0.619953373372248,0.0025427169851404844,1.0,1.0634295149719422
Accelerometer,Branched,A2,Longitudinal Crack,0.47 LPS,,8,BR_LC_0.47 LPS_A2,-0.00016230989809156837,0.0024198068904828555,-0.37379166760120547,0.29394966944967393,0.002425244294962221,1.3333333333333333,1.925837980472293
Accelerometer,Branched,A2,Longitudinal Crack,0.47 LPS,,9,BR_LC_0.47 LPS_A2,2.06197505991853e-05,0.0024763687316571013,-0.06282233844781725,0.40422204588055033,0.00247645457645477,1.3333333333333333,0.7971169509284692
Accelerometer,Branched,A2,Longitudinal Crack,0.47 LPS,,10,BR_LC_0.47 LPS_A2,0.00013032464790008747,0.002251200557287984,0.17579100569956738,0.6972056665013922,0.0022549697255138507,1.3333333333333333,1.3511525151652974
Accelerometer,Branched,A1,Longitudinal Crack,ND,,0,BR_LC_ND_A1,-5.428311317589056e-05,0.0008484446878516264,-0.08495719579098987,-0.10452416784785967,0.0008501794191344027,353.0,1.1508977815236292
Accelerometer,Branched,A1,Longitudinal Crack,ND,,1,BR_LC_ND_A1,-5.310400467996076e-06,0.0008302478607910865,-0.1398234382979717,-0.11229713122904261,0.0008302648437103102,353.0,1.1553680421744572
Accelerometer,Branched,A1,Longitudinal Crack,ND,,2,BR_LC_ND_A1,-8.322977505560852e-07,0.0008316769378100324,-0.10762843921896922,-0.13980596228522435,0.0008316773542694414,353.0,1.1072860828917486
Accelerometer,Branched,A1,Longitudinal Crack,ND,,3,BR_LC_ND_A1,2.5501374382743e-07,0.0008352739884364736,-0.05833287236250029,-0.13519457306939797,0.0008352740273650221,353.0,1.0594531813649668
Accelerometer,Branched,A1,Longitudinal Crack,ND,,4,BR_LC_ND_A1,2.0964225537121078e-07,0.0008320137417809342,-0.06824343626226692,-0.18055607768284165,0.0008320137681926823,353.0,1.066835218568118
Accelerometer,Branched,A1,Longitudinal Crack,ND,,5,BR_LC_ND_A1,9.594873095887333e-07,0.0008252290669073654,-0.09037849938672685,-0.1802982197599472,0.0008252296247013302,353.0,1.0885662032239936
Accelerometer,Branched,A1,Longitudinal Crack,ND,,6,BR_LC_ND_A1,-2.5836842759427644e-06,0.0008119668014638778,-0.10423756921630752,-0.05843313365115366,0.0008119709121045643,353.0,1.1087166716134886
Accelerometer,Branched,A1,Longitudinal Crack,ND,,7,BR_LC_ND_A1,-1.9259055551008613e-06,0.0008164675983595276,-0.10321293323148305,-0.1477057133485471,0.000816469869795072,353.0,1.105894651031636
Accelerometer,Branched,A1,Longitudinal Crack,ND,,8,BR_LC_ND_A1,8.99361568685095e-06,0.0008184522433942828,-0.10502425882871977,-0.18616238507394156,0.0008185016553680616,353.0,1.1078111612710373
Accelerometer,Branched,A1,Longitudinal Crack,ND,,9,BR_LC_ND_A1,-1.5698374297057813e-05,0.0008216310703327786,-0.09443941972533186,-0.09109755741553549,0.0008217810259988715,353.0,1.102133455277618
Accelerometer,Branched,A1,Longitudinal Crack,ND,,10,BR_LC_ND_A1,-6.0949337972440834e-05,0.0008802245066871645,-0.11881387364508472,-0.1429027424179714,0.0008823321392604608,353.0,1.1946804260943134
Accelerometer,Branched,A2,Longitudinal Crack,ND,,0,BR_LC_ND_A2,1.4452511494538097e-05,0.001562441108026027,-0.08274684778648307,0.1496505326879749,0.0015625079491439714,706.0,1.2701266053452787
Accelerometer,Branched,A2,Longitudinal Crack,ND,,1,BR_LC_ND_A2,1.351061734099415e-05,0.001498432636530649,-0.032153922124570036,-0.01169853165930812,0.0014984935445310156,706.0,1.2615763763042303
Accelerometer,Branched,A2,Longitudinal Crack,ND,,2,BR_LC_ND_A2,-1.7078706262564797e-05,0.0014979559727423103,0.028690549434956154,-0.15384735807188266,0.0014980533296521737,706.0,1.287749799661447
Accelerometer,Branched,A2,Longitudinal Crack,ND,,3,BR_LC_ND_A2,-1.6158730117410165e-05,0.0015179980523915841,0.022725409262643156,-0.16470268175446412,0.001518084052884968,706.0,1.2776401446096208
Accelerometer,Branched,A2,Longitudinal Crack,ND,,4,BR_LC_ND_A2,1.373149355674727e-05,0.0015050153076727575,-0.02210515477341938,-0.11503942094473674,0.0015050779482288033,706.0,1.256910078388739
Accelerometer,Branched,A2,Longitudinal Crack,ND,,5,BR_LC_ND_A2,1.204444184094933e-05,0.0016489931940735026,-0.26119381061155117,0.5872572683146791,0.0016490371805026082,706.0,1.5434263800678076
Accelerometer,Branched,A2,Longitudinal Crack,ND,,6,BR_LC_ND_A2,1.0214847626260316e-05,0.0019448342089144525,-0.4782779561324649,1.1394836466003628,0.0019448610344381758,706.0,2.116061695217329
Accelerometer,Branched,A2,Longitudinal Crack,ND,,7,BR_LC_ND_A2,6.49576127290637e-05,0.0019148963143354961,-0.33814246432937134,0.9871888836955498,0.0019159977521143194,706.0,1.7555130378581834
Accelerometer,Branched,A2,Longitudinal Crack,ND,,8,BR_LC_ND_A2,-2.9929593347068592e-06,0.001686350352072232,-0.010747195882021757,0.052222789330355734,0.0016863530080441994,706.0,1.2140379703100255
Accelerometer,Branched,A2,Longitudinal Crack,ND,,9,BR_LC_ND_A2,-3.472878387594485e-05,0.0015621705185848574,-0.07175647438259597,0.09472512314803172,0.0015625565005993175,706.0,1.295869054380957
Accelerometer,Branched,A2,Longitudinal Crack,ND,,10,BR_LC_ND_A2,-6.818788174629932e-05,0.0015377994963764034,-0.07013095177459003,0.030200503620968266,0.0015393105204189854,706.0,1.3734249779711922
Accelerometer,Branched,A1,Longitudinal Crack,Transient,,0,BR_LC_Transient_A1,-0.0013149406469363143,0.01379955736132444,-0.06521214934980454,0.05758440501335205,0.0138620652239646,0.3333333333333333,9.640747816605133
Accelerometer,Branched,A1,Longitudinal Crack,Transient,,1,BR_LC_Transient_A1,-0.00010792787114845487,0.013238906128867318,-0.006501692163403462,0.032837442873321354,0.013239346053122535,1871.6666666666665,2.272598739068726
Accelerometer,Branched,A1,Longitudinal Crack,Transient,,2,BR_LC_Transient_A1,2.8021040349294206e-05,0.013364277477439797,-0.013930832220147498,0.01425724923306948,0.013364306853432649,1850.3333333333333,2.1161810989890615
Accelerometer,Branched,A1,Longitudinal Crack,Transient,,3,BR_LC_Transient_A1,4.301993150058587e-06,0.013503421417799326,0.0062010212416458545,-0.02528738802954189,0.01350342210307545,1835.0,2.115993986473914
Accelerometer,Branched,A1,Longitudinal Crack,Transient,,4,BR_LC_Transient_A1,-5.546785980403964e-06,0.013297080328576056,0.008206806033487732,-0.031857560617843284,0.013297081485477895,1835.3333333333333,2.0939041924962725
Accelerometer,Branched,A1,Longitudinal Crack,Transient,,5,BR_LC_Transient_A1,-5.771009576599725e-06,0.013180545880538158,0.011335780941586975,-0.02621695089220033,0.013180547143936133,1845.0,2.0888771598124682
Accelerometer,Branched,A1,Longitudinal Crack,Transient,,6,BR_LC_Transient_A1,-3.4734940239853398e-06,0.013128654020115586,-0.056519675422525305,0.35491116247074883,0.013128654479612825,1830.0,2.0781310732676586
Accelerometer,Branched,A1,Longitudinal Crack,Transient,,7,BR_LC_Transient_A1,5.2736104162119415e-06,0.009234675507873923,-0.20331755736377033,4.272665956477056,0.00923467701366395,40.666666666666664,1.913504863866835
Accelerometer,Branched,A1,Longitudinal Crack,Transient,,8,BR_LC_Transient_A1,6.335755680245722e-06,0.0014382790874488073,-0.26434821870788516,9.53321891196165,0.0014382930421832033,41.0,1.4953098424200715
Accelerometer,Branched,A1,Longitudinal Crack,Transient,,9,BR_LC_Transient_A1,-1.0948594326271327e-06,0.0007453524262901082,-0.0346614189521803,0.004434833880996081,0.00074535323041745,706.0,1.47193139648737
Accelerometer,Branched,A1,Longitudinal Crack,Transient,,10,BR_LC_Transient_A1,1.9079607791151134e-06,0.0007546651796674694,-0.008356006775271232,-0.006465910019824772,0.0007546675915374056,706.0,1.4688863696685202
Accelerometer,Branched,A1,Longitudinal Crack,Transient,,11,BR_LC_Transient_A1,-2.176853123206361e-05,0.0007731044780685283,0.040036720831029306,-0.0016384376718607818,0.0007734108888305186,706.0,1.5021924579912371
Accelerometer,Branched,A2,Longitudinal Crack,Transient,,0,BR_LC_Transient_A2,-0.00021150385364587224,0.0018030467582872834,-0.03173233718730868,-0.0808962439837333,0.0018154094559292503,702.3333333333333,1.9403727832357938
Accelerometer,Branched,A2,Longitudinal Crack,Transient,,1,BR_LC_Transient_A2,3.187512861277051e-06,0.0017711715509879055,-0.007322823536746616,-0.07096953202157641,0.0017711744192109211,702.3333333333333,1.180991278028505
Accelerometer,Branched,A2,Longitudinal Crack,Transient,,2,BR_LC_Transient_A2,6.40271591103454e-05,0.0017522848938351639,0.012073209833666894,-0.09157471202409884,0.0017534542555386647,702.3333333333333,1.2462152917580591
Accelerometer,Branched,A2,Longitudinal Crack,Transient,,3,BR_LC_Transient_A2,-3.303447551631658e-05,0.001682394215041995,0.003768884923296691,-0.1816503983207829,0.001682718506280658,702.3333333333333,1.2429993163592707
Accelerometer,Branched,A2,Longitudinal Crack,Transient,,4,BR_LC_Transient_A2,-2.884645064820921e-05,0.0017194556466319046,-0.06879433857380722,0.018707115488316717,0.0017196976008732876,702.3333333333333,1.237539471329762
Accelerometer,Branched,A2,Longitudinal Crack,Transient,,5,BR_LC_Transient_A2,-0.00019215022486458584,0.0023396352238327987,-0.7011408022451641,0.9128132341685395,0.0023475124471479722,702.3333333333333,3.0902707103144285
Accelerometer,Branched,A2,Longitudinal Crack,Transient,,6,BR_LC_Transient_A2,3.0839383365786735e-05,0.002414767791684971,-0.7292631692283349,0.801202612788066,0.002414964710989685,0.6666666666666666,2.9389868554619865
Accelerometer,Branched,A2,Longitudinal Crack,Transient,,7,BR_LC_Transient_A2,0.00022102324055596733,0.001760194698811802,-0.03457171512675458,-0.24257829636391604,0.001774017094221764,706.0,1.9013769074482143
Accelerometer,Branched,A2,Longitudinal Crack,Transient,,8,BR_LC_Transient_A2,2.9661170906344354e-05,0.0015636828031760357,-0.021043459235591266,-0.11488886653397579,0.00156396409613776,706.0,1.2480832639094641
Accelerometer,Branched,A2,Longitudinal Crack,Transient,,9,BR_LC_Transient_A2,-3.080873004869007e-05,0.0016418787136291727,-0.17605675133348628,0.2759722072258133,0.001642167740553869,706.0,1.38794586487108
Accelerometer,Branched,A2,Longitudinal Crack,Transient,,10,BR_LC_Transient_A2,-6.770304938984342e-05,0.0017537021442534614,-0.24814911254619704,0.18109184132826606,0.0017550085223883877,706.0,1.5627739055344188
Accelerometer,Branched,A1,No Leak,0.18 LPS,,0,BR_NL_0.18 LPS_A1,-0.0001905410501252492,0.005200958217002558,-0.037279209324064685,-0.03485930656946312,0.0052044473545986856,1831.3333333333333,2.792754327653026
Accelerometer,Branched,A1,No Leak,0.18 LPS,,1,BR_NL_0.18 LPS_A1,-1.6634060007628807e-05,0.005142866941057788,-0.01016389039256466,0.014850707928559359,0.005142893841542661,1857.6666666666665,2.4473629071833214
Accelerometer,Branched,A1,No Leak,0.18 LPS,,2,BR_NL_0.18 LPS_A1,5.892673463969116e-06,0.005130636278433729,-0.022826066906266002,0.0019051577706408196,0.005130639662379425,1827.3333333333333,2.3811348588081
Accelerometer,Branched,A1,No Leak,0.18 LPS,,3,BR_NL_0.18 LPS_A1,1.4061461542748545e-06,0.00515619305029335,-0.009431215506899517,0.041674433340674,0.005156193242028507,1841.6666666666665,2.4062214307933267
Accelerometer,Branched,A1,No Leak,0.18 LPS,,4,BR_NL_0.18 LPS_A1,-1.3131788664827795e-06,0.005148051996228583,0.007380289210759868,0.1088075460804796,0.005148052163713168,1811.3333333333333,2.358192116563881
Accelerometer,Branched,A1,No Leak,0.18 LPS,,5,BR_NL_0.18 LPS_A1,1.057655785993082e-06,0.005162642369387656,-0.01283691733495526,0.06176715363161822,0.005162642477727114,1815.6666666666665,2.3580018877110454
Accelerometer,Branched,A1,No Leak,0.18 LPS,,6,BR_NL_0.18 LPS_A1,3.440673868106353e-06,0.005111012135375034,-0.03117545668435826,0.03462400134227117,0.005111013293485699,1845.6666666666665,2.4191088602897683
Accelerometer,Branched,A1,No Leak,0.18 LPS,,7,BR_NL_0.18 LPS_A1,5.248905913337937e-06,0.005055984576789717,-0.04101689794742751,0.03152175078666852,0.005055987301383261,1867.0,2.467125444549081
Accelerometer,Branched,A1,No Leak,0.18 LPS,,8,BR_NL_0.18 LPS_A1,-5.715696402159334e-05,0.005252306843780634,-0.0262814654864339,0.09969844643267622,0.005252617833020126,1858.6666666666665,2.476939071859581
Accelerometer,Branched,A1,No Leak,0.18 LPS,,9,BR_NL_0.18 LPS_A1,7.434931469195011e-05,0.005368624587232823,-0.02573652570753677,0.12612016201275766,0.005369139389067484,1839.3333333333333,2.3931741357197653
Accelerometer,Branched,A1,No Leak,0.18 LPS,,10,BR_NL_0.18 LPS_A1,8.094947654819969e-05,0.006351518752128965,-0.17258417057761116,0.5190999605994113,0.0063520345777081,0.6666666666666666,1.5296783713440583
Accelerometer,Branched,A2,No Leak,0.18 LPS,,0,BR_NL_0.18 LPS_A2,-0.0001589993382562769,0.002996219663754615,0.2574362740892076,0.14327619406281444,0.0030004354788989804,1.6666666666666665,1.7176073152486238
Accelerometer,Branched,A2,No Leak,0.18 LPS,,1,BR_NL_0.18 LPS_A2,-7.779621638564985e-05,0.0030767330691555067,0.11244074236679857,0.13271190959014456,0.0030777164635682392,1.0,1.0304661467781842
Accelerometer,Branched,A2,No Leak,0.18 LPS,,2,BR_NL_0.18 LPS_A2,2.1130471992415762e-05,0.0028887240599514076,0.08451733112865094,0.5026144877682861,0.0028888013416274866,1.0,0.8147378979332697
Accelerometer,Branched,A2,No Leak,0.18 LPS,,3,BR_NL_0.18 LPS_A2,8.852124539724345e-05,0.002677908192815521,0.2259480267393556,0.5491218761308803,0.0026793708776567623,3.333333333333333,1.284532493473363
Accelerometer,Branched,A2,No Leak,0.18 LPS,,4,BR_NL_0.18 LPS_A2,1.4182577830556426e-05,0.0027675224528587406,0.1339999980299937,0.17450686940043347,0.0027675587929782415,3.333333333333333,0.9075876783457538
Accelerometer,Branched,A2,No Leak,0.18 LPS,,5,BR_NL_0.18 LPS_A2,1.0384038415106033e-05,0.0029756278040014173,0.16886621281344275,0.009487039022302746,0.002975645922518354,3.6666666666666665,0.9860058204763692
Accelerometer,Branched,A2,No Leak,0.18 LPS,,6,BR_NL_0.18 LPS_A2,-1.6495366494083315e-05,0.003123968160517324,0.28705146373642304,-0.07976289998605735,0.003124011710131985,3.333333333333333,1.3486352801310646
Accelerometer,Branched,A2,No Leak,0.18 LPS,,7,BR_NL_0.18 LPS_A2,-3.7942819549835836e-05,0.0030360016000583597,0.4227181711020002,0.4082693273145903,0.0030362386884288774,6.0,1.8455943803834716
Accelerometer,Branched,A2,No Leak,0.18 LPS,,8,BR_NL_0.18 LPS_A2,-0.00013051352982155334,0.0029128963881146085,0.21933652041679685,0.7564322756863615,0.002915818778552195,3.6666666666666665,1.494147235734693
Accelerometer,Branched,A2,No Leak,0.18 LPS,,9,BR_NL_0.18 LPS_A2,-4.109775614138556e-05,0.003149703920489886,0.2615897598000653,0.7605375328134163,0.003149972033575729,1.0,1.311368209747303
Accelerometer,Branched,A2,No Leak,0.18 LPS,,10,BR_NL_0.18 LPS_A2,0.00015836547567748738,0.00338115261692605,0.28452426297009864,0.4395454642748029,0.003384859323935403,3.6666666666666665,1.6848962984459566
Accelerometer,Branched,A1,No Leak,0.47 LPS,,0,BR_NL_0.47 LPS_A1,0.00046491844655723166,0.013063711836383949,0.0030372942178241435,0.033804481595714364,0.013071982103186466,219.0,4.260718516811782
Accelerometer,Branched,A1,No Leak,0.47 LPS,,1,BR_NL_0.47 LPS_A1,3.846821870394606e-05,0.01335241124918066,0.0009272808352758231,-0.0180415102392959,0.01335246666242221,1839.3333333333333,2.1098927769878943
Accelerometer,Branched,A1,No Leak,0.47 LPS,,2,BR_NL_0.47 LPS_A1,-1.1434951168616271e-05,0.013455783112888673,0.02028947477686482,-0.02782062517037387,0.013455787971694865,224.0,2.7571948940512088
Accelerometer,Branched,A1,No Leak,0.47 LPS,,3,BR_NL_0.47 LPS_A1,-1.7798496145021591e-06,0.013290351154276417,0.002396303099928023,-0.013189006574775952,0.013290351273455535,235.33333333333331,2.698831508567422
Accelerometer,Branched,A1,No Leak,0.47 LPS,,4,BR_NL_0.47 LPS_A1,-1.2519834683554667e-06,0.013113711011638841,-0.02035918552523918,0.0077847025353290356,0.013113711071403106,219.33333333333331,2.676099816506099
Accelerometer,Branched,A1,No Leak,0.47 LPS,,5,BR_NL_0.47 LPS_A1,-1.4508665447904454e-07,0.01330052488679366,-0.018473897406001024,-0.038547532876337165,0.013300524887584987,221.66666666666666,2.726928651524
Accelerometer,Branched,A1,No Leak,0.47 LPS,,6,BR_NL_0.47 LPS_A1,1.8754950402509565e-06,0.013608295800658532,-0.02934764255012326,-0.03395996517105715,0.013608295929898874,221.66666666666666,2.817798584377015
Accelerometer,Branched,A1,No Leak,0.47 LPS,,7,BR_NL_0.47 LPS_A1,2.1035529955040074e-06,0.013337899397242177,-0.018697945701740524,0.05905188254817961,0.01333789956312044,225.66666666666666,2.7289010394058675
Accelerometer,Branched,A1,No Leak,0.47 LPS,,8,BR_NL_0.47 LPS_A1,7.512241207304711e-06,0.013137021964056451,0.0059075395832457935,0.05528871120842771,0.013137024111946723,223.0,2.6709498727799694
Accelerometer,Branched,A1,No Leak,0.47 LPS,,9,BR_NL_0.47 LPS_A1,-3.56881285748019e-06,0.013305819224984264,0.007887710970288186,0.02994268057149796,0.013305819703587827,224.0,2.7151275670143513
Accelerometer,Branched,A2,No Leak,0.47 LPS,,0,BR_NL_0.47 LPS_A2,7.046375733184362e-05,0.0029133198431819237,0.11860444932258926,0.07858287925328522,0.002914171863458789,3.333333333333333,0.9836798025613105
Accelerometer,Branched,A2,No Leak,0.47 LPS,,1,BR_NL_0.47 LPS_A2,0.000119261995518309,0.002815351458570516,0.2345456010361527,0.3887025613379631,0.002817876373947257,1.3333333333333333,1.4084300725944068
Accelerometer,Branched,A2,No Leak,0.47 LPS,,2,BR_NL_0.47 LPS_A2,-5.44120174395598e-05,0.00310924813478574,0.05898721981367643,0.054702904444294376,0.003109724205023726,1.6666666666666665,0.8664389539901063
Accelerometer,Branched,A2,No Leak,0.47 LPS,,3,BR_NL_0.47 LPS_A2,7.175153379859515e-05,0.003444353075524487,0.09446977443631144,-0.12484500733409654,0.00344510034563254,1.3333333333333333,0.962693616025644
Accelerometer,Branched,A2,No Leak,0.47 LPS,,4,BR_NL_0.47 LPS_A2,1.6315138556980968e-05,0.003105580700667345,0.1279503732946952,0.17459552154669344,0.003105623556083964,1.6666666666666665,0.8913187255143948
Accelerometer,Branched,A2,No Leak,0.47 LPS,,5,BR_NL_0.47 LPS_A2,-0.0001463470604510536,0.0027554449267148647,-0.1308456099523736,-0.028626554319533426,0.0027593285788867824,1.6666666666666665,1.336334614829414
Accelerometer,Branched,A2,No Leak,0.47 LPS,,6,BR_NL_0.47 LPS_A2,4.838747727980969e-05,0.002919697214466694,-0.11249270088001091,0.5754970649151963,0.0029200981442619486,1.3333333333333333,0.9198156734722612
Accelerometer,Branched,A2,No Leak,0.47 LPS,,7,BR_NL_0.47 LPS_A2,-2.4733838448961544e-05,0.0030151197571844663,-0.11577288657827085,0.4845940296468596,0.0030152212046429586,1.3333333333333333,0.8610075803875142
Accelerometer,Branched,A2,No Leak,0.47 LPS,,8,BR_NL_0.47 LPS_A2,-2.190394413514066e-05,0.0030894201858455415,0.14714115191474508,0.32493437710244333,0.0030894978341922457,1.6666666666666665,0.9506683600661071
Accelerometer,Branched,A2,No Leak,0.47 LPS,,9,BR_NL_0.47 LPS_A2,0.0001148564182835142,0.003047957687818682,0.3287620018005772,0.29975456559981595,0.0030501209916254015,1.3333333333333333,1.642133267926085
Accelerometer,Branched,A2,No Leak,0.47 LPS,,10,BR_NL_0.47 LPS_A2,3.339924073606298e-05,0.002934725838495769,0.2557922732117008,-0.03382533108936059,0.0029349158857480797,3.333333333333333,1.2484404364392028
Accelerometer,Branched,A1,No Leak,ND,,0,BR_NL_ND_A1,-2.144773710320441e-06,0.0006165601435942267,-0.08294947527905265,0.2980155161297655,0.0006165638740010656,117.66666666666666,1.0332228571756505
Accelerometer,Branched,A1,No Leak,ND,,1,BR_NL_ND_A1,9.138577661367492e-07,0.0006402207841067728,-0.060755172760141814,0.28786171296523655,0.0006402214363314522,117.66666666666666,1.0086080395493398
Accelerometer,Branched,A1,No Leak,ND,,2,BR_NL_ND_A1,5.19219682156444e-07,0.0006325840973325104,-0.06155629211120636,0.18952728639513783,0.0006325843104180386,117.66666666666666,1.010681468025519
Accelerometer,Branched,A1,No Leak,ND,,3,BR_NL_ND_A1,3.244130255235268e-06,0.0006258785048104815,-0.10325371032581564,0.10689089476562863,0.0006258869124409911,117.66666666666666,1.0549720140987289
Accelerometer,Branched,A1,No Leak,ND,,4,BR_NL_ND_A1,1.8128051331492503e-06,0.0006322747773263615,-0.0810326179232194,0.1493743064843196,0.0006322773760823259,117.66666666666666,1.0275887601552058
Accelerometer,Branched,A1,No Leak,ND,,5,BR_NL_ND_A1,-2.654808068764642e-06,0.0006101098033183138,-0.031844310066568834,0.10984797065461072,0.0006101155793052605,117.66666666666666,1.0011911877460498
Accelerometer,Branched,A1,No Leak,ND,,6,BR_NL_ND_A1,-3.3783261874188745e-06,0.0006318676371112294,-0.012379890405508995,-0.03522452356172856,0.0006318766682797813,117.66666666666666,0.9930702906379195
Accelerometer,Branched,A1,No Leak,ND,,7,BR_NL_ND_A1,1.6430885307317824e-06,0.0006845190491540006,-0.02013272901089923,-0.046389823116758766,0.0006845210211488153,117.66666666666666,0.9803158192367922
Accelerometer,Branched,A1,No Leak,ND,,8,BR_NL_ND_A1,3.851962643173686e-06,0.0006688656396467572,-0.03136112676442673,0.11624485009211805,0.0006688767311816655,117.66666666666666,0.9867973464035565
Accelerometer,Branched,A1,No Leak,ND,,9,BR_NL_ND_A1,-8.691161435094767e-07,0.0006433972257341284,-0.032287072375827,0.056515339345104554,0.0006433978127451506,117.66666666666666,0.9930377618214513
Accelerometer,Branched,A1,No Leak,ND,,10,BR_NL_ND_A1,-5.827208944632578e-07,0.0006574465746090255,-0.035360301241026466,0.03710591689140763,0.0006574468328532596,117.66666666666666,0.9907108361041693
Accelerometer,Branched,A2,No Leak,ND,,0,BR_NL_ND_A2,-7.137049088263473e-05,0.00284941864683045,0.3979226488986178,1.0503533101981137,0.002850312328828878,2.0,1.8397965372402234
Accelerometer,Branched,A2,No Leak,ND,,1,BR_NL_ND_A2,-1.6247888175776163e-05,0.00293342236994037,0.19501966006709606,0.6291114688430608,0.0029334673671845657,1.0,1.0747960756516866
Accelerometer,Branched,A2,No Leak,ND,,2,BR_NL_ND_A2,-6.27679540923985e-05,0.003130205498717131,0.31223416001497056,1.353817027791104,0.003130834757737928,1.0,1.5307353899124183
Accelerometer,Branched,A2,No Leak,ND,,3,BR_NL_ND_A2,2.569514793398652e-05,0.0027919461525678594,0.32590585432351743,1.8888725545409706,0.0027920643902793183,1.6666666666666665,1.5082488458447227
Accelerometer,Branched,A2,No Leak,ND,,4,BR_NL_ND_A2,5.4236278214141606e-05,0.0024930499896913755,0.31524388091513483,0.34315484471427427,0.002493639874756315,7.0,1.4756008356523949
Accelerometer,Branched,A2,No Leak,ND,,5,BR_NL_ND_A2,0.0001322983090952699,0.0029874243669714934,0.1684503584558667,0.39785324956180235,0.002990352352309757,2.0,1.3225695471904628
Accelerometer,Branched,A2,No Leak,ND,,6,BR_NL_ND_A2,1.3730760220641234e-05,0.0031394233582022714,-0.02320771593651425,0.2318353508900719,0.0031394533848748676,2.0,0.7456339773596645
Accelerometer,Branched,A2,No Leak,ND,,7,BR_NL_ND_A2,-1.1659503283271005e-05,0.003204605699193501,-0.1307814653608249,0.0804326605620358,0.003204626909847741,2.333333333333333,0.8992747304140484
Accelerometer,Branched,A2,No Leak,ND,,8,BR_NL_ND_A2,-2.516693189870363e-05,0.0032106040943413127,-0.047685189638832795,-0.10061423815505721,0.0032107027307214844,3.6666666666666665,0.7824217897157001
Accelerometer,Branched,A2,No Leak,ND,,9,BR_NL_ND_A2,-7.391188694341006e-05,0.003128485199250514,-0.06027982174796105,-0.05260822647395447,0.003129358178438682,1.6666666666666665,0.9239922097798272
Accelerometer,Branched,A1,No Leak,Transient,,0,BR_NL_Transient_A1,-0.000876062183166898,0.013861900031382521,-0.04721264044662678,0.046220981346182466,0.013889555695875156,0.3333333333333333,6.817351396733544
Accelerometer,Branched,A1,No Leak,Transient,,1,BR_NL_Transient_A1,-7.88842122839664e-05,0.013327626747770717,-0.013142423183272207,0.020257932999743655,0.013327860197602659,1809.3333333333333,2.1648637080638435
Accelerometer,Branched,A1,No Leak,Transient,,2,BR_NL_Transient_A1,1.1842253528020107e-05,0.013351601511538618,-0.014395085164513858,-0.01192436852576284,0.013351606763303393,1803.3333333333333,2.073594543722279
Accelerometer,Branched,A1,No Leak,Transient,,3,BR_NL_Transient_A1,3.927043444573914e-06,0.013539430015960844,-0.010807482861846105,0.08268402062880265,0.013539430585470412,1845.3333333333333,2.128554779942599
Accelerometer,Branched,A1,No Leak,Transient,,4,BR_NL_Transient_A1,3.429355724322001e-07,0.013691442465116893,-0.006642189585883417,0.06751938703071447,0.013691442469411723,1844.6666666666665,2.1475491495457164
Accelerometer,Branched,A1,No Leak,Transient,,5,BR_NL_Transient_A1,-7.209439033966355e-06,0.01380983528299349,-0.009619589549537207,0.045584399160831346,0.013809837164840976,1757.6666666666665,2.106139415003706
Accelerometer,Branched,A1,No Leak,Transient,,6,BR_NL_Transient_A1,-2.593254798429019e-05,0.013711681337118057,-0.029600007706967548,0.759403632861607,0.013711705859874496,217.33333333333331,2.8221129096725197
Accelerometer,Branched,A1,No Leak,Transient,,7,BR_NL_Transient_A1,7.386488868322468e-06,0.009662403548999643,-0.08870884861795279,5.74254943591394,0.009662406372324583,217.33333333333331,1.6144999661696082
Accelerometer,Branched,A1,No Leak,Transient,,8,BR_NL_Transient_A1,2.6539243643394632e-05,0.0008984835684484377,0.07217008044519557,12.932394326571174,0.0008988754386593294,40.33333333333333,1.8216196022936675
Accelerometer,Branched,A1,No Leak,Transient,,9,BR_NL_Transient_A1,1.697289478477685e-05,0.00046058221497354663,-0.035471324179160116,-0.06974550679483027,0.0004608948425696619,117.66666666666666,1.0401327315151143
Accelerometer,Branched,A1,No Leak,Transient,,10,BR_NL_Transient_A1,3.1496014052898756e-05,0.0005142407070108035,-0.006050036456233415,-0.1108704081459484,0.0005152043319384956,117.66666666666666,1.0367449346056745
Accelerometer,Branched,A2,No Leak,Transient,,0,BR_NL_Transient_A2,6.545700772218186e-05,0.003121621184936671,0.16163473726853683,0.041833440621869666,0.0031223073907136966,3.333333333333333,1.0519680582738786
Accelerometer,Branched,A2,No Leak,Transient,,1,BR_NL_Transient_A2,0.0002398976626554732,0.003405591409068453,0.16433859809759013,-0.08704315191138523,0.003414030423717459,3.0,1.910049198846641
Accelerometer,Branched,A2,No Leak,Transient,,2,BR_NL_Transient_A2,4.5188828370354795e-05,0.0037495038519359146,-0.01846369493356214,-0.22417669459923895,0.003749776148770983,1.0,0.8505456255714549
Accelerometer,Branched,A2,No Leak,Transient,,3,BR_NL_Transient_A2,-0.00020448967294655086,0.0036375477115048165,-0.07101151125269912,-0.08584461661428966,0.0036432910094879485,1.3333333333333333,1.6242935452638991
Accelerometer,Branched,A2,No Leak,Transient,,4,BR_NL_Transient_A2,6.1670097851804915e-06,0.0034685733263111543,0.0409701311538145,-0.009262066035985672,0.003468578808677542,4.333333333333333,0.761931429593537
Accelerometer,Branched,A2,No Leak,Transient,,5,BR_NL_Transient_A2,0.00010082055597209718,0.0035157015087457976,0.049561940331592926,-0.05067741349424937,0.003517146838433676,702.3333333333333,0.9833795982444365
Accelerometer,Branched,A2,No Leak,Transient,,6,BR_NL_Transient_A2,-4.207689667648488e-05,0.0037878013497492594,-0.12952054976640803,0.08388182397667476,0.003788035048728593,1.3333333333333333,0.959397082390159
Accelerometer,Branched,A2,No Leak,Transient,,7,BR_NL_Transient_A2,-0.00011045281717769128,0.003356039859589735,-0.2702813118069555,0.541588006789147,0.003357856960023398,2.6666666666666665,1.449744647328658
Accelerometer,Branched,A2,No Leak,Transient,,8,BR_NL_Transient_A2,3.754237711307985e-05,0.0026002951641801945,0.0331461543078227,0.2544767544213804,0.002600566163537895,1.0,0.7974167969508175
Accelerometer,Branched,A2,No Leak,Transient,,9,BR_NL_Transient_A2,-1.020641132127246e-05,0.0025258479824930994,-0.01238287852005527,-0.16389904002614175,0.0025258686033712285,1.3333333333333333,0.7605675612536342
Accelerometer,Branched,A2,No Leak,Transient,,10,BR_NL_Transient_A2,-5.469161671704175e-05,0.002656588601999427,0.1332031633190286,0.38466283676929125,0.0026571515149144942,1.0,1.0028437974080469
Accelerometer,Branched,A1,Orifice Leak,0.18 LPS,,0,BR_OL_0.18 LPS_A1,0.0002247782252097422,0.0050242877978642336,-0.051464141193451884,0.12348783941973984,0.005029313385174548,212.66666666666666,1.6988893731814507
Accelerometer,Branched,A1,Orifice Leak,0.18 LPS,,1,BR_OL_0.18 LPS_A1,1.41184169283136e-05,0.005015507155454469,-0.05079165847284131,0.0721519012758689,0.00501552702675517,217.0,0.5983038848017856
Accelerometer,Branched,A1,Orifice Leak,0.18 LPS,,2,BR_OL_0.18 LPS_A1,-7.772348169695466e-06,0.004944160654452723,-0.008916343519073926,0.0716413811507306,0.004944166763614922,215.0,0.5426929969124198
Accelerometer,Branched,A1,Orifice Leak,0.18 LPS,,3,BR_OL_0.18 LPS_A1,-9.925839776999436e-07,0.004875570662682356,-0.023577606522360742,0.1370473373580281,0.004875570763719036,215.33333333333331,0.5335833036133193
Accelerometer,Branched,A1,Orifice Leak,0.18 LPS,,4,BR_OL_0.18 LPS_A1,2.7013710618795747e-06,0.004907248945614784,-0.057551039216875474,0.1268461452606897,0.0049072496891479885,216.0,0.579938982891306
Accelerometer,Branched,A1,Orifice Leak,0.18 LPS,,5,BR_OL_0.18 LPS_A1,2.0377733259111947e-06,0.004902245798425219,-0.03894920378523521,0.08798893565980359,0.004902246221957628,216.33333333333331,0.5543649060385692
Accelerometer,Branched,A1,Orifice Leak,0.18 LPS,,6,BR_OL_0.18 LPS_A1,-4.963666768749197e-06,0.004830217361163851,-0.012926793453843274,0.0758384708014872,0.004830219911564739,214.0,0.5264577916730038
Accelerometer,Branched,A1,Orifice Leak,0.18 LPS,,7,BR_OL_0.18 LPS_A1,-5.935616130465698e-06,0.004875510914080044,0.004148521508342001,0.04409704730816166,0.004875514527191204,217.33333333333331,0.52596768759842
Accelerometer,Branched,A1,Orifice Leak,0.18 LPS,,8,BR_OL_0.18 LPS_A1,4.638015313581288e-05,0.005025002425880306,-0.010610658721985309,0.02179814984872852,0.0050252164628708145,217.0,0.6443647546500413
Accelerometer,Branched,A1,Orifice Leak,0.18 LPS,,9,BR_OL_0.18 LPS_A1,-2.072570617592184e-05,0.00500114586190569,0.0029301673695029673,0.044120655672734266,0.005001188807368995,211.66666666666666,0.5730327151808535
Accelerometer,Branched,A2,Orifice Leak,0.18 LPS,,0,BR_OL_0.18 LPS_A2,-3.1891680738859796e-05,0.0027536202046137457,-0.055259869368958034,1.2127789040567283,0.0027538048788099344,3.333333333333333,0.7710907597573708
Accelerometer,Branched,A2,Orifice Leak,0.18 LPS,,1,BR_OL_0.18 LPS_A2,-6.14536112168476e-05,0.00242806256325856,0.15140107237347342,0.3313140361300242,0.0024288401259509283,3.333333333333333,1.0745587867851263
Accelerometer,Branched,A2,Orifice Leak,0.18 LPS,,2,BR_OL_0.18 LPS_A2,-9.648256712512845e-06,0.0024354989459230373,-0.044260328950341765,0.0946503058408199,0.0024355180566872866,2.6666666666666665,0.7731518071543343
Accelerometer,Branched,A2,Orifice Leak,0.18 LPS,,3,BR_OL_0.18 LPS_A2,-3.856614679115002e-06,0.0023473470622699904,-0.0646317783888348,-0.026536119298604444,0.002347350230413931,2.6666666666666665,0.8002414771796603
Accelerometer,Branched,A2,Orifice Leak,0.18 LPS,,4,BR_OL_0.18 LPS_A2,9.492105660098965e-06,0.0021017397312900537,0.20765019405571836,-0.060154661686844246,0.002101761165820952,705.0,1.4013081158505583
Accelerometer,Branched,A2,Orifice Leak,0.18 LPS,,5,BR_OL_0.18 LPS_A2,7.705653996297233e-05,0.0023280307780924846,0.2308511182627009,0.25097786361730234,0.0023293056935698594,705.0,1.476528880732819
Accelerometer,Branched,A2,Orifice Leak,0.18 LPS,,6,BR_OL_0.18 LPS_A2,-6.504122220080606e-05,0.002702192748843955,0.11804937653193145,-0.1285857691234722,0.0027029753999047467,1.0,1.0044642190463147
Accelerometer,Branched,A2,Orifice Leak,0.18 LPS,,7,BR_OL_0.18 LPS_A2,-8.29338142587451e-05,0.0027679618847426006,0.08666956712351699,-0.18631992884721926,0.0027692040395997032,1.0,1.0179868063221642
Accelerometer,Branched,A2,Orifice Leak,0.18 LPS,,8,BR_OL_0.18 LPS_A2,9.375309532375072e-05,0.002612640784530559,0.17281403305101892,0.13217297419760543,0.002614322381014866,705.0,1.3234939587453325
Accelerometer,Branched,A2,Orifice Leak,0.18 LPS,,9,BR_OL_0.18 LPS_A2,3.974780263063008e-05,0.0025672639660171293,0.225300240810212,0.11131540256123351,0.0025675716463273157,2.333333333333333,1.1771573198098708
Accelerometer,Branched,A2,Orifice Leak,0.18 LPS,,10,BR_OL_0.18 LPS_A2,-7.474335370658564e-06,0.002501104406411612,0.12999373468174408,0.24286390919009415,0.0025011155745908293,705.0,1.155095252861207
Accelerometer,Branched,A1,Orifice Leak,0.47 LPS,,0,BR_OL_0.47 LPS_A1,0.0005981918878306128,0.012818466676288711,-0.0019139961617322008,-0.10650420991142084,0.012832416820918438,1810.3333333333333,4.584841474947161
Accelerometer,Branched,A1,Orifice Leak,0.47 LPS,,1,BR_OL_0.47 LPS_A1,5.326269179179877e-05,0.012774502117170457,0.0017834350249115616,-0.03334653890744743,0.012774613154844629,1812.3333333333333,2.034230627432623
Accelerometer,Branched,A1,Orifice Leak,0.47 LPS,,2,BR_OL_0.47 LPS_A1,-9.334692956279925e-06,0.012560772913317253,0.006226247716767028,-0.014788685354337083,0.012560776381912744,1817.6666666666665,2.000737946550172
Accelerometer,Branched,A1,Orifice Leak,0.47 LPS,,3,BR_OL_0.47 LPS_A1,-4.325940502340706e-06,0.012492234543690316,0.02349212040333617,-0.03700818629097924,0.012492235292706058,1794.0,1.9709555625360626
Accelerometer,Branched,A1,Orifice Leak,0.47 LPS,,4,BR_OL_0.47 LPS_A1,1.1558084206788034e-06,0.0126458661824888,0.032239541313256716,-0.0599348639449242,0.012645866235308159,1791.0,1.9836584495890441
Accelerometer,Branched,A1,Orifice Leak,0.47 LPS,,5,BR_OL_0.47 LPS_A1,2.9834853389799018e-06,0.012596441381701715,-0.0035754394209566013,-0.09583964240127152,0.012596441735023117,1828.6666666666665,2.0114119378197723
Accelerometer,Branched,A1,Orifice Leak,0.47 LPS,,6,BR_OL_0.47 LPS_A1,-2.7071621477645105e-06,0.01246502795130152,-0.030575779544020357,-0.047828522836861787,0.012465028245273055,1828.3333333333333,2.0039868688373126
Accelerometer,Branched,A1,Orifice Leak,0.47 LPS,,7,BR_OL_0.47 LPS_A1,-9.626810086192544e-06,0.012641915901336847,-0.007477861819309177,-0.07712539462848689,0.012641919566740878,1834.3333333333333,2.025701898726266
Accelerometer,Branched,A1,Orifice Leak,0.47 LPS,,8,BR_OL_0.47 LPS_A1,6.320949027170427e-05,0.012548659976212073,0.0010846148938246723,-0.09613447924137963,0.012548819173063544,1806.3333333333333,2.0178113418771315
Accelerometer,Branched,A1,Orifice Leak,0.47 LPS,,9,BR_OL_0.47 LPS_A1,4.716777938599734e-06,0.012510740991785332,-0.0026635764655980783,-0.048458234554723756,0.012510741880941032,1820.3333333333333,1.9943279934553273
Accelerometer,Branched,A2,Orifice Leak,0.47 LPS,,0,BR_OL_0.47 LPS_A2,1.2347363401405392e-05,0.002684263202774463,0.07247527079334852,0.030152196203309334,0.002684291600991216,702.3333333333333,0.9933501905615009
Accelerometer,Branched,A2,Orifice Leak,0.47 LPS,,1,BR_OL_0.47 LPS_A2,6.188940153513021e-05,0.0029718523743189587,0.026680142676007972,0.21757463538745103,0.002972496733853144,702.3333333333333,0.9469206440408394
Accelerometer,Branched,A2,Orifice Leak,0.47 LPS,,2,BR_OL_0.47 LPS_A2,2.120814574874488e-05,0.003383925755537236,0.13147336345224614,0.219081582488184,0.003383992214003211,702.3333333333333,0.9405459778114168
Accelerometer,Branched,A2,Orifice Leak,0.47 LPS,,3,BR_OL_0.47 LPS_A2,1.0833147085166003e-05,0.00312876453355304,0.15833453959794783,0.413254480363606,0.003128783288036283,702.3333333333333,1.0654867604976037
Accelerometer,Branched,A2,Orifice Leak,0.47 LPS,,4,BR_OL_0.47 LPS_A2,-1.2118677776427784e-05,0.0029338354586482224,0.24339887125833268,0.327517833567319,0.0029338604876122977,702.3333333333333,1.3519050800291428
Accelerometer,Branched,A2,Orifice Leak,0.47 LPS,,5,BR_OL_0.47 LPS_A2,-0.00012403436178121138,0.003525681791941564,0.9343816625956336,2.2445734937584314,0.0035278628971277715,1.3333333333333333,3.923721027751707
Accelerometer,Branched,A2,Orifice Leak,0.47 LPS,,6,BR_OL_0.47 LPS_A2,1.9998194809304803e-06,0.0032634974533465766,0.9192375985584764,3.0608286623648437,0.00326349806607535,1.3333333333333333,3.735740204334279
Accelerometer,Branched,A2,Orifice Leak,0.47 LPS,,7,BR_OL_0.47 LPS_A2,8.845373758149949e-05,0.0024788154938468377,0.07509514377424716,0.25907776526268567,0.0024803931777497047,702.3333333333333,1.1818305461697258
Accelerometer,Branched,A2,Orifice Leak,0.47 LPS,,8,BR_OL_0.47 LPS_A2,2.8441440657711025e-05,0.00297295735607719,0.25055915783814403,0.5921721454304412,0.0029730933985665773,702.3333333333333,1.3589451388109217
Accelerometer,Branched,A2,Orifice Leak,0.47 LPS,,9,BR_OL_0.47 LPS_A2,-6.37453057747515e-05,0.0038593273842588453,0.759075434436382,1.7286479435343116,0.00385985379553404,702.3333333333333,3.195737593268502
Accelerometer,Branched,A2,Orifice Leak,0.47 LPS,,10,BR_OL_0.47 LPS_A2,-0.00015337018127376307,0.0037824259309674497,0.8497308128311372,2.1421058815449303,0.0037855340885744144,702.3333333333333,3.7400956308563367
Accelerometer,Branched,A1,Orifice Leak,ND,,0,BR_OL_ND_A1,-7.85452888107468e-06,0.0010136296698693252,0.0482620501645609,-0.1634961106386057,0.001013660101445914,353.3333333333333,1.031959694186868
Accelerometer,Branched,A1,Orifice Leak,ND,,1,BR_OL_ND_A1,3.6833376391701454e-06,0.0010277980399780674,0.10875192762263042,-0.19673943602463773,0.0010278046399773261,353.3333333333333,1.1018202254694964
Accelerometer,Branched,A1,Orifice Leak,ND,,2,BR_OL_ND_A1,1.614019221338091e-07,0.001022933020205053,0.0977191203717041,-0.12485324287858957,0.0010229330329383308,353.3333333333333,1.0879607322666225
Accelerometer,Branched,A1,Orifice Leak,ND,,3,BR_OL_ND_A1,-6.180404779827321e-06,0.001047086341755329,0.016554484765098226,-0.09617927940827542,0.0010471045814501052,353.3333333333333,0.9998104143876021
Accelerometer,Branched,A1,Orifice Leak,ND,,4,BR_OL_ND_A1,-9.566451443084559e-07,0.0010435792050430992,0.023801076603640243,-0.12874727049816004,0.0010435796435195154,353.3333333333333,1.0013339461242619
Accelerometer,Branched,A1,Orifice Leak,ND,,5,BR_OL_ND_A1,2.6449224198892978e-06,0.0010196537244018674,0.054316227138320045,-0.11183392858544616,0.0010196571547835117,117.66666666666666,0.9381604880527687
Accelerometer,Branched,A1,Orifice Leak,ND,,6,BR_OL_ND_A1,1.8541808876738718e-07,0.001008429654713237,0.06576774144726123,-0.09109709457928039,0.0010084296717594767,353.3333333333333,1.0482967529517164
Accelerometer,Branched,A1,Orifice Leak,ND,,7,BR_OL_ND_A1,1.7831877690135713e-06,0.0009950827510869311,0.09180375724314549,-0.1632041932408934,0.0009950843488214227,353.3333333333333,1.084551640668715
Accelerometer,Branched,A1,Orifice Leak,ND,,8,BR_OL_ND_A1,-9.114074233844756e-07,0.001010533151565102,0.09505376357978423,-0.13103447205949426,0.0010105335625676115,353.3333333333333,1.087408030575875
Accelerometer,Branched,A1,Orifice Leak,ND,,9,BR_OL_ND_A1,-2.0942593816946998e-07,0.0010291543017889198,0.08671754900268856,-0.12036581862694629,0.0010291543230973004,117.66666666666666,0.9781939497809417
Accelerometer,Branched,A1,Orifice Leak,ND,,10,BR_OL_ND_A1,7.77243638299412e-06,0.0010224292599186429,0.053206228535513274,-0.12690665995509898,0.001022458802253231,117.66666666666666,0.9361218964140584
Accelerometer,Branched,A2,Orifice Leak,ND,,0,BR_OL_ND_A2,9.190093715652886e-05,0.0018674930996227805,0.09715331781835561,0.4468510911471797,0.001869752994218474,706.6666666666666,1.369666345528149
Accelerometer,Branched,A2,Orifice Leak,ND,,1,BR_OL_ND_A2,4.8475024254028425e-05,0.002038639744351031,0.18067970565296224,0.6603343134757362,0.002039215985427749,706.6666666666666,1.3942318373978395
Accelerometer,Branched,A2,Orifice Leak,ND,,2,BR_OL_ND_A2,-1.3085002488108163e-06,0.002125089355117796,0.24031325066843684,0.40118545014633344,0.0021250897579650303,706.6666666666666,1.5022882437226055
Accelerometer,Branched,A2,Orifice Leak,ND,,3,BR_OL_ND_A2,-1.439381240825307e-05,0.0025222582531813204,-0.24734192810685568,0.5936991209048958,0.002522299323549235,706.6666666666666,1.3354318714912485
Accelerometer,Branched,A2,Orifice Leak,ND,,4,BR_OL_ND_A2,-1.9526145536841356e-05,0.002777505374204277,-0.2948000197138842,0.45067629829864453,0.0027775740087517316,2.6666666666666665,1.3503096636097633
Accelerometer,Branched,A2,Orifice Leak,ND,,5,BR_OL_ND_A2,7.71057432302224e-06,0.0024345318152677537,-0.07766903843603415,0.5009826408501343,0.0024345440255841124,706.6666666666666,1.0408987882181167
Accelerometer,Branched,A2,Orifice Leak,ND,,6,BR_OL_ND_A2,-7.07621249705532e-05,0.0023501972779083314,-0.021815823956114196,0.29103584773491553,0.0023512623255217777,706.6666666666666,1.1754094443369636
Accelerometer,Branched,A2,Orifice Leak,ND,,7,BR_OL_ND_A2,-4.841105859205689e-05,0.002476724711310448,0.031228697877214592,0.8074844214134362,0.002477197797151012,706.6666666666666,1.1129950685858627
Accelerometer,Branched,A2,Orifice Leak,ND,,8,BR_OL_ND_A2,0.00010329346305022589,0.002645751828309997,-0.1829158612981219,0.7345155372540377,0.0026477674135985964,706.6666666666666,1.354216400533582
Accelerometer,Branched,A2,Orifice Leak,ND,,9,BR_OL_ND_A2,3.707317166709541e-05,0.0027644031545917495,-0.12025124332581162,0.23187077788260346,0.0027646517359649976,706.6666666666666,1.0323108591479835
Accelerometer,Branched,A1,Orifice Leak,Transient,,0,BR_OL_Transient_A1,-0.0009042240060105357,0.01393335071847977,-0.02051045273492166,0.029759529806209883,0.01396266032306188,0.3333333333333333,7.003264799428813
Accelerometer,Branched,A1,Orifice Leak,Transient,,1,BR_OL_Transient_A1,-7.502693551976141e-05,0.013448672631671958,0.03664715825974421,0.026670518017680056,0.013448881908728913,1826.3333333333333,2.189682765073857
Accelerometer,Branched,A1,Orifice Leak,Transient,,2,BR_OL_Transient_A1,2.446117815126785e-05,0.013408508989861446,0.014119870318868624,0.03091319512024704,0.01340853130213864,1826.0,2.098242706228788
Accelerometer,Branched,A1,Orifice Leak,Transient,,3,BR_OL_Transient_A1,-1.5043282898051274e-06,0.013485674953451888,-0.001154041267926366,-0.015075502800070861,0.013485675037355867,1850.3333333333333,2.127437859014772
Accelerometer,Branched,A1,Orifice Leak,Transient,,4,BR_OL_Transient_A1,-6.448189215750008e-06,0.013613737093997368,-0.012816957046666225,-0.09013800307786735,0.013613738621099793,1823.6666666666665,2.1265557909406145
Accelerometer,Branched,A1,Orifice Leak,Transient,,5,BR_OL_Transient_A1,-6.495114233975551e-06,0.013539780434617203,-0.01311146022288887,-0.10954538411325032,0.013539781992489824,1823.6666666666665,2.117331614527023
Accelerometer,Branched,A1,Orifice Leak,Transient,,6,BR_OL_Transient_A1,-1.8296410686407186e-05,0.012923157637222083,-0.05868718674448104,0.7176550462997113,0.012923170589106046,1867.3333333333333,2.094148077099319
Accelerometer,Branched,A1,Orifice Leak,Transient,,7,BR_OL_Transient_A1,5.305514888421176e-06,0.008857035722184794,-0.18567983440147678,6.3944296659766415,0.008857037311231433,41.0,1.7622455874471077
Accelerometer,Branched,A1,Orifice Leak,Transient,,8,BR_OL_Transient_A1,1.6654363518907975e-05,0.0008685678579222146,0.029780523592237967,-0.0567396968595939,0.0008687275128829548,706.3333333333333,1.4484669485072224
Accelerometer,Branched,A1,Orifice Leak,Transient,,9,BR_OL_Transient_A1,-4.431288071437001e-06,0.00090262353744484,0.03466697743432627,0.003629703553893915,0.0009026344147346745,706.3333333333333,1.4483920421989844
Accelerometer,Branched,A1,Orifice Leak,Transient,,10,BR_OL_Transient_A1,1.654002491024317e-05,0.0009376490518964004,0.02380309976459035,-0.015850575389698474,0.0009377949226490032,706.3333333333333,1.4272662885905385
Accelerometer,Branched,A2,Orifice Leak,Transient,,0,BR_OL_Transient_A2,5.5284536545470394e-05,0.0030733029481723423,-0.1536616712012215,4.139476731719178,0.0030738001547312506,1.3333333333333333,0.9978435442733582
Accelerometer,Branched,A2,Orifice Leak,Transient,,1,BR_OL_Transient_A2,9.946369321251898e-05,0.0031207909784292213,-0.5785280781343596,1.9577107452509468,0.003122375595169917,1.6666666666666665,2.472013678233408
Accelerometer,Branched,A2,Orifice Leak,Transient,,2,BR_OL_Transient_A2,-4.434179216316209e-06,0.003337060192658724,-0.5314061778929843,0.7232295523763566,0.003337063138655426,1.3333333333333333,2.185859354271108
Accelerometer,Branched,A2,Orifice Leak,Transient,,3,BR_OL_Transient_A2,-8.42315837951183e-05,0.0031972315322652822,-0.5305764571792997,0.7095846504081575,0.003198340887181984,3.6666666666666665,2.2180602317700098
Accelerometer,Branched,A2,Orifice Leak,Transient,,4,BR_OL_Transient_A2,-4.636841282941467e-05,0.0026191477139912737,-0.4686231923203547,1.1034282256649828,0.002619558126366742,702.6666666666666,2.007588927711468
Accelerometer,Branched,A2,Orifice Leak,Transient,,5,BR_OL_Transient_A2,-0.00015575219257735063,0.0030053159627907314,-0.608497702295778,0.69517941277218,0.003009349228935956,2.0,2.626201333429353
Accelerometer,Branched,A2,Orifice Leak,Transient,,6,BR_OL_Transient_A2,-2.8832211498877047e-05,0.003153271828356478,-0.6872380182973887,0.4904409358608439,0.0031534036405012475,1.0,2.7658232607417244
Accelerometer,Branched,A2,Orifice Leak,Transient,,7,BR_OL_Transient_A2,0.00012436217230627725,0.0025049939253007033,-0.6102611538902559,1.2473937441839666,0.002508079048932502,0.6666666666666666,2.6634283499855265
Accelerometer,Branched,A2,Orifice Leak,Transient,,8,BR_OL_Transient_A2,2.333370244453041e-05,0.0027639085375497615,-0.6325501297122951,1.3806020757958795,0.0027640070306730827,2.0,2.552408237619842
Accelerometer,Branched,A2,Orifice Leak,Transient,,9,BR_OL_Transient_A2,-7.330333277852033e-06,0.002899879464372201,-0.6199026913132784,1.0258203686793381,0.00289988872918834,2.333333333333333,2.4959820763828393
Accelerometer,Branched,A2,Orifice Leak,Transient,,10,BR_OL_Transient_A2,-4.247394679487464e-05,0.002997745099249353,0.1787152571437149,2.4347334501867026,0.0029980459830079072,706.3333333333333,1.3017552646796495
DynamicPressureSensor,Looped,P1,Circumferential Crack,0.18 LPS,,0,LO_CC_0.18 LPS_P1,3.24490072997768,820.4458012316303,0.009294023736780144,0.08643049931176883,820.4522180720576,231.33333333333331,1.5721299225522105
DynamicPressureSensor,Looped,P1,Circumferential Crack,0.18 LPS,,1,LO_CC_0.18 LPS_P1,0.5142136552641627,823.7854682855002,-0.0057019511423953865,0.13397454611717974,823.785628773678,117.66666666666666,0.7383465465652921
DynamicPressureSensor,Looped,P1,Circumferential Crack,0.18 LPS,,2,LO_CC_0.18 LPS_P1,-0.3906224691917276,823.8133576045003,0.0012533527363246392,0.09347264984132897,823.8134502140116,110.66666666666666,0.7261522489190478
DynamicPressureSensor,Looped,P1,Circumferential Crack,0.18 LPS,,3,LO_CC_0.18 LPS_P1,0.13106258284336983,824.3238769783355,-0.01012365942410959,0.06117713235800748,824.3238873974202,235.0,0.4758184608727323
DynamicPressureSensor,Looped,P1,Circumferential Crack,0.18 LPS,,4,LO_CC_0.18 LPS_P1,0.31539842033470916,823.4753879353929,-0.025068150159238876,0.057257110992497307,823.4754483355952,235.0,0.5485680351513552
DynamicPressureSensor,Looped,P1,Circumferential Crack,0.18 LPS,,5,LO_CC_0.18 LPS_P1,-0.7139379757143101,833.317574336293,-0.03979983831560351,0.08824637994845963,833.3178801664803,440.0,1.3512239438541984
DynamicPressureSensor,Looped,P1,Circumferential Crack,0.18 LPS,,6,LO_CC_0.18 LPS_P1,-0.2667081189068291,839.7948094410534,-0.03174299203826121,0.07728546495939348,839.7948517926005,110.33333333333333,0.8022508980216356
DynamicPressureSensor,Looped,P1,Circumferential Crack,0.18 LPS,,7,LO_CC_0.18 LPS_P1,0.30842084657898844,822.2366914513934,-0.018919373167318183,0.07904039661264095,822.2367492956957,235.0,0.5216285372337786
DynamicPressureSensor,Looped,P1,Circumferential Crack,0.18 LPS,,8,LO_CC_0.18 LPS_P1,0.07106683181486663,812.6192725149727,-0.0012590380327375582,0.06524501024898877,812.6192756225133,235.0,0.4573834223039563
DynamicPressureSensor,Looped,P1,Circumferential Crack,0.18 LPS,,9,LO_CC_0.18 LPS_P1,0.1250300348283762,809.3427838902693,0.011602930664485244,0.007064622220483763,809.3427935478024,421.3333333333333,1.201746823703617
DynamicPressureSensor,Looped,P1,Circumferential Crack,0.18 LPS,,10,LO_CC_0.18 LPS_P1,0.35115008092411965,827.8519432515742,0.0015252168493018546,0.04295700999089158,827.8520177252617,235.0,0.47352748395800787
DynamicPressureSensor,Looped,P2,Circumferential Crack,0.18 LPS,,0,LO_CC_0.18 LPS_P2,0.11108330112475674,66.15169566079807,-0.10615072616148805,-0.09205236477707368,66.15178892742537,66.0,1.2866042628998646
DynamicPressureSensor,Looped,P2,Circumferential Crack,0.18 LPS,,1,LO_CC_0.18 LPS_P2,-0.08355424942027534,68.67535815109679,-0.12064707082709535,-0.08494413933398892,68.67540897944484,24.666666666666664,1.3679542400425364
DynamicPressureSensor,Looped,P2,Circumferential Crack,0.18 LPS,,2,LO_CC_0.18 LPS_P2,0.11734521178983194,65.17219328143877,-0.09939796351506809,0.010639637653114153,65.17229892379079,24.666666666666664,1.2604197009153768
DynamicPressureSensor,Looped,P2,Circumferential Crack,0.18 LPS,,3,LO_CC_0.18 LPS_P2,-0.06120469897242214,64.95090009830803,-0.18157579560342224,-0.015939803799525976,64.95092893558618,25.0,1.7214826940911694
DynamicPressureSensor,Looped,P2,Circumferential Crack,0.18 LPS,,4,LO_CC_0.18 LPS_P2,-0.2153755815379901,67.57856969117579,-0.020703331529652824,-0.13948040756839752,67.578912895564,24.666666666666664,0.9803692951139535
DynamicPressureSensor,Looped,P2,Circumferential Crack,0.18 LPS,,5,LO_CC_0.18 LPS_P2,0.08805562682561047,69.44300676701249,0.1213312550127839,-0.08909571827517837,69.44306259545843,65.0,1.201247312329295
DynamicPressureSensor,Looped,P2,Circumferential Crack,0.18 LPS,,6,LO_CC_0.18 LPS_P2,-0.01765588755675271,70.42861626763151,0.12433492165680357,0.0334070974977525,70.42861848072596,65.0,1.20019062786629
DynamicPressureSensor,Looped,P2,Circumferential Crack,0.18 LPS,,7,LO_CC_0.18 LPS_P2,-0.09414411464230393,61.740869587433664,0.17640082864180126,0.29506420859116167,61.740941364112786,25.0,1.4636667516256732
DynamicPressureSensor,Looped,P2,Circumferential Crack,0.18 LPS,,8,LO_CC_0.18 LPS_P2,-0.11040101227961668,57.14565339053647,0.15053231498606393,0.02289119685103147,57.14576003357419,25.0,1.3552517129351536
DynamicPressureSensor,Looped,P2,Circumferential Crack,0.18 LPS,,9,LO_CC_0.18 LPS_P2,-0.034133761255398555,60.478467346672545,0.10111672780500965,-0.055606780753138185,60.47847697913859,25.0,1.1221228573530302
DynamicPressureSensor,Looped,P2,Circumferential Crack,0.18 LPS,,10,LO_CC_0.18 LPS_P2,0.062189269062597294,59.67135159946668,0.12463623995738585,-0.06622848370766743,59.6713840061747,24.666666666666664,1.2248983322731901
DynamicPressureSensor,Looped,P1,Circumferential Crack,0.47 LPS,,0,LO_CC_0.47 LPS_P1,5.376411663264681,1825.845950607662,0.009202305999502025,-0.05056046982248841,1825.8538663191996,1941.6666666666665,8.58594754777396
DynamicPressureSensor,Looped,P1,Circumferential Crack,0.47 LPS,,1,LO_CC_0.47 LPS_P1,0.25286952257694695,1795.1248457416264,0.004099976107844428,-0.044024979496802175,1795.124863551807,1922.0,8.106309883119032
DynamicPressureSensor,Looped,P1,Circumferential Crack,0.47 LPS,,2,LO_CC_0.47 LPS_P1,-0.3363594706907182,1799.4485275248771,-0.0026335780725178734,0.008554247904950074,1799.4485589616454,1860.6666666666665,7.780377128625022
DynamicPressureSensor,Looped,P1,Circumferential Crack,0.47 LPS,,3,LO_CC_0.47 LPS_P1,-0.4696447930593314,1801.5443859394243,0.005761999572238788,0.0009362919533977276,1801.5444471552983,1909.3333333333333,8.045094076976623
DynamicPressureSensor,Looped,P1,Circumferential Crack,0.47 LPS,,4,LO_CC_0.47 LPS_P1,-0.12960669393329827,1822.4601934598488,0.017924171218284393,-0.026612011692687343,1822.4601980684256,1909.3333333333333,8.016676143105402
DynamicPressureSensor,Looped,P1,Circumferential Crack,0.47 LPS,,5,LO_CC_0.47 LPS_P1,0.2202307718503136,1819.9805474359323,-0.0009772637844708803,-0.021101758633280898,1819.9805607606881,1891.6666666666665,7.9156399947362495
DynamicPressureSensor,Looped,P1,Circumferential Crack,0.47 LPS,,6,LO_CC_0.47 LPS_P1,0.34241579520014487,1819.8439318263443,0.00858836986883858,-0.001132819318665934,1819.843964040254,1887.0,7.890967780783574
DynamicPressureSensor,Looped,P1,Circumferential Crack,0.47 LPS,,7,LO_CC_0.47 LPS_P1,0.5288010727729696,1799.272449138187,0.01931428375864355,0.022049301271485966,1799.2725268447537,1910.0,8.038124746658546
DynamicPressureSensor,Looped,P1,Circumferential Crack,0.47 LPS,,8,LO_CC_0.47 LPS_P1,-0.18628184691411215,1797.4789304181563,-0.003621343112490174,-0.013925455114651264,1797.4789400708219,1900.3333333333333,7.992094146864019
DynamicPressureSensor,Looped,P1,Circumferential Crack,0.47 LPS,,9,LO_CC_0.47 LPS_P1,-0.13826027965071924,1794.6238127614713,0.002735748877102283,-0.017985932230601076,1794.6238180873522,1909.0,8.041692427593794
DynamicPressureSensor,Looped,P2,Circumferential Crack,0.47 LPS,,0,LO_CC_0.47 LPS_P2,-0.16698026681035807,72.50660699118535,-0.04907883522503692,-0.17527925619983709,72.50679926588755,65.0,1.0388189739143083
DynamicPressureSensor,Looped,P2,Circumferential Crack,0.47 LPS,,1,LO_CC_0.47 LPS_P2,-0.1017996915806306,70.66070051729166,-0.026834769791405602,-0.15099322478217614,70.66077384781168,65.33333333333333,0.9771582933126269
DynamicPressureSensor,Looped,P2,Circumferential Crack,0.47 LPS,,2,LO_CC_0.47 LPS_P2,-0.14528132341172045,70.59951143688848,0.051329420097760425,-0.023792429370605994,70.59966091838032,65.66666666666666,0.9540786699694844
DynamicPressureSensor,Looped,P2,Circumferential Crack,0.47 LPS,,3,LO_CC_0.47 LPS_P2,0.0614210029369301,70.81684336605619,0.03667126974476256,-0.0074129667083595585,70.81687000194331,66.0,0.9199299616756518
DynamicPressureSensor,Looped,P2,Circumferential Crack,0.47 LPS,,4,LO_CC_0.47 LPS_P2,0.013676049337410668,68.22206503217801,0.023254951962370086,0.042040667306535884,68.2220664029539,66.0,0.9043388918423654
DynamicPressureSensor,Looped,P2,Circumferential Crack,0.47 LPS,,5,LO_CC_0.47 LPS_P2,-0.025632534117971145,70.89375159019265,0.09721323413276686,-0.0069710437069296916,70.89375622407624,24.333333333333332,1.0951579362248207
DynamicPressureSensor,Looped,P2,Circumferential Crack,0.47 LPS,,6,LO_CC_0.47 LPS_P2,-0.058264012683043445,74.1766573976016,0.06291262923051323,-0.15462712246031796,74.17668028010108,64.66666666666666,0.992087626168462
DynamicPressureSensor,Looped,P2,Circumferential Crack,0.47 LPS,,7,LO_CC_0.47 LPS_P2,-0.04095173645998794,76.22082586324451,-0.06344222825965065,-0.1986796026805835,76.22083686446746,64.33333333333333,1.0929894376739493
DynamicPressureSensor,Looped,P2,Circumferential Crack,0.47 LPS,,8,LO_CC_0.47 LPS_P2,0.05130167592874801,73.97220103112662,-0.11275654321197792,-0.12716125426211944,73.97221882065836,46.666666666666664,1.3210422593714177
DynamicPressureSensor,Looped,P2,Circumferential Crack,0.47 LPS,,9,LO_CC_0.47 LPS_P2,0.00893089624044342,74.46444643296014,-0.05936502018686144,0.22848201172385885,74.46444696852383,47.0,1.0436552990843722
DynamicPressureSensor,Looped,P2,Circumferential Crack,0.47 LPS,,10,LO_CC_0.47 LPS_P2,-0.034711995862260696,77.31365947774196,0.11528607965932158,0.3305309681927633,77.3136672701722,65.66666666666666,1.1153982240961053
DynamicPressureSensor,Looped,P1,Circumferential Crack,ND,,0,LO_CC_ND_P1,-0.9268045205087625,794.8462267767765,-0.033229236594712275,-0.6315885207464516,794.8467671116855,117.66666666666666,0.9137881358202298
DynamicPressureSensor,Looped,P1,Circumferential Crack,ND,,1,LO_CC_ND_P1,-1.056135287438559,849.5318251036599,-0.02697759874490487,-0.7565705829731573,849.5324815954367,117.66666666666666,0.971725312298627
DynamicPressureSensor,Looped,P1,Circumferential Crack,ND,,2,LO_CC_ND_P1,0.2495017213719067,853.6776810961964,0.010215308830211137,-0.7659270504577713,853.6777175567418,117.66666666666666,0.8233403223010848
DynamicPressureSensor,Looped,P1,Circumferential Crack,ND,,3,LO_CC_ND_P1,0.25568420045513374,819.969266920296,-0.014823458870552423,-0.6860139876175304,819.9693067842344,117.66666666666666,0.8203441901748348
DynamicPressureSensor,Looped,P1,Circumferential Crack,ND,,4,LO_CC_ND_P1,-0.6449546564869677,830.7182780425624,-0.007650733480112478,-0.6742612476841985,830.7185284080937,117.66666666666666,0.8456110926713724
DynamicPressureSensor,Looped,P1,Circumferential Crack,ND,,5,LO_CC_ND_P1,0.5244382683717607,849.9789693408907,0.05310358587898237,-0.5997580770202378,849.979131130465,117.66666666666666,0.8617772052675794
DynamicPressureSensor,Looped,P1,Circumferential Crack,ND,,6,LO_CC_ND_P1,-0.4887807519349791,796.234587727521,0.0019431709057765336,-0.4592062912984769,796.2347377502684,117.66666666666666,0.7677335764708354
DynamicPressureSensor,Looped,P1,Circumferential Crack,ND,,7,LO_CC_ND_P1,-0.006704937442536713,743.7857877218356,-0.053268771116576304,-0.6557564548592882,743.7857877520568,117.66666666666666,0.889163963446103
DynamicPressureSensor,Looped,P1,Circumferential Crack,ND,,8,LO_CC_ND_P1,0.892790794288264,782.932666978996,-0.04907133346481428,-0.8184798773331003,782.9331760107282,117.66666666666666,0.9882295546280427
DynamicPressureSensor,Looped,P1,Circumferential Crack,ND,,9,LO_CC_ND_P1,-0.5562023412873935,817.0361181498237,-0.07185377572125405,-0.7858236431699699,817.0363074688768,117.66666666666666,1.0127313323631721
DynamicPressureSensor,Looped,P1,Circumferential Crack,ND,,10,LO_CC_ND_P1,-1.4326773944606757,791.6077308557537,-0.011041818792592068,-0.7092407586925531,791.6090273077436,117.66666666666666,1.0607557685595101
DynamicPressureSensor,Looped,P2,Circumferential Crack,ND,,0,LO_CC_ND_P2,-0.005440429840629951,93.4939796541206,-0.018237440498101685,-0.4787918695472939,93.49397981241033,117.66666666666666,1.0347418341850159
DynamicPressureSensor,Looped,P2,Circumferential Crack,ND,,1,LO_CC_ND_P2,-0.271716883623745,95.09266562565251,0.004936273554810223,-0.42084055709306156,95.09305382548719,117.66666666666666,1.0187666417863195
DynamicPressureSensor,Looped,P2,Circumferential Crack,ND,,2,LO_CC_ND_P2,-0.22612417526405598,98.48440373201012,0.13134520815039147,-0.26706432388685863,98.48466332679524,117.66666666666666,1.3276085074557429
DynamicPressureSensor,Looped,P2,Circumferential Crack,ND,,3,LO_CC_ND_P2,0.28058022237345004,96.71067623054607,0.04764527859350025,-0.3218706855744853,96.71108324401447,117.66666666666666,1.0229480799767212
DynamicPressureSensor,Looped,P2,Circumferential Crack,ND,,4,LO_CC_ND_P2,0.22318041723890067,94.71468460384536,-0.10118510845422095,-0.4832937046416603,94.7149475484442,117.66666666666666,1.3106846058309567
DynamicPressureSensor,Looped,P2,Circumferential Crack,ND,,5,LO_CC_ND_P2,-0.07222360055585823,93.45087590356744,0.01987887277213317,-0.2554163087491279,93.45090381260331,117.66666666666666,0.9785048064185681
DynamicPressureSensor,Looped,P2,Circumferential Crack,ND,,6,LO_CC_ND_P2,-0.007928187443270692,91.39642012390665,-0.003377904003588451,-0.0757295475009534,91.39642046777217,117.66666666666666,0.9604398574206456
DynamicPressureSensor,Looped,P2,Circumferential Crack,ND,,7,LO_CC_ND_P2,-0.025833813264067303,90.00234113941191,-0.026640459905923834,-0.28254673317431145,90.00234484701487,117.66666666666666,1.0257925740126692
DynamicPressureSensor,Looped,P2,Circumferential Crack,ND,,8,LO_CC_ND_P2,-0.09696436573832612,92.42538052417291,0.07975353397165282,-0.28388307736316065,92.42543138728855,117.66666666666666,1.1012955155552935
DynamicPressureSensor,Looped,P2,Circumferential Crack,ND,,9,LO_CC_ND_P2,0.19170245103276598,92.92345235378168,0.06272881931732888,-0.2877404433521753,92.9236500960615,117.66666666666666,1.047875212031779
DynamicPressureSensor,Looped,P1,Circumferential Crack,Transient,,0,LO_CC_Transient_P1,6.802807396041642,1728.544528726957,0.026526951054816384,0.00044827018499704607,1728.5579151363038,1889.3333333333333,8.788678060730142
DynamicPressureSensor,Looped,P1,Circumferential Crack,Transient,,1,LO_CC_Transient_P1,0.07339689856010154,1733.958041839689,0.025550202252682227,0.018751411503265203,1733.9580433931017,1889.3333333333333,8.00252342456607
DynamicPressureSensor,Looped,P1,Circumferential Crack,Transient,,2,LO_CC_Transient_P1,-0.33348173918615703,1725.0295536130457,0.026217525931838882,0.004631678836964692,1725.0295858472962,1969.3333333333333,8.451566221015725
DynamicPressureSensor,Looped,P1,Circumferential Crack,Transient,,3,LO_CC_Transient_P1,0.007712867911912772,1732.9825039273435,-0.004907258921266242,0.03971311476900885,1732.982503944507,1946.0,8.302425003702993
DynamicPressureSensor,Looped,P1,Circumferential Crack,Transient,,4,LO_CC_Transient_P1,-0.45588688566499136,1728.516091077515,-0.03051371544090978,0.04021308541733326,1728.5161511963793,1949.6666666666665,8.33661732636225
DynamicPressureSensor,Looped,P1,Circumferential Crack,Transient,,5,LO_CC_Transient_P1,0.1310256477872582,1703.0558798658635,-0.014242129570786022,-0.005815812601047909,1703.0558849061326,1961.3333333333333,8.416205089614479
DynamicPressureSensor,Looped,P1,Circumferential Crack,Transient,,6,LO_CC_Transient_P1,-0.7131819031060849,2167.13528484008,0.20979437255722747,14.924014375291321,2167.1354021904867,234.33333333333331,4.39148660502084
DynamicPressureSensor,Looped,P1,Circumferential Crack,Transient,,7,LO_CC_Transient_P1,-0.16429540735887296,1814.207514232146,0.3579341409097434,32.34683578379806,1814.207521671477,234.33333333333331,8.748168451560227
DynamicPressureSensor,Looped,P1,Circumferential Crack,Transient,,8,LO_CC_Transient_P1,1.0323295169706141,251.88201789177492,0.1507182945046896,8.05803423875589,251.88413336584748,93.33333333333333,1.9768346609217142
DynamicPressureSensor,Looped,P1,Circumferential Crack,Transient,,9,LO_CC_Transient_P1,-0.03741850023548123,225.3205906657219,-0.003922300795112231,-0.056698789591041354,225.32059377272637,117.66666666666666,0.8283621508943629
DynamicPressureSensor,Looped,P1,Circumferential Crack,Transient,,10,LO_CC_Transient_P1,-0.05822265930086188,215.9472239569101,-0.0138792483960152,-0.05408347339558306,215.94723180576767,117.66666666666666,0.8513233220646941
DynamicPressureSensor,Looped,P2,Circumferential Crack,Transient,,0,LO_CC_Transient_P2,-0.19345738757724176,78.0268310588744,-0.07222909172865684,0.05848170215870985,78.02707088473163,24.0,1.11384622603338
DynamicPressureSensor,Looped,P2,Circumferential Crack,Transient,,1,LO_CC_Transient_P2,0.02819588553959367,83.29832622595144,-0.04177812041421935,-0.1251461712560773,83.29833099800373,68.0,1.0075366059213908
DynamicPressureSensor,Looped,P2,Circumferential Crack,Transient,,2,LO_CC_Transient_P2,0.09351708295525615,76.63293811441474,-0.035178321054791746,-0.16294409882669525,76.6329951750062,67.66666666666666,0.9985477213033811
DynamicPressureSensor,Looped,P2,Circumferential Crack,Transient,,3,LO_CC_Transient_P2,0.15346115688954565,69.88084853839209,-0.05356861693007938,-0.06179785138405247,69.88101704162847,24.666666666666664,1.065931954993385
DynamicPressureSensor,Looped,P2,Circumferential Crack,Transient,,4,LO_CC_Transient_P2,0.03400989117051591,72.33820453407425,-0.029867697713625373,-0.09142074447446724,72.3382125289688,67.66666666666666,0.9783332618936422
DynamicPressureSensor,Looped,P2,Circumferential Crack,Transient,,5,LO_CC_Transient_P2,0.5385327214751489,99.39191106079274,0.7479286991753149,9.544671492396457,99.39337000931518,23.666666666666664,5.413592729592468
DynamicPressureSensor,Looped,P2,Circumferential Crack,Transient,,6,LO_CC_Transient_P2,-0.009619832801779657,106.09675679399949,0.45738490694542056,9.520057682819843,106.09675723011641,25.0,3.5659870740329422
DynamicPressureSensor,Looped,P2,Circumferential Crack,Transient,,7,LO_CC_Transient_P2,-0.5967625447445623,77.02593967065562,-0.40962283836395086,8.998785447711361,77.02825136066825,25.0,3.978548369541967
DynamicPressureSensor,Looped,P2,Circumferential Crack,Transient,,8,LO_CC_Transient_P2,-0.12108093169862674,55.22376086800161,0.08571302378064866,0.05321413231961625,55.22389360592249,25.0,1.0575416726527427
DynamicPressureSensor,Looped,P2,Circumferential Crack,Transient,,9,LO_CC_Transient_P2,-0.031295031779188895,48.87138050975524,-0.03704718541234077,0.022626020684899828,48.8713905297189,49.666666666666664,0.9987930276114878
DynamicPressureSensor,Looped,P1,Gasket Leak,0.18 LPS,,0,LO_GL_0.18 LPS_P1,0.5237520841635052,807.477757032159,0.006956354958084191,0.0697410346948808,807.4779268920805,240.0,0.5079675239643636
DynamicPressureSensor,Looped,P1,Gasket Leak,0.18 LPS,,1,LO_GL_0.18 LPS_P1,-0.04970624011271271,807.3011695833744,-0.015789375569576485,0.09658294290265479,807.3011711136029,117.66666666666666,0.7079096730302717
DynamicPressureSensor,Looped,P1,Gasket Leak,0.18 LPS,,2,LO_GL_0.18 LPS_P1,0.14923599210272098,814.0706548358729,-0.011288261778484559,0.10267580434072787,814.0706685148951,235.33333333333331,0.48067063694143064
DynamicPressureSensor,Looped,P1,Gasket Leak,0.18 LPS,,3,LO_GL_0.18 LPS_P1,-0.041000217528600065,810.2521746428738,0.00599697405441711,0.06069897370832322,810.2521756802163,235.33333333333331,0.44744360627763125
DynamicPressureSensor,Looped,P1,Gasket Leak,0.18 LPS,,4,LO_GL_0.18 LPS_P1,-0.1757350887658533,803.0847430057067,0.0019348151816875564,0.0036041571330729383,803.0847622333296,117.66666666666666,0.6836402709149055
DynamicPressureSensor,Looped,P1,Gasket Leak,0.18 LPS,,5,LO_GL_0.18 LPS_P1,-0.04044015016883715,819.4605826827473,-0.0014006992600264008,0.04279862591277617,819.4605836806022,1853.6666666666665,8.835769957947425
DynamicPressureSensor,Looped,P1,Gasket Leak,0.18 LPS,,6,LO_GL_0.18 LPS_P1,0.42805264025760087,825.6260079009433,0.0034005004513252223,0.026949873485982323,825.6261188646537,228.33333333333331,0.4807275403155009
DynamicPressureSensor,Looped,P1,Gasket Leak,0.18 LPS,,7,LO_GL_0.18 LPS_P1,0.10774573843571901,812.0258714176796,0.005201009284345713,-0.03377273303271755,812.0258785659395,235.33333333333331,0.46865167240631933
DynamicPressureSensor,Looped,P1,Gasket Leak,0.18 LPS,,8,LO_GL_0.18 LPS_P1,-0.4399854508001619,812.7203958179122,0.0332734615626382,-0.016288235628632464,812.7205149161799,117.66666666666666,0.7207159178641803
DynamicPressureSensor,Looped,P1,Gasket Leak,0.18 LPS,,9,LO_GL_0.18 LPS_P1,-0.27321674595022766,807.2118905948726,0.042874496030971085,0.03901550843985735,807.2119368326627,1836.0,8.772423119992444
DynamicPressureSensor,Looped,P2,Gasket Leak,0.18 LPS,,0,LO_GL_0.18 LPS_P2,-0.13048446274859907,73.90292175678964,-0.0003343309901430681,-0.23779520385764297,73.90303694967609,25.333333333333332,0.9611533860039609
DynamicPressureSensor,Looped,P2,Gasket Leak,0.18 LPS,,1,LO_GL_0.18 LPS_P2,-0.06311732345200646,82.3553349075996,-0.01826948692981846,-0.5190189458013825,82.35535909422904,25.0,1.01987304816068
DynamicPressureSensor,Looped,P2,Gasket Leak,0.18 LPS,,2,LO_GL_0.18 LPS_P2,0.12008453758168965,78.73269192652,-0.04858047645912295,-0.5109876054997771,78.7327835040301,25.0,1.0951429777882418
DynamicPressureSensor,Looped,P2,Gasket Leak,0.18 LPS,,3,LO_GL_0.18 LPS_P2,0.03621207372529431,66.9717966667269,-0.07913159307072772,-0.22287699597099841,66.97180645677474,24.666666666666664,1.1823057755244764
DynamicPressureSensor,Looped,P2,Gasket Leak,0.18 LPS,,4,LO_GL_0.18 LPS_P2,0.06232655158675833,59.45870351322311,-0.0879466607184407,-0.31823818310923935,59.45873617957586,24.666666666666664,1.2330579024258352
DynamicPressureSensor,Looped,P2,Gasket Leak,0.18 LPS,,5,LO_GL_0.18 LPS_P2,-0.03983888527925958,80.05663621006948,-0.00310210769395468,0.6561043298573748,80.0566461226561,24.666666666666664,0.8620670032781639
DynamicPressureSensor,Looped,P2,Gasket Leak,0.18 LPS,,6,LO_GL_0.18 LPS_P2,-0.08026304982406188,85.12028772499836,0.02268194382942479,0.32207058613066586,85.12032556648074,25.0,0.8753568710395474
DynamicPressureSensor,Looped,P2,Gasket Leak,0.18 LPS,,7,LO_GL_0.18 LPS_P2,0.06808660727690229,64.46417823321342,-0.012688603428523581,0.20692491682873992,64.46421418949895,24.666666666666664,0.9287759667657853
DynamicPressureSensor,Looped,P2,Gasket Leak,0.18 LPS,,8,LO_GL_0.18 LPS_P2,0.10292673156455372,58.87411937098882,-0.07258207183725003,-0.0687249318156149,58.87420934179509,25.333333333333332,1.1443096344568875
DynamicPressureSensor,Looped,P2,Gasket Leak,0.18 LPS,,9,LO_GL_0.18 LPS_P2,0.07805525298469403,58.635291711816755,0.07180577387023147,-0.12387003950978448,58.63534366533861,25.333333333333332,1.0280678227673046
DynamicPressureSensor,Looped,P1,Gasket Leak,0.47 LPS,,0,LO_GL_0.47 LPS_P1,-7.870805869990562,2117.094354335246,0.005319341763088785,0.001523011053792267,2117.1089850886788,230.66666666666666,5.200140925590577
DynamicPressureSensor,Looped,P1,Gasket Leak,0.47 LPS,,1,LO_GL_0.47 LPS_P1,0.4532466062361714,2075.5343705130817,0.002615289310257834,-0.03413676260217002,2075.5344200021405,230.66666666666666,1.6388098993451337
DynamicPressureSensor,Looped,P1,Gasket Leak,0.47 LPS,,2,LO_GL_0.47 LPS_P1,-0.19461413589125304,2069.4306552611156,0.01563051751387824,-0.047442978969840066,2069.4306644121016,231.66666666666666,1.6015321685619517
DynamicPressureSensor,Looped,P1,Gasket Leak,0.47 LPS,,3,LO_GL_0.47 LPS_P1,0.16535623528133916,2118.2889475660895,0.00453209677935125,-0.035646312239483446,2118.288954020045,230.66666666666666,1.6805047683298673
DynamicPressureSensor,Looped,P1,Gasket Leak,0.47 LPS,,4,LO_GL_0.47 LPS_P1,0.3708924832229166,2121.530383174597,-0.01812468325939279,-0.001684577051813907,2121.5304155948807,236.33333333333331,1.6881173874128208
DynamicPressureSensor,Looped,P1,Gasket Leak,0.47 LPS,,5,LO_GL_0.47 LPS_P1,-0.35391326015422936,2101.7541581893856,-0.008564505711419907,-0.025911226001838816,2101.754187987018,229.0,1.6664400252751737
DynamicPressureSensor,Looped,P1,Gasket Leak,0.47 LPS,,6,LO_GL_0.47 LPS_P1,-0.37979797258913833,2085.435731228577,-0.0062850029765554516,-0.006562291424709432,2085.435765812836,229.0,1.64328779070986
DynamicPressureSensor,Looped,P1,Gasket Leak,0.47 LPS,,7,LO_GL_0.47 LPS_P1,-0.2144544797058371,2081.021063108439,-0.005740860913657671,0.04161537561948769,2081.021074158477,227.33333333333331,1.6431142720328065
DynamicPressureSensor,Looped,P1,Gasket Leak,0.47 LPS,,8,LO_GL_0.47 LPS_P1,0.14467137441827552,2115.249864396968,0.018406870189527542,0.05277405665833035,2115.249869344328,231.33333333333331,1.6697992622177047
DynamicPressureSensor,Looped,P1,Gasket Leak,0.47 LPS,,9,LO_GL_0.47 LPS_P1,0.732724143012142,2130.6170704905667,0.01355516467775085,0.08195952896558234,2130.6171964833275,228.33333333333331,1.740696009800695
DynamicPressureSensor,Looped,P1,Gasket Leak,0.47 LPS,,10,LO_GL_0.47 LPS_P1,-4.374183657899921,2135.417979505777,-0.0001937662402286631,0.05477472654620197,2135.4224595332907,235.0,2.754746286139687
DynamicPressureSensor,Looped,P2,Gasket Leak,0.47 LPS,,0,LO_GL_0.47 LPS_P2,0.10859322241614265,70.6151678954424,-0.04791174315654645,-0.03453678552195161,70.61525139365769,24.333333333333332,1.0438094916617955
DynamicPressureSensor,Looped,P2,Gasket Leak,0.47 LPS,,1,LO_GL_0.47 LPS_P2,-0.04392802732959652,76.17306555180582,-0.04571591290288025,0.024789167851106075,76.173078218169,24.666666666666664,1.0246965231202574
DynamicPressureSensor,Looped,P2,Gasket Leak,0.47 LPS,,2,LO_GL_0.47 LPS_P2,-0.08038053922082407,80.42861223356277,0.045248796470619475,-0.029525767083740107,80.4286523998002,24.333333333333332,0.9467077108321394
DynamicPressureSensor,Looped,P2,Gasket Leak,0.47 LPS,,3,LO_GL_0.47 LPS_P2,-0.048433661942863776,77.30111575735815,0.0838368069964135,-0.032643095408181555,77.30113093061506,24.333333333333332,1.0475342398261742
DynamicPressureSensor,Looped,P2,Gasket Leak,0.47 LPS,,4,LO_GL_0.47 LPS_P2,-0.07914197743558486,71.99523656699674,0.0008104285877550913,-0.048240432067550465,71.99528006606,24.0,0.9357886441083944
DynamicPressureSensor,Looped,P2,Gasket Leak,0.47 LPS,,5,LO_GL_0.47 LPS_P2,0.11763845603810069,72.80688013683812,-0.12820055388713114,-0.03658484663586803,72.80697517454115,66.66666666666666,1.397673857583931
DynamicPressureSensor,Looped,P2,Gasket Leak,0.47 LPS,,6,LO_GL_0.47 LPS_P2,0.28140905708200703,75.0717852529159,-0.13554807405201416,-0.003523571311623286,75.07231268661789,24.666666666666664,1.4463405435785157
DynamicPressureSensor,Looped,P2,Gasket Leak,0.47 LPS,,7,LO_GL_0.47 LPS_P2,-0.23027763653757144,75.08642871767053,-0.040484932779716286,0.02955437380077619,75.08678182851963,67.33333333333333,0.9880481626059459
DynamicPressureSensor,Looped,P2,Gasket Leak,0.47 LPS,,8,LO_GL_0.47 LPS_P2,-0.01967727249001181,77.5466092921803,0.018593417126249578,-0.06607077068418832,77.54661178871143,24.333333333333332,0.9282636781186552
DynamicPressureSensor,Looped,P2,Gasket Leak,0.47 LPS,,9,LO_GL_0.47 LPS_P2,0.13971869107053145,79.15429100521584,0.01071405938182472,-0.20424709005831998,79.15441431689725,66.66666666666666,0.9321031022512246
DynamicPressureSensor,Looped,P1,Gasket Leak,ND,,0,LO_GL_ND_P1,1.1331885889556705,254.46581030336037,0.017343217382896743,-0.00998146050376203,254.46833345177535,130.33333333333331,0.9754341519112827
DynamicPressureSensor,Looped,P1,Gasket Leak,ND,,1,LO_GL_ND_P1,-0.1973879085632229,261.41210130447666,-0.027353009957090696,-0.0860469509098638,261.41217582662136,130.33333333333331,0.8595208577895259
DynamicPressureSensor,Looped,P1,Gasket Leak,ND,,2,LO_GL_ND_P1,-0.22554102019030922,257.8757881167478,-0.06825107226853717,-0.11331716414218018,257.87588674706603,117.66666666666666,0.9977416572881541
DynamicPressureSensor,Looped,P1,Gasket Leak,ND,,3,LO_GL_ND_P1,-0.05991762295684209,254.5153482788062,-0.04920910961635609,-0.05722571946535693,254.51535533166472,117.66666666666666,0.9192957183110082
DynamicPressureSensor,Looped,P1,Gasket Leak,ND,,4,LO_GL_ND_P1,0.23989897733020485,264.44057258119835,-0.07494073658380582,0.021594843352902515,264.4406813986671,117.66666666666666,1.0276036837630547
DynamicPressureSensor,Looped,P1,Gasket Leak,ND,,5,LO_GL_ND_P1,0.1962078926429011,267.0607254255715,-0.06574344874272282,0.051320175493528186,267.06079750193516,117.66666666666666,0.9783914169385445
DynamicPressureSensor,Looped,P1,Gasket Leak,ND,,6,LO_GL_ND_P1,-0.06429262314043234,249.73277244467812,-0.017489851267267622,0.08842394414195809,249.73278072060697,130.66666666666666,0.8234171932586345
DynamicPressureSensor,Looped,P1,Gasket Leak,ND,,7,LO_GL_ND_P1,-0.05940507891684052,244.08380576638916,0.00012403360501587012,0.06772441741705437,244.0838129953885,117.66666666666666,0.7896572415629572
DynamicPressureSensor,Looped,P1,Gasket Leak,ND,,8,LO_GL_ND_P1,0.04313783581763964,254.93171801608872,-0.007710749785383766,-0.1097521088259219,254.93172166583633,117.66666666666666,0.8162038521812046
DynamicPressureSensor,Looped,P1,Gasket Leak,ND,,9,LO_GL_ND_P1,0.09020693513576596,253.79527504372518,0.013311786173954846,-0.2306998857770628,253.79529107493553,117.66666666666666,0.8199009680030876
DynamicPressureSensor,Looped,P2,Gasket Leak,ND,,0,LO_GL_ND_P2,0.304507022187023,68.15938233794242,-0.08010794199079409,-0.2808315845040119,68.160062538237,25.333333333333332,1.188546568516003
DynamicPressureSensor,Looped,P2,Gasket Leak,ND,,1,LO_GL_ND_P2,-0.0542535782002264,69.95732480656581,0.05856673639675096,-0.3159181770173922,69.95734584403624,25.333333333333332,1.0201202750847935
DynamicPressureSensor,Looped,P2,Gasket Leak,ND,,2,LO_GL_ND_P2,-0.18629508571455783,68.73976043580636,-0.02102490660016971,-0.2447972621097918,68.74001287918855,25.333333333333332,0.992925047957748
DynamicPressureSensor,Looped,P2,Gasket Leak,ND,,3,LO_GL_ND_P2,0.3024964296456478,65.2502524397582,-0.15126567336136695,-0.04500736560297014,65.25095361404398,25.333333333333332,1.5365058213430107
DynamicPressureSensor,Looped,P2,Gasket Leak,ND,,4,LO_GL_ND_P2,0.3662234054777408,65.25562984880104,0.09793162476845568,-0.014189456533434619,65.25665748830883,25.0,1.1298366701775118
DynamicPressureSensor,Looped,P2,Gasket Leak,ND,,5,LO_GL_ND_P2,-0.17581013349564314,67.13765632458836,0.12676023494333435,-0.004695653704887448,67.1378865169405,25.0,1.242330510570921
DynamicPressureSensor,Looped,P2,Gasket Leak,ND,,6,LO_GL_ND_P2,-0.16677297309425715,63.67377728911793,0.18582327936771165,0.7933779261219578,63.67399569281596,24.333333333333332,1.4799268265564518
DynamicPressureSensor,Looped,P2,Gasket Leak,ND,,7,LO_GL_ND_P2,0.043038738317093865,63.656680986755795,0.19280885265882478,0.68830130979376,63.656695536153876,48.666666666666664,1.506486162253961
DynamicPressureSensor,Looped,P2,Gasket Leak,ND,,8,LO_GL_ND_P2,-0.02336936679424634,76.02075080265243,0.19250110591188638,0.10669202525330546,76.0207543946144,25.333333333333332,1.5687979502517562
DynamicPressureSensor,Looped,P2,Gasket Leak,ND,,9,LO_GL_ND_P2,-0.050094497073369125,77.17356675429515,0.18837697640079398,-0.03896103827456798,77.1735830128308,25.0,1.563033737858252
DynamicPressureSensor,Looped,P1,Gasket Leak,Transient,,0,LO_GL_Transient_P1,-0.16724339371656466,2087.834830546961,-0.004013337532712061,-0.034702488803364684,2087.8348372453725,230.66666666666666,1.6364788274939062
DynamicPressureSensor,Looped,P1,Gasket Leak,Transient,,1,LO_GL_Transient_P1,-0.4590616206175314,2004.646419008621,-0.00863197079247298,0.0024910009468648298,2004.6464715709003,235.33333333333331,1.510122669390961
DynamicPressureSensor,Looped,P1,Gasket Leak,Transient,,2,LO_GL_Transient_P1,-0.5890224446187002,2005.0659331596619,0.004838390236526036,0.027737053752315166,2005.0660196773736,228.33333333333331,1.5404597875982948
DynamicPressureSensor,Looped,P1,Gasket Leak,Transient,,3,LO_GL_Transient_P1,0.37463800899958066,2058.4237044247975,0.021944257092388165,0.037399437409006975,2058.423738517301,231.33333333333331,1.6032646361077285
DynamicPressureSensor,Looped,P1,Gasket Leak,Transient,,4,LO_GL_Transient_P1,0.49542784612436797,2087.2956380802743,0.021156527786045383,0.020512066519021044,2087.295696876149,231.33333333333331,1.6495598673709884
DynamicPressureSensor,Looped,P1,Gasket Leak,Transient,,5,LO_GL_Transient_P1,-0.5250653776982286,2066.4085551844855,0.01388006090114316,0.03224697678986743,2066.4086218928924,229.66666666666666,1.6130047358074346
DynamicPressureSensor,Looped,P1,Gasket Leak,Transient,,6,LO_GL_Transient_P1,-0.08117212124022942,1825.8272074040303,0.012794002147398146,0.7601918945427135,1825.8272092083942,230.33333333333331,1.2822749645290812
DynamicPressureSensor,Looped,P1,Gasket Leak,Transient,,7,LO_GL_Transient_P1,0.08875373855347614,1121.3553449137878,0.01552813762785079,6.283927105327775,1121.355348426156,44.0,2.0152892866817194
DynamicPressureSensor,Looped,P1,Gasket Leak,Transient,,8,LO_GL_Transient_P1,-0.06549393822502315,260.25584436565293,0.040227199352946136,0.03369008832776288,260.2558526064974,117.66666666666666,0.7943868362175424
DynamicPressureSensor,Looped,P1,Gasket Leak,Transient,,9,LO_GL_Transient_P1,-0.2710151097221252,257.20425555605794,0.01622460459858822,-0.02381849658647406,257.2043983397944,117.66666666666666,0.7954376260222106
DynamicPressureSensor,Looped,P1,Gasket Leak,Transient,,10,LO_GL_Transient_P1,0.1427672516311428,261.0432875366681,0.006115252606324107,0.014226745987679923,261.04332657710245,117.66666666666666,0.7800924271246705
DynamicPressureSensor,Looped,P2,Gasket Leak,Transient,,0,LO_GL_Transient_P2,0.3980421348713069,77.55707322476239,-0.07859784723557497,-0.03303201232338093,77.55809464351408,67.66666666666666,1.1440232050857042
DynamicPressureSensor,Looped,P2,Gasket Leak,Transient,,1,LO_GL_Transient_P2,-0.025990387108813594,77.9443352208316,-0.0812446783706841,0.041711726551365125,77.94433955405353,24.666666666666664,1.1637812727768948
DynamicPressureSensor,Looped,P2,Gasket Leak,Transient,,2,LO_GL_Transient_P2,-0.35595069447916167,78.81120327821924,0.07795931479637604,0.10331926098876787,78.81200709953842,24.666666666666664,1.0571702168175154
DynamicPressureSensor,Looped,P2,Gasket Leak,Transient,,3,LO_GL_Transient_P2,0.09772829031310418,81.47228241377333,0.10861430474571371,0.008449615360633267,81.47234102766636,25.0,1.132986483294175
DynamicPressureSensor,Looped,P2,Gasket Leak,Transient,,4,LO_GL_Transient_P2,0.220458388250778,98.2935051212051,0.35090086152045086,5.071131652898652,98.2937523493397,24.666666666666664,2.509075613055814
DynamicPressureSensor,Looped,P2,Gasket Leak,Transient,,5,LO_GL_Transient_P2,-0.1903585525825801,89.21733780988627,0.48165467648679927,8.103776110019691,89.21754088889642,25.333333333333332,3.567035576983398
DynamicPressureSensor,Looped,P2,Gasket Leak,Transient,,6,LO_GL_Transient_P2,-0.13738531601549014,57.814536769127656,0.033487852618539475,0.21758408335374702,57.8147000040117,48.0,0.898412708829079
DynamicPressureSensor,Looped,P2,Gasket Leak,Transient,,7,LO_GL_Transient_P2,-0.0029830887489596474,54.127547029433664,0.029475430403921487,-0.08014143953445307,54.12754711163597,25.0,0.9461636268616499
DynamicPressureSensor,Looped,P2,Gasket Leak,Transient,,8,LO_GL_Transient_P2,0.11311820829320647,52.33135695126233,0.006920236134437062,-0.1587199583664436,52.33147920792493,25.0,0.9564519706388478
DynamicPressureSensor,Looped,P2,Gasket Leak,Transient,,9,LO_GL_Transient_P2,-0.027582451312418498,50.15479196566421,-0.05902722535855782,0.1050157547887709,50.15479955009964,25.333333333333332,1.0764386546206384
DynamicPressureSensor,Looped,P1,Longitudinal Crack,0.18 LPS,,0,LO_LC_0.18 LPS_P1,4.187614808362965,635.2201708227399,-0.00301729856638959,0.08221549993232635,635.233973853614,235.0,2.6886939873985507
DynamicPressureSensor,Looped,P1,Longitudinal Crack,0.18 LPS,,1,LO_LC_0.18 LPS_P1,0.10483203108862596,635.088917663995,-0.018328592656567236,0.04326082380526852,635.0889263161336,235.0,0.6543516563404731
DynamicPressureSensor,Looped,P1,Longitudinal Crack,0.18 LPS,,2,LO_LC_0.18 LPS_P1,0.061013277949609895,644.0257768822968,-0.03341992031340596,0.08889084055302465,644.025779772414,235.0,0.6873565924201528
DynamicPressureSensor,Looped,P1,Longitudinal Crack,0.18 LPS,,3,LO_LC_0.18 LPS_P1,0.08817893090056653,650.0451296493924,-0.023830321542156814,0.142103653267724,650.0451356301493,235.0,0.6429173768556826
DynamicPressureSensor,Looped,P1,Longitudinal Crack,0.18 LPS,,4,LO_LC_0.18 LPS_P1,-0.03159180893620324,646.4751371186522,-0.016527609152477234,0.1236715634743204,646.4751378905631,117.33333333333333,0.6477424058695658
DynamicPressureSensor,Looped,P1,Longitudinal Crack,0.18 LPS,,5,LO_LC_0.18 LPS_P1,0.027308727035924393,639.8096534269471,-0.027815592459885914,0.1790886873458981,639.8096540097506,235.0,0.6592772711141205
DynamicPressureSensor,Looped,P1,Longitudinal Crack,0.18 LPS,,6,LO_LC_0.18 LPS_P1,0.11503624647250052,635.7940924955051,-0.014716352622776003,0.1377332244986329,635.7941029024419,235.0,0.6321378684571566
DynamicPressureSensor,Looped,P1,Longitudinal Crack,0.18 LPS,,7,LO_LC_0.18 LPS_P1,-0.20031404309209483,631.222422912993,0.0032681774172556555,0.033838683282768844,631.2224546971261,235.0,0.623097239436813
DynamicPressureSensor,Looped,P1,Longitudinal Crack,0.18 LPS,,8,LO_LC_0.18 LPS_P1,-0.19445281893881883,639.808115694229,0.003111388937443728,0.036949282434585395,639.8081452436337,235.0,0.6132147902207028
DynamicPressureSensor,Looped,P1,Longitudinal Crack,0.18 LPS,,9,LO_LC_0.18 LPS_P1,0.07094348233147971,652.5097220441551,-0.011083276577477173,0.06527690266745045,652.5097259007856,235.0,0.6145619417413127
DynamicPressureSensor,Looped,P2,Longitudinal Crack,0.18 LPS,,0,LO_LC_0.18 LPS_P2,-0.24918685057976434,73.9331085569802,-0.06101340066825796,-0.018901510632041596,73.93352849002082,23.0,1.0771843837705883
DynamicPressureSensor,Looped,P2,Longitudinal Crack,0.18 LPS,,1,LO_LC_0.18 LPS_P2,-0.09873653266923146,73.30759367866979,-0.04159562774479192,-0.01230344634847702,73.30766017177079,23.666666666666664,1.0156155425634956
DynamicPressureSensor,Looped,P2,Longitudinal Crack,0.18 LPS,,2,LO_LC_0.18 LPS_P2,0.252151496516066,65.57870647342482,-0.1014593982388106,-0.12132062904478236,65.57919123551926,23.666666666666664,1.276282669450601
DynamicPressureSensor,Looped,P2,Longitudinal Crack,0.18 LPS,,3,LO_LC_0.18 LPS_P2,0.10474620748991109,62.52368657413565,-0.0401204715785162,-0.008002910070684432,62.52377431496545,23.666666666666664,1.0202903604429734
DynamicPressureSensor,Looped,P2,Longitudinal Crack,0.18 LPS,,4,LO_LC_0.18 LPS_P2,-0.049032939579767836,61.05948208343734,-0.046818555615831446,0.05627126725431664,61.05950177103289,23.666666666666664,1.0327385445553396
DynamicPressureSensor,Looped,P2,Longitudinal Crack,0.18 LPS,,5,LO_LC_0.18 LPS_P2,-0.2619288875615327,72.69532512352323,-0.011668499735589508,0.05109381066258223,72.69579700063056,23.0,0.9430721410314183
DynamicPressureSensor,Looped,P2,Longitudinal Crack,0.18 LPS,,6,LO_LC_0.18 LPS_P2,0.04814924490889837,72.03604488169117,-0.04478088775701739,0.008996780503260915,72.03606097328482,23.333333333333332,1.0289477490672376
DynamicPressureSensor,Looped,P2,Longitudinal Crack,0.18 LPS,,7,LO_LC_0.18 LPS_P2,0.22428344864716981,59.35966087538321,-0.11583471720533144,-0.13684635924545452,59.36008458809537,23.333333333333332,1.3526021312508238
DynamicPressureSensor,Looped,P2,Longitudinal Crack,0.18 LPS,,8,LO_LC_0.18 LPS_P2,-0.08286987495731214,73.12329571938993,0.034344450773935095,-0.04074041135204487,73.12334267716106,23.666666666666664,0.9378454908704563
DynamicPressureSensor,Looped,P2,Longitudinal Crack,0.18 LPS,,9,LO_LC_0.18 LPS_P2,0.07332273711045234,74.83384177781204,0.009346060181016306,-0.10589693673954459,74.83387769887636,23.666666666666664,0.9376186752466353
DynamicPressureSensor,Looped,P1,Longitudinal Crack,0.47 LPS,,0,LO_LC_0.47 LPS_P1,9.442759692748918,1420.8092470005115,0.01489576452310974,-0.023958756069959897,1420.8406251486392,238.66666666666666,5.941575580588813
DynamicPressureSensor,Looped,P1,Longitudinal Crack,0.47 LPS,,1,LO_LC_0.47 LPS_P1,-0.6045912218920229,1417.3924761363464,0.003030303086424798,0.033223087932436446,1417.3926050810583,238.66666666666666,0.7587806153842551
DynamicPressureSensor,Looped,P1,Longitudinal Crack,0.47 LPS,,2,LO_LC_0.47 LPS_P1,-0.004661054057357887,1419.384951475368,-0.011647153689116294,0.030483276160411688,1419.3849514830213,234.0,0.7704383858850368
DynamicPressureSensor,Looped,P1,Longitudinal Crack,0.47 LPS,,3,LO_LC_0.47 LPS_P1,0.19912439277372224,1426.8275329918251,-0.008637468707383588,0.04910694606978261,1426.82754688647,231.0,0.7964515834908927
DynamicPressureSensor,Looped,P1,Longitudinal Crack,0.47 LPS,,4,LO_LC_0.47 LPS_P1,0.04162451297640781,1417.2048433279847,0.0026051406914995505,0.049066989925804716,1417.2048439392584,235.33333333333331,0.7426643194020917
DynamicPressureSensor,Looped,P1,Longitudinal Crack,0.47 LPS,,5,LO_LC_0.47 LPS_P1,-0.010109493341671463,1398.2797934085133,0.0007175948829525794,-0.0112669688257645,1398.2797934450589,233.66666666666666,0.7316268014577996
DynamicPressureSensor,Looped,P1,Longitudinal Crack,0.47 LPS,,6,LO_LC_0.47 LPS_P1,-0.035871017713004105,1379.3750830540018,-0.002460417193688989,0.008005729934967842,1379.3750835204196,233.66666666666666,0.711747143725159
DynamicPressureSensor,Looped,P1,Longitudinal Crack,0.47 LPS,,7,LO_LC_0.47 LPS_P1,-0.057368500346238895,1361.1069807662354,0.015056045436488233,0.01752595863500339,1361.1069819752313,232.0,0.6855283802697154
DynamicPressureSensor,Looped,P1,Longitudinal Crack,0.47 LPS,,8,LO_LC_0.47 LPS_P1,-0.1316226131623284,1381.3753768239244,0.021393724250798836,-0.002904157202062496,1381.3753830946719,234.0,0.7046259674305015
DynamicPressureSensor,Looped,P1,Longitudinal Crack,0.47 LPS,,9,LO_LC_0.47 LPS_P1,0.2929302473876882,1409.6682810713633,0.0016518885795789536,-0.0069256520021085954,1409.668311506938,233.66666666666666,0.7614100197356486
DynamicPressureSensor,Looped,P2,Longitudinal Crack,0.47 LPS,,0,LO_LC_0.47 LPS_P2,0.0778986482483481,80.12207468111382,0.08394266280996511,0.08727662319985541,80.12211254956635,68.66666666666666,1.0143240815777834
DynamicPressureSensor,Looped,P2,Longitudinal Crack,0.47 LPS,,1,LO_LC_0.47 LPS_P2,-0.09530436923301298,75.2777891701722,0.029803611478786088,-0.017289841221742375,75.2778494995154,66.66666666666666,0.913794635835052
DynamicPressureSensor,Looped,P2,Longitudinal Crack,0.47 LPS,,2,LO_LC_0.47 LPS_P2,-0.03329472340697958,78.13104751430797,-0.14411305861028328,-0.14274252363293227,78.13105460840558,67.0,1.4866093772944773
DynamicPressureSensor,Looped,P2,Longitudinal Crack,0.47 LPS,,3,LO_LC_0.47 LPS_P2,0.13839431165770694,74.87315683687049,-0.13831531839793035,0.09176904555382048,74.873284739646,23.333333333333332,1.464299059376989
DynamicPressureSensor,Looped,P2,Longitudinal Crack,0.47 LPS,,4,LO_LC_0.47 LPS_P2,-0.11611762297782718,68.75912953286824,-0.014048442580185297,-0.015187589439162874,68.75922758015918,67.66666666666666,0.9369201050113692
DynamicPressureSensor,Looped,P2,Longitudinal Crack,0.47 LPS,,5,LO_LC_0.47 LPS_P2,-0.1543115526073685,75.67546384452501,0.03881226987466368,-0.10383759747534826,75.67562117445273,68.0,0.9416236207885655
DynamicPressureSensor,Looped,P2,Longitudinal Crack,0.47 LPS,,6,LO_LC_0.47 LPS_P2,0.04021267415828033,74.26048366215085,0.04972687060613698,-0.06793057206334296,74.26049454990005,68.33333333333333,0.9472128255414483
DynamicPressureSensor,Looped,P2,Longitudinal Crack,0.47 LPS,,7,LO_LC_0.47 LPS_P2,-0.1252046795543916,73.00010187585708,-0.03426127073627157,0.0236516716134747,73.00020924694185,23.333333333333332,0.9903690761113608
DynamicPressureSensor,Looped,P2,Longitudinal Crack,0.47 LPS,,8,LO_LC_0.47 LPS_P2,-0.12434119526590194,76.14590910251628,-0.035951217112642354,0.1276664806537391,76.14601062289155,23.333333333333332,0.9830041558242277
DynamicPressureSensor,Looped,P2,Longitudinal Crack,0.47 LPS,,9,LO_LC_0.47 LPS_P2,0.04156263035311504,73.90431808426099,-0.07064476239094387,0.11662925999518681,73.90432977134606,69.66666666666666,1.0984596890336076
DynamicPressureSensor,Looped,P2,Longitudinal Crack,0.47 LPS,,10,LO_LC_0.47 LPS_P2,0.050763352796088575,69.37321098486471,-0.051363600148967105,0.08576222539379685,69.37322955772306,68.66666666666666,1.0279783633325403
DynamicPressureSensor,Looped,P1,Longitudinal Crack,ND,,0,LO_LC_ND_P1,-0.6827265847590013,262.16397204081477,-0.015932885857377864,0.3674100127753297,262.1648610165112,117.66666666666666,0.8261833111438893
DynamicPressureSensor,Looped,P1,Longitudinal Crack,ND,,1,LO_LC_ND_P1,0.053472159043130636,260.97051040524883,-0.03219033925004389,1.3234152277522986,260.9705158833999,117.66666666666666,0.7696841197894934
DynamicPressureSensor,Looped,P1,Longitudinal Crack,ND,,2,LO_LC_ND_P1,0.2467133765881763,251.56268132464788,-0.0489899380988949,2.255772724899776,251.5628023033941,117.66666666666666,0.903875911759268
DynamicPressureSensor,Looped,P1,Longitudinal Crack,ND,,3,LO_LC_ND_P1,-0.2033276454121763,259.47902618172805,-0.04567860274367541,1.1373021653645408,259.4791058454404,117.66666666666666,0.8167694825893262
DynamicPressureSensor,Looped,P1,Longitudinal Crack,ND,,4,LO_LC_ND_P1,-0.08838114768536817,267.5165093253276,0.01030586176082874,0.24670270464298527,267.5165239248509,117.66666666666666,0.7373101901246656
DynamicPressureSensor,Looped,P1,Longitudinal Crack,ND,,5,LO_LC_ND_P1,0.08968885407102031,259.9912423530591,0.04027279395515029,0.03957117688296474,259.99125782298455,117.66666666666666,0.7917427956417538
DynamicPressureSensor,Looped,P1,Longitudinal Crack,ND,,6,LO_LC_ND_P1,-0.0022577257004772378,255.41005366981904,-0.003886660405080465,0.025153415772736665,255.41005367979776,117.66666666666666,0.7906308502856338
DynamicPressureSensor,Looped,P1,Longitudinal Crack,ND,,7,LO_LC_ND_P1,0.00482517414464084,256.67338123308076,0.04391555375163486,0.1710533267117591,256.6733812784347,117.66666666666666,0.781106017519745
DynamicPressureSensor,Looped,P1,Longitudinal Crack,ND,,8,LO_LC_ND_P1,0.020358268663485952,255.61294254472597,0.031058663462177526,0.08982518573424869,255.61294335544216,117.66666666666666,0.7754234359671551
DynamicPressureSensor,Looped,P1,Longitudinal Crack,ND,,9,LO_LC_ND_P1,0.06409888454787298,250.408084303941,-0.025692145955957115,-0.057998124387641514,250.40809250788325,117.66666666666666,0.8504849527569821
DynamicPressureSensor,Looped,P1,Longitudinal Crack,ND,,10,LO_LC_ND_P1,-0.03289908835957142,249.3578131947201,0.019701755496997524,-0.05837989076545247,249.35781536499502,117.66666666666666,0.7966931809393184
DynamicPressureSensor,Looped,P2,Longitudinal Crack,ND,,0,LO_LC_ND_P2,0.2964314044425607,60.961330992100144,-0.13933085823442734,-0.01718076793447798,60.96205170354694,24.0,1.4681187829362037
DynamicPressureSensor,Looped,P2,Longitudinal Crack,ND,,1,LO_LC_ND_P2,0.20642284919081477,61.389812566413106,-0.14817805063765258,-0.07445337305031119,61.39015961318231,24.0,1.5276187013004743
DynamicPressureSensor,Looped,P2,Longitudinal Crack,ND,,2,LO_LC_ND_P2,-0.10802303519318106,59.46146671562551,0.06895920881479432,-0.000666695585279431,59.46156483771322,24.0,1.0086689053358229
DynamicPressureSensor,Looped,P2,Longitudinal Crack,ND,,3,LO_LC_ND_P2,-0.036325143163101606,59.00431814443324,0.1542446403334021,0.3961654843642419,59.00432932595302,50.33333333333333,1.3161028983128216
DynamicPressureSensor,Looped,P2,Longitudinal Crack,ND,,4,LO_LC_ND_P2,0.060890040112617075,59.231281689189814,0.04083974646478101,0.16732046730474304,59.231312986807374,48.666666666666664,0.9081725096627682
DynamicPressureSensor,Looped,P2,Longitudinal Crack,ND,,5,LO_LC_ND_P2,-0.17464985544128542,56.214046414188516,0.010930225579180185,-0.15491369965064106,56.21431772092006,49.33333333333333,0.9447665250584563
DynamicPressureSensor,Looped,P2,Longitudinal Crack,ND,,6,LO_LC_ND_P2,-0.16854632481970216,62.320286196976596,0.008831737538596073,0.3374818972149858,62.32051411482966,23.333333333333332,0.8896437675869955
DynamicPressureSensor,Looped,P2,Longitudinal Crack,ND,,7,LO_LC_ND_P2,0.26686093376756337,62.76179709871267,-0.010606001545767324,0.32475095994523384,62.76236443775799,23.333333333333332,0.916782343497486
DynamicPressureSensor,Looped,P2,Longitudinal Crack,ND,,8,LO_LC_ND_P2,0.016860012792954085,60.27618047068729,-0.02355778336814138,-0.21452446940921055,60.27618282866703,25.0,0.9998183161112517
DynamicPressureSensor,Looped,P2,Longitudinal Crack,ND,,9,LO_LC_ND_P2,0.051179322625737524,64.14624237063872,-0.0037655136999877534,0.03965645893340186,64.14626278744373,24.666666666666664,0.9338955824418674
DynamicPressureSensor,Looped,P2,Longitudinal Crack,ND,,10,LO_LC_ND_P2,0.018728354966728488,68.57928593045565,-0.02610263105536529,-0.1232763233873233,68.579288487724,24.333333333333332,0.9909842122154385
DynamicPressureSensor,Looped,P1,Longitudinal Crack,Transient,,0,LO_LC_Transient_P1,4.832868093734384,1588.474488247828,0.025064912237398432,0.028398289304376156,1588.481840131706,2001.6666666666665,9.09337790156004
DynamicPressureSensor,Looped,P1,Longitudinal Crack,Transient,,1,LO_LC_Transient_P1,-0.39327123392943625,1616.4166181586143,0.02259093844236363,0.033556920818829994,1616.4166659997027,1950.3333333333333,8.468392027396483
DynamicPressureSensor,Looped,P1,Longitudinal Crack,Transient,,2,LO_LC_Transient_P1,0.21643178582972283,1595.1026976186913,0.028447074919243646,0.03878068162263437,1595.1027123019833,1971.6666666666665,8.595723968155566
DynamicPressureSensor,Looped,P1,Longitudinal Crack,Transient,,3,LO_LC_Transient_P1,0.29880134048502116,1583.5129089600034,-0.0021057987568867758,0.03519852552743341,1583.5129371511978,1942.6666666666665,8.445713019325753
DynamicPressureSensor,Looped,P1,Longitudinal Crack,Transient,,4,LO_LC_Transient_P1,-0.16272864255554575,1600.9388832139448,-0.017616319884946132,0.05673952988267672,1600.9388914842827,2024.6666666666665,8.871846225156814
DynamicPressureSensor,Looped,P1,Longitudinal Crack,Transient,,5,LO_LC_Transient_P1,-0.09664583150073658,1603.587251332277,0.004492387275232791,0.07857614548614356,1603.5872542446275,239.0,0.9517892885362373
DynamicPressureSensor,Looped,P1,Longitudinal Crack,Transient,,6,LO_LC_Transient_P1,0.023782753596689094,1621.1716577194416,-0.017759553228181024,4.955579421236042,1621.1716578938892,86.0,2.1736850145599216
DynamicPressureSensor,Looped,P1,Longitudinal Crack,Transient,,7,LO_LC_Transient_P1,-0.16852745872113997,1168.4654990396416,-0.04839320475099709,20.99764662558574,1168.4655111929762,86.0,5.757928298234392
DynamicPressureSensor,Looped,P1,Longitudinal Crack,Transient,,8,LO_LC_Transient_P1,0.13421206623059082,231.8863887955393,0.04430688458057899,0.2924806788606671,231.88642763541537,117.66666666666666,0.7866889388307753
DynamicPressureSensor,Looped,P1,Longitudinal Crack,Transient,,9,LO_LC_Transient_P1,0.3006871341214383,250.87239562504544,0.033599333126138504,-0.03519505085370689,250.87257582167473,117.66666666666666,0.8091853271889446
DynamicPressureSensor,Looped,P1,Longitudinal Crack,Transient,,10,LO_LC_Transient_P1,-0.07913840038474329,250.8282502043776,-0.026689264249060443,0.011184306155825219,250.82826268878927,117.66666666666666,0.8415357664793017
DynamicPressureSensor,Looped,P2,Longitudinal Crack,Transient,,0,LO_LC_Transient_P2,0.3697001014701821,74.35083106726461,0.017712677828003592,0.014642951221430778,74.35175020507552,68.33333333333333,0.9219886031620852
DynamicPressureSensor,Looped,P2,Longitudinal Crack,Transient,,1,LO_LC_Transient_P2,-0.15619779597805794,80.99930653186188,-0.01943346763121577,0.05533791996823467,80.99945713641537,24.0,0.9473684774378166
DynamicPressureSensor,Looped,P2,Longitudinal Crack,Transient,,2,LO_LC_Transient_P2,-0.24539200116198795,77.16087445145475,0.021362078727268027,0.21310070948806725,77.1612646562211,24.333333333333332,0.9010167828431553
DynamicPressureSensor,Looped,P2,Longitudinal Crack,Transient,,3,LO_LC_Transient_P2,0.016058678634275906,69.61873308162723,0.029496895838598873,-0.055368718013323104,69.61873493372323,23.333333333333332,0.9361771672816593
DynamicPressureSensor,Looped,P2,Longitudinal Crack,Transient,,4,LO_LC_Transient_P2,-0.09118135559210762,71.26680842535089,-0.02919074531062334,-0.018760975063809138,71.26686675570403,23.333333333333332,0.9836196626937671
DynamicPressureSensor,Looped,P2,Longitudinal Crack,Transient,,5,LO_LC_Transient_P2,0.18209622489774124,122.48617058089435,0.39810198879405,9.478470258245572,122.48630593910109,24.0,3.2378033434302322
DynamicPressureSensor,Looped,P2,Longitudinal Crack,Transient,,6,LO_LC_Transient_P2,0.13898775169632482,117.49258598430393,0.4641543065425495,11.565228091063718,117.49266819199475,24.666666666666664,3.8844205749644716
DynamicPressureSensor,Looped,P2,Longitudinal Crack,Transient,,7,LO_LC_Transient_P2,-0.1856435176549491,55.421987365281105,0.09136130768705444,-0.17583880781550443,55.42229828357018,24.333333333333332,1.1219849186246231
DynamicPressureSensor,Looped,P2,Longitudinal Crack,Transient,,8,LO_LC_Transient_P2,-0.14262447980643672,59.953493086011974,-0.09711045775400448,-0.12155248134580843,59.95366273178583,24.666666666666664,1.248868941153299
DynamicPressureSensor,Looped,P2,Longitudinal Crack,Transient,,9,LO_LC_Transient_P2,0.15892020287713146,62.70761444031998,-0.12362865816382226,-0.24106229838730409,62.70781581610628,24.666666666666664,1.4016868650372796
DynamicPressureSensor,Looped,P2,Longitudinal Crack,Transient,,10,LO_LC_Transient_P2,0.08561627670019478,61.22978297126816,0.04348913132314048,-0.0018283282296311931,61.22984282892971,24.666666666666664,0.9471965961598481
DynamicPressureSensor,Looped,P1,No Leak,0.18 LPS,,0,LO_NL_0.18 LPS_P1,0.3252778862708439,925.7060524706137,-0.002774032198087299,0.012953766446857529,925.7061096192624,233.0,0.44758140564617105
DynamicPressureSensor,Looped,P1,No Leak,0.18 LPS,,1,LO_NL_0.18 LPS_P1,0.11397746690382883,917.2765687255361,0.0049565892387333785,0.0011509212444038575,917.2765758067497,230.33333333333331,0.41486656176882886
DynamicPressureSensor,Looped,P1,No Leak,0.18 LPS,,2,LO_NL_0.18 LPS_P1,0.011833676354967532,911.764739741044,-0.010232296974489297,0.02216639316918112,911.7647398178378,227.66666666666666,0.44142146825161344
DynamicPressureSensor,Looped,P1,No Leak,0.18 LPS,,3,LO_NL_0.18 LPS_P1,-0.17355279505439333,923.7448771199687,-0.0012026163948659367,0.09099231492100479,923.7448934234812,235.33333333333331,0.4020128349494394
DynamicPressureSensor,Looped,P1,No Leak,0.18 LPS,,4,LO_NL_0.18 LPS_P1,-0.31673551600518235,922.4245923127231,0.019600587147375958,0.10076610385757823,922.4246466919022,235.0,0.40594743304544456
DynamicPressureSensor,Looped,P1,No Leak,0.18 LPS,,5,LO_NL_0.18 LPS_P1,0.03701455860594805,901.0773514043191,0.012147624641080568,0.08781880471392789,901.0773521645633,228.0,0.3919091016644629
DynamicPressureSensor,Looped,P1,No Leak,0.18 LPS,,6,LO_NL_0.18 LPS_P1,0.2737537898899716,904.2716200417251,-0.010499233422357774,0.06484043229906611,904.2716614790179,226.33333333333331,0.4602264559202086
DynamicPressureSensor,Looped,P1,No Leak,0.18 LPS,,7,LO_NL_0.18 LPS_P1,0.14030024536146718,908.3067812323919,-0.03865954237500856,0.02082334101602923,908.3067920680254,229.33333333333331,0.5692148840084574
DynamicPressureSensor,Looped,P1,No Leak,0.18 LPS,,8,LO_NL_0.18 LPS_P1,-0.06742529712761268,911.8940295708983,-0.012842101787270202,0.0033023010072152914,911.894032063606,226.33333333333331,0.451629926182767
DynamicPressureSensor,Looped,P1,No Leak,0.18 LPS,,9,LO_NL_0.18 LPS_P1,-0.1781783306927315,916.9107093080232,0.01172256950049962,-0.04361312771744741,916.9107266202418,228.0,0.42098686181122386
DynamicPressureSensor,Looped,P2,No Leak,0.18 LPS,,0,LO_NL_0.18 LPS_P2,0.02938364569600007,61.81034339153686,-0.113321378087938,0.19459007644253878,61.81035037579336,24.666666666666664,1.322612942608294
DynamicPressureSensor,Looped,P2,No Leak,0.18 LPS,,1,LO_NL_0.18 LPS_P2,-0.09978333335923435,68.3789452320912,-0.17363872747750894,0.04147635956190321,68.37901803745754,24.666666666666664,1.666593864372606
DynamicPressureSensor,Looped,P2,No Leak,0.18 LPS,,2,LO_NL_0.18 LPS_P2,0.0556848728010473,64.75973060555263,-0.1251870266004634,-0.03859331016764056,64.759754546391,24.333333333333332,1.3985496005049936
DynamicPressureSensor,Looped,P2,No Leak,0.18 LPS,,3,LO_NL_0.18 LPS_P2,0.01909968193405941,58.810393873372014,-0.045876906567345395,-0.08223366876496474,58.810396974846235,24.333333333333332,1.045910340602476
DynamicPressureSensor,Looped,P2,No Leak,0.18 LPS,,4,LO_NL_0.18 LPS_P2,0.12073549688474614,60.70988685088067,-0.09342659942031332,0.043083124570016285,60.71000690583836,24.666666666666664,1.2303034992079793
DynamicPressureSensor,Looped,P2,No Leak,0.18 LPS,,5,LO_NL_0.18 LPS_P2,0.08752858258639151,61.14466609880888,-0.024872082355862756,-0.08378322299860308,61.144728747354804,25.0,0.9872760076060494
DynamicPressureSensor,Looped,P2,No Leak,0.18 LPS,,6,LO_NL_0.18 LPS_P2,-0.0927818137081443,63.46527193528695,-0.06263612637828869,-0.10267973468974523,63.46533975553016,68.0,1.087198615113603
DynamicPressureSensor,Looped,P2,No Leak,0.18 LPS,,7,LO_NL_0.18 LPS_P2,-0.32634778177836166,63.549307762541595,-0.0732369059392352,-0.11519048977474933,63.55014571165751,24.666666666666664,1.136421466753045
DynamicPressureSensor,Looped,P2,No Leak,0.18 LPS,,8,LO_NL_0.18 LPS_P2,0.0672027356113909,62.975089403401306,0.06187458183233796,-0.1369098867117784,62.97512526048726,25.0,1.0015908134791691
DynamicPressureSensor,Looped,P2,No Leak,0.18 LPS,,9,LO_NL_0.18 LPS_P2,0.4073646108485193,66.06479012152434,0.0734512982964076,-0.1790817273609524,66.06604604278382,24.666666666666664,1.0774347811169995
DynamicPressureSensor,Looped,P2,No Leak,0.18 LPS,,10,LO_NL_0.18 LPS_P2,0.039625784735784216,66.23082558550401,-0.019485163810863328,-0.2608731696472679,66.23083743952108,25.0,0.9949084156530608
DynamicPressureSensor,Looped,P1,No Leak,0.47 LPS,,0,LO_NL_0.47 LPS_P1,-10.02572922977523,2258.895645224409,-0.0008864447408715964,-0.037651976782400176,2258.9178938731675,234.33333333333331,7.0739769817358535
DynamicPressureSensor,Looped,P1,No Leak,0.47 LPS,,1,LO_NL_0.47 LPS_P1,0.1692274073888862,2274.2006805522046,0.02139948494969586,0.008011429119082702,2274.2006868484636,242.33333333333331,1.8378801024977827
DynamicPressureSensor,Looped,P1,No Leak,0.47 LPS,,2,LO_NL_0.47 LPS_P1,0.505312834584083,2236.5546701981134,0.022224349497995295,0.023071722531584182,2236.5547272816852,234.66666666666666,1.8369974125691868
DynamicPressureSensor,Looped,P1,No Leak,0.47 LPS,,3,LO_NL_0.47 LPS_P1,-0.8989447719624812,2201.0761341576945,-0.00977929181782838,-0.03749102395382797,2201.076317727371,228.66666666666666,1.8244583920976474
DynamicPressureSensor,Looped,P1,No Leak,0.47 LPS,,4,LO_NL_0.47 LPS_P1,-0.12699714363790274,2182.5394928637565,-0.018262168618274316,0.03174318766251405,2182.539496558598,242.0,1.7260041574582583
DynamicPressureSensor,Looped,P1,No Leak,0.47 LPS,,5,LO_NL_0.47 LPS_P1,1.2252161069634007,2209.6196843395765,0.012355615737046313,0.018447604420342323,2209.6200240257235,1860.0,7.344351262393672
DynamicPressureSensor,Looped,P1,No Leak,0.47 LPS,,6,LO_NL_0.47 LPS_P1,-0.6266498481549532,2234.202446235793,0.019536178598850762,-0.06557981836473337,2234.2025341172707,1851.0,7.286238229083535
DynamicPressureSensor,Looped,P1,No Leak,0.47 LPS,,7,LO_NL_0.47 LPS_P1,-0.3281111796529638,2222.75729845551,-0.003346273715736688,-0.07769318414360171,2222.7573226724917,226.66666666666666,1.8372010466316835
DynamicPressureSensor,Looped,P1,No Leak,0.47 LPS,,8,LO_NL_0.47 LPS_P1,0.9032005592095615,2220.4641482206184,-0.0011250427131321728,-0.021614026544251708,2220.4643319144684,233.33333333333331,1.8605820135337248
DynamicPressureSensor,Looped,P1,No Leak,0.47 LPS,,9,LO_NL_0.47 LPS_P1,0.21499363749012276,2256.278067384528,0.012522180149679452,0.00663081950843214,2256.2780776275617,233.33333333333331,1.8556979110750942
DynamicPressureSensor,Looped,P2,No Leak,0.47 LPS,,0,LO_NL_0.47 LPS_P2,0.22052719069525575,76.92121697319456,0.034847949622897695,-0.062355257121056606,76.92153308976044,66.33333333333333,0.9259863306113499
DynamicPressureSensor,Looped,P2,No Leak,0.47 LPS,,1,LO_NL_0.47 LPS_P2,0.13421763937095846,73.16419833071804,0.006695126538559847,0.04904852783461777,73.16432143983405,25.0,0.9189542578502152
DynamicPressureSensor,Looped,P2,No Leak,0.47 LPS,,2,LO_NL_0.47 LPS_P2,-0.01784051154601206,71.78305622439649,-0.0038367087765092964,0.051931517544969275,71.78305844138099,67.33333333333333,0.9114944103604883
DynamicPressureSensor,Looped,P2,No Leak,0.47 LPS,,3,LO_NL_0.47 LPS_P2,-0.21903343006833922,74.49868372524118,-0.04300530405146688,-0.10368060754157904,74.49900571441879,67.33333333333333,1.0111431386495684
DynamicPressureSensor,Looped,P2,No Leak,0.47 LPS,,4,LO_NL_0.47 LPS_P2,-0.011171501508444,78.84267163052591,0.006555551640515222,-0.08577867119578775,78.84267242199101,49.0,0.9159079943535148
DynamicPressureSensor,Looped,P2,No Leak,0.47 LPS,,5,LO_NL_0.47 LPS_P2,0.3141466961290256,79.01061536625939,0.030024858077260397,-0.0837005738442329,79.01123988839609,48.0,0.9301029062142511
DynamicPressureSensor,Looped,P2,No Leak,0.47 LPS,,6,LO_NL_0.47 LPS_P2,0.04340572419124323,73.41101785930144,-0.0887428634832663,-0.0690412784215324,73.4110306915491,24.333333333333332,1.2111112043157746
DynamicPressureSensor,Looped,P2,No Leak,0.47 LPS,,7,LO_NL_0.47 LPS_P2,-0.18860068374017214,76.74785610001786,0.0388254613853451,-0.08746469709780857,76.74808783394512,23.666666666666664,0.9549771404923595
DynamicPressureSensor,Looped,P2,No Leak,0.47 LPS,,8,LO_NL_0.47 LPS_P2,0.020013492043724348,79.47403783928877,0.12383144752033227,-0.015056380004031311,79.4740403592303,24.333333333333332,1.207191664139988
DynamicPressureSensor,Looped,P2,No Leak,0.47 LPS,,9,LO_NL_0.47 LPS_P2,-0.012586484635640289,73.04288255998591,0.0395039514841802,0.15520192031363012,73.04288364441459,24.0,0.9152611465073179
DynamicPressureSensor,Looped,P1,No Leak,ND,,0,LO_NL_ND_P1,0.23259094540877992,118.31324093972054,9.206679959280297e-06,0.5920927089992043,118.31346956373247,117.66666666666666,0.8581753371881878
DynamicPressureSensor,Looped,P1,No Leak,ND,,1,LO_NL_ND_P1,0.036536056764918536,112.36879162781355,-0.010811764411252669,0.2574662275006623,112.3687975675562,117.66666666666666,0.9082149863543766
DynamicPressureSensor,Looped,P1,No Leak,ND,,2,LO_NL_ND_P1,0.027660575004577227,121.23341647222821,-0.01669304493159968,0.8203378555796812,121.23341962774185,117.66666666666666,0.8617347386395322
DynamicPressureSensor,Looped,P1,No Leak,ND,,3,LO_NL_ND_P1,-0.056501461185611036,126.14142860218355,3.089723396362527e-06,0.6240540930090743,126.14144125629328,117.66666666666666,0.8403074145852399
DynamicPressureSensor,Looped,P1,No Leak,ND,,4,LO_NL_ND_P1,-0.07840987624737661,137.93249074118623,0.011534843372989188,0.7017790240291575,137.93251302784316,84.0,0.7769689834534762
DynamicPressureSensor,Looped,P1,No Leak,ND,,5,LO_NL_ND_P1,0.08808243743378132,146.08127103782297,0.015120688102722647,1.5147954377532677,146.08129759329796,440.3333333333333,2.0835619694541863
DynamicPressureSensor,Looped,P1,No Leak,ND,,6,LO_NL_ND_P1,0.04240541642378795,134.92251140935286,0.022133900190687915,1.4433555457776235,134.92251807324934,440.66666666666663,2.101461856583962
DynamicPressureSensor,Looped,P1,No Leak,ND,,7,LO_NL_ND_P1,-0.13960571901588814,133.21652706978628,0.04458070465917754,0.47264602361924135,133.21660022043756,440.66666666666663,2.161713923288218
DynamicPressureSensor,Looped,P1,No Leak,ND,,8,LO_NL_ND_P1,0.04259934067066428,163.08902649983816,-0.03985061566457963,1.5173734548096656,163.08903206337553,84.0,0.859775757474145
DynamicPressureSensor,Looped,P1,No Leak,ND,,9,LO_NL_ND_P1,0.2513986683940318,163.62477821745986,-0.06164698657333205,1.5969218001380048,163.62497134607358,85.0,0.9695929545749462
DynamicPressureSensor,Looped,P1,No Leak,ND,,10,LO_NL_ND_P1,-0.09490151308166768,161.54355507828475,-0.15795869380757632,2.442349530126574,161.5435829540375,81.33333333333333,1.5691966939884197
DynamicPressureSensor,Looped,P2,No Leak,ND,,0,LO_NL_ND_P2,-0.03703824498620179,12.861119541739711,0.11881356832410074,11.68408859838695,12.861172874139854,117.66666666666666,2.7964508494901668
DynamicPressureSensor,Looped,P2,No Leak,ND,,1,LO_NL_ND_P2,0.015453190638053428,12.997876173694289,0.11368634613284542,11.136467127334981,12.997885359849525,117.66666666666666,2.6613428639049306
DynamicPressureSensor,Looped,P2,No Leak,ND,,2,LO_NL_ND_P2,0.00596017843695684,10.692468526857075,-0.014693971805202837,1.5163329471446456,10.692470188013438,117.66666666666666,0.9491521140805752
DynamicPressureSensor,Looped,P2,No Leak,ND,,3,LO_NL_ND_P2,-0.004504380757430462,13.109595686115442,0.009231820143629364,6.483406559058478,13.109596459954922,117.66666666666666,1.57530056195015
DynamicPressureSensor,Looped,P2,No Leak,ND,,4,LO_NL_ND_P2,0.0004232079547325318,17.747204058267087,-0.017098823573108764,5.689901339305138,17.74720406331309,117.66666666666666,1.4572221917052253
DynamicPressureSensor,Looped,P2,No Leak,ND,,5,LO_NL_ND_P2,-0.019627202670849327,19.44775363343914,0.016114604412210125,3.9214750569701353,19.447763537590383,117.66666666666666,1.0626941870075979
DynamicPressureSensor,Looped,P2,No Leak,ND,,6,LO_NL_ND_P2,-0.011709090693718425,17.578261009744296,0.11468047317976605,5.61642190418252,17.578264909526805,117.66666666666666,1.4229047804862176
DynamicPressureSensor,Looped,P2,No Leak,ND,,7,LO_NL_ND_P2,0.007639064257041208,14.24314199764042,0.12928108933976032,8.74278976393207,14.243144046180639,117.66666666666666,2.0994737457638313
DynamicPressureSensor,Looped,P2,No Leak,ND,,8,LO_NL_ND_P2,-0.005874335516667371,17.90348494442146,-0.0387798643338522,5.459976854992238,17.90348590813933,117.66666666666666,1.4734853833147172
DynamicPressureSensor,Looped,P2,No Leak,ND,,9,LO_NL_ND_P2,0.02537828034085214,26.68091560568844,-0.06824822205917011,6.494246695473832,26.68092767530736,78.0,1.7746015543751177
DynamicPressureSensor,Looped,P1,No Leak,Transient,,0,LO_NL_Transient_P1,8.103167816001978,2213.2495764970117,-0.015430365658848208,-0.023039390220678246,2213.2644101401115,229.0,4.03471449366879
DynamicPressureSensor,Looped,P1,No Leak,Transient,,1,LO_NL_Transient_P1,0.7087798043506397,2225.2269330110453,-0.011547219774159245,-0.012621428739249207,2225.227045891397,235.66666666666666,1.8475944686119368
DynamicPressureSensor,Looped,P1,No Leak,Transient,,2,LO_NL_Transient_P1,-0.9992594778438403,2202.729981148329,0.0017077051901016463,-0.014864490049920409,2202.7302078033117,235.66666666666666,1.7998972059987017
DynamicPressureSensor,Looped,P1,No Leak,Transient,,3,LO_NL_Transient_P1,-0.02496959428014918,2209.7795348800037,0.006855496630424754,-0.005230279727177933,2209.7795350210768,234.66666666666666,1.7807016530743494
DynamicPressureSensor,Looped,P1,No Leak,Transient,,4,LO_NL_Transient_P1,0.3935160086100152,2245.6938057284574,-0.02188394922563224,-0.025983736551637104,2245.693840206632,231.0,1.8838541353867932
DynamicPressureSensor,Looped,P1,No Leak,Transient,,5,LO_NL_Transient_P1,0.021109503468477727,2227.7310988108015,-0.023281495734269724,-0.043472891510935696,2227.7310989108164,230.33333333333331,1.8474004323757878
DynamicPressureSensor,Looped,P1,No Leak,Transient,,6,LO_NL_Transient_P1,0.370672046271779,1839.0425935696564,-0.005096375829885008,1.275302035109707,1839.0426309254426,230.33333333333331,1.3614471492207059
DynamicPressureSensor,Looped,P1,No Leak,Transient,,7,LO_NL_Transient_P1,-0.26514982878356164,974.1967192435937,-0.0942254417465813,11.961627298910512,974.1967553268761,43.666666666666664,3.4694022020488124
DynamicPressureSensor,Looped,P1,No Leak,Transient,,8,LO_NL_Transient_P1,-0.16389304471795343,134.34117310924537,0.020288409063538293,0.2987012800782507,134.34127308202176,14.333333333333332,0.8760675707819934
DynamicPressureSensor,Looped,P1,No Leak,Transient,,9,LO_NL_Transient_P1,0.1827836669562311,130.09636448766125,0.03904631440470735,-0.05904628534507328,130.096492891912,437.3333333333333,2.1774229231816764
DynamicPressureSensor,Looped,P1,No Leak,Transient,,10,LO_NL_Transient_P1,-0.011188824625726249,131.86181643256768,-0.005379157676892896,0.5678613330309816,131.86181690726838,438.3333333333333,2.131657624026318
DynamicPressureSensor,Looped,P2,No Leak,Transient,,0,LO_NL_Transient_P2,-0.07674593507158411,77.08477561133434,-0.011346680395976224,-0.11418035577495012,77.08481381561685,23.666666666666664,0.9567465120658953
DynamicPressureSensor,Looped,P2,No Leak,Transient,,1,LO_NL_Transient_P2,-0.16094084940398065,74.09363407116939,0.03022517914871676,0.04160271756692957,74.09380886301741,46.666666666666664,0.910147268445851
DynamicPressureSensor,Looped,P2,No Leak,Transient,,2,LO_NL_Transient_P2,0.024924755559191946,71.58029087636248,-0.0010841597027417584,0.046544288100498044,71.58029521584905,66.0,0.9092390582334663
DynamicPressureSensor,Looped,P2,No Leak,Transient,,3,LO_NL_Transient_P2,0.1053342281480373,81.02223678923306,-0.053009428004633985,0.06092131092569897,81.02230525991082,24.666666666666664,1.0483215588219768
DynamicPressureSensor,Looped,P2,No Leak,Transient,,4,LO_NL_Transient_P2,-0.00012217206511971077,81.66929046188359,0.011321577611293277,0.019924720100004123,81.66929046197497,24.666666666666664,0.9152201617716043
DynamicPressureSensor,Looped,P2,No Leak,Transient,,5,LO_NL_Transient_P2,0.09059016545316623,111.62714750421672,0.8319353866137565,10.80072469106408,111.62718426309173,24.666666666666664,6.023450837109749
DynamicPressureSensor,Looped,P2,No Leak,Transient,,6,LO_NL_Transient_P2,0.0575427321455072,97.82402647742592,1.2111695820207187,19.82111157853512,97.82404340151835,25.333333333333332,9.222629370154154
DynamicPressureSensor,Looped,P2,No Leak,Transient,,7,LO_NL_Transient_P2,-0.09724864338156344,14.05962035813712,-0.32342052646896957,5.093233503929332,14.059956682493134,25.333333333333332,2.9760918113711017
DynamicPressureSensor,Looped,P2,No Leak,Transient,,8,LO_NL_Transient_P2,-0.004708271208684514,8.118055066943173,0.02462643849959431,-0.07455255016577045,8.1180564322835,117.66666666666666,1.0443163975340721
DynamicPressureSensor,Looped,P2,No Leak,Transient,,9,LO_NL_Transient_P2,-0.022820806805044766,11.976880615616235,-0.02682106023833357,27.689756379824587,11.976902357034858,117.66666666666666,7.208394066288283
DynamicPressureSensor,Looped,P2,No Leak,Transient,,10,LO_NL_Transient_P2,0.014793881058097421,16.26550231227025,0.021406416937575157,13.362065267878307,16.265509039971224,82.66666666666666,3.2794373515544435
DynamicPressureSensor,Looped,P1,Orifice Leak,0.18 LPS,,0,LO_OL_0.18 LPS_P1,2.2248595310846544,2928.357989570422,0.004859785995401777,-0.06732855532152815,2928.358834753838,176.0,3.200040678425381
DynamicPressureSensor,Looped,P1,Orifice Leak,0.18 LPS,,1,LO_OL_0.18 LPS_P1,0.3549625627952586,3007.0932927440194,0.0012778615504174526,-0.1434345113961739,3007.093313694221,705.0,1.6055374481525944
DynamicPressureSensor,Looped,P1,Orifice Leak,0.18 LPS,,2,LO_OL_0.18 LPS_P1,2.1860862494398905,2956.5384730027904,0.012286538744028111,-0.16276606338068156,2956.53928120679,705.0,1.81701005161068
DynamicPressureSensor,Looped,P1,Orifice Leak,0.18 LPS,,3,LO_OL_0.18 LPS_P1,-0.058933633544726166,2990.4303414434053,0.005305047305047558,-0.10441437572534973,2990.4303420241195,705.0,1.5840299770144906
DynamicPressureSensor,Looped,P1,Orifice Leak,0.18 LPS,,4,LO_OL_0.18 LPS_P1,1.350454860096604,3023.365727461316,0.007755416468700582,-0.10495945870003354,3023.366029066944,705.0,1.7124783113343003
DynamicPressureSensor,Looped,P1,Orifice Leak,0.18 LPS,,5,LO_OL_0.18 LPS_P1,-0.9879665314734818,2988.454315125202,-0.003132763649506727,-0.10102200316615617,2988.454478433344,705.0,1.6368163426757938
DynamicPressureSensor,Looped,P1,Orifice Leak,0.18 LPS,,6,LO_OL_0.18 LPS_P1,-1.420982944266276,2937.3161925089066,-0.01057540502764019,-0.0467199352545018,2937.316536222739,705.0,1.669081170192495
DynamicPressureSensor,Looped,P1,Orifice Leak,0.18 LPS,,7,LO_OL_0.18 LPS_P1,1.2983081857969208,2831.805232781235,0.012163693851411198,-0.07842108325286734,2831.80553040129,705.0,1.5937858476753561
DynamicPressureSensor,Looped,P1,Orifice Leak,0.18 LPS,,8,LO_OL_0.18 LPS_P1,2.339235013731426,2918.5199656220566,-0.001833471447177937,-0.09053261992259465,2918.5209030868737,705.0,1.8363670685025268
DynamicPressureSensor,Looped,P1,Orifice Leak,0.18 LPS,,9,LO_OL_0.18 LPS_P1,-0.6804931332015481,3020.987702740324,0.004808243576318467,-0.017083197313463305,3020.9877793826254,173.0,3.180023082379246
DynamicPressureSensor,Looped,P2,Orifice Leak,0.18 LPS,,0,LO_OL_0.18 LPS_P2,-0.0128226088810838,64.10559702482068,0.0031708063391066073,-0.18932854150623157,64.10559830723051,68.0,0.9442914218607015
DynamicPressureSensor,Looped,P2,Orifice Leak,0.18 LPS,,1,LO_OL_0.18 LPS_P2,0.037412139181268386,62.551869497989976,-0.00039100791643629026,-0.09594215831214781,62.55188068604913,68.66666666666666,0.935624824092372
DynamicPressureSensor,Looped,P2,Orifice Leak,0.18 LPS,,2,LO_OL_0.18 LPS_P2,0.026945322112159727,63.86001600100229,0.0013024843254663188,0.2364649293819392,63.860021685704524,68.66666666666666,0.8905465543688372
DynamicPressureSensor,Looped,P2,Orifice Leak,0.18 LPS,,3,LO_OL_0.18 LPS_P2,-0.041332221763607804,70.03969570986985,-0.017546745007643808,0.08203106333191101,70.03970790547115,69.0,0.931094674845856
DynamicPressureSensor,Looped,P2,Orifice Leak,0.18 LPS,,4,LO_OL_0.18 LPS_P2,-0.01281490064777787,67.60003165493748,-0.01793083368941159,-0.05192480432439517,67.60003286959429,67.0,0.949784592724721
DynamicPressureSensor,Looped,P2,Orifice Leak,0.18 LPS,,5,LO_OL_0.18 LPS_P2,-0.005682615179356615,59.08218036455448,-0.03227399604465855,-0.1367754528231777,59.082180637835826,67.0,0.9989315025789322
DynamicPressureSensor,Looped,P2,Orifice Leak,0.18 LPS,,6,LO_OL_0.18 LPS_P2,-0.12541059661073292,61.5075479002768,-0.07019137245031215,0.009348233294613983,61.50767575288946,49.0,1.1056939470528606
DynamicPressureSensor,Looped,P2,Orifice Leak,0.18 LPS,,7,LO_OL_0.18 LPS_P2,0.010852215602200286,59.69705210037489,-0.08791064986402482,0.09970980780389649,59.697053086776876,70.0,1.186216077103818
DynamicPressureSensor,Looped,P2,Orifice Leak,0.18 LPS,,8,LO_OL_0.18 LPS_P2,0.048782646334412226,59.416879263494806,-0.010875218226622074,-0.20131349859618997,59.416899289337735,49.0,0.9629854340103088
DynamicPressureSensor,Looped,P2,Orifice Leak,0.18 LPS,,9,LO_OL_0.18 LPS_P2,0.007966635100404998,62.54703130941037,-0.00015160015265157698,-0.30545260067272473,62.547031816766776,67.33333333333333,0.964820693035243
DynamicPressureSensor,Looped,P1,Orifice Leak,0.47 LPS,,0,LO_OL_0.47 LPS_P1,-17.664198625069826,3192.8172127123275,0.019394005063304014,-0.15066196211858696,3192.8660757546945,702.3333333333333,13.987577033921006
DynamicPressureSensor,Looped,P1,Orifice Leak,0.47 LPS,,1,LO_OL_0.47 LPS_P1,-0.1469606127400858,3195.711250981629,0.028854916391115454,-0.1242717432992988,3195.711254360755,702.3333333333333,1.7472750641119417
DynamicPressureSensor,Looped,P1,Orifice Leak,0.47 LPS,,2,LO_OL_0.47 LPS_P1,0.3948427255462684,3245.7493556278228,0.01148736064527921,-0.07507791039365186,3245.749379643968,702.3333333333333,1.7941553111794108
DynamicPressureSensor,Looped,P1,Orifice Leak,0.47 LPS,,3,LO_OL_0.47 LPS_P1,-1.5611283356110255,3193.986486763231,0.03461128758495983,-0.048953419976052626,3193.9868682804267,702.3333333333333,1.886736570867815
DynamicPressureSensor,Looped,P1,Orifice Leak,0.47 LPS,,4,LO_OL_0.47 LPS_P1,-0.7618995820731467,3211.653619344002,0.04526353932722806,-0.11293329509722394,3211.6537097166006,702.3333333333333,1.808525855230938
DynamicPressureSensor,Looped,P1,Orifice Leak,0.47 LPS,,5,LO_OL_0.47 LPS_P1,0.8070111225459986,3224.014184252546,0.023587917284312795,-0.12039957932526368,3224.014285255039,702.6666666666666,1.8038139032690625
DynamicPressureSensor,Looped,P1,Orifice Leak,0.47 LPS,,6,LO_OL_0.47 LPS_P1,0.7830433483208045,3241.1098909360517,-0.017975983618311882,-0.012194419655516153,3241.109985526624,702.6666666666666,1.8321069993502277
DynamicPressureSensor,Looped,P1,Orifice Leak,0.47 LPS,,7,LO_OL_0.47 LPS_P1,1.2892370681634462,3227.403748238861,0.0009059878271898277,-0.04983586858721756,3227.4040057418392,702.6666666666666,1.8620600135980028
DynamicPressureSensor,Looped,P1,Orifice Leak,0.47 LPS,,8,LO_OL_0.47 LPS_P1,-1.265662042410149,3283.0148049921445,0.03644852500479035,-0.11914582097874016,3283.0150489600273,702.6666666666666,1.9134234004426562
DynamicPressureSensor,Looped,P1,Orifice Leak,0.47 LPS,,9,LO_OL_0.47 LPS_P1,1.0495550636707536,3341.736096509612,0.03575634852032218,-0.08287226690999061,3341.7362613290015,702.3333333333333,1.9363869617975553
DynamicPressureSensor,Looped,P1,Orifice Leak,0.47 LPS,,10,LO_OL_0.47 LPS_P1,2.5855272247727217,3164.2374335436643,0.021989001612761364,-0.09863395655879126,3164.2384898724094,702.3333333333333,2.034528303699141
DynamicPressureSensor,Looped,P2,Orifice Leak,0.47 LPS,,0,LO_OL_0.47 LPS_P2,-0.07697444949752162,75.1993048833186,0.054324399604010726,-0.01896336369241336,75.19934427905726,48.666666666666664,0.9503772430946891
DynamicPressureSensor,Looped,P2,Orifice Leak,0.47 LPS,,1,LO_OL_0.47 LPS_P2,-0.052741886337172326,76.31820949888473,0.04240526031703611,-0.02513866572911594,76.31822772327875,69.0,0.9285858385772595
DynamicPressureSensor,Looped,P2,Orifice Leak,0.47 LPS,,2,LO_OL_0.47 LPS_P2,0.14758530296502564,71.55317844824444,0.003574145840939816,-0.06179553137434679,71.55333065251375,69.0,0.9220844436711597
DynamicPressureSensor,Looped,P2,Orifice Leak,0.47 LPS,,3,LO_OL_0.47 LPS_P2,-0.03179176964088629,73.50556929104987,-0.07020929864405488,0.11882746274465239,73.50557616615185,68.66666666666666,1.0939613766264689
DynamicPressureSensor,Looped,P2,Orifice Leak,0.47 LPS,,4,LO_OL_0.47 LPS_P2,-0.0016368113693735846,75.0176655133739,-0.04046386968456578,0.3258535598666503,75.0176655312307,68.66666666666666,0.9637866491189079
DynamicPressureSensor,Looped,P2,Orifice Leak,0.47 LPS,,5,LO_OL_0.47 LPS_P2,-0.0011652506140801223,72.46633108784083,0.04167952825199787,0.18574448007821687,72.46633109720938,67.66666666666666,0.8987385654373055
DynamicPressureSensor,Looped,P2,Orifice Leak,0.47 LPS,,6,LO_OL_0.47 LPS_P2,0.03352541717932457,72.90145158989888,0.04220700170567355,-0.17934079947794945,72.9014592986174,67.0,0.952081958498075
DynamicPressureSensor,Looped,P2,Orifice Leak,0.47 LPS,,7,LO_OL_0.47 LPS_P2,0.07384760783700002,74.917055520405,-0.008421202704762154,-0.15919549765455043,74.91709191710946,68.0,0.9438806810409794
DynamicPressureSensor,Looped,P2,Orifice Leak,0.47 LPS,,8,LO_OL_0.47 LPS_P2,0.08683886254955454,73.83059065803768,-0.10713561703874369,-0.12670039423541324,73.83064172755624,68.0,1.2901684007914933
DynamicPressureSensor,Looped,P2,Orifice Leak,0.47 LPS,,9,LO_OL_0.47 LPS_P2,-0.006212004413325675,74.61751169662203,-0.022018715423863997,-0.1301830666872119,74.61751195520073,66.66666666666666,0.9625074925845413
DynamicPressureSensor,Looped,P1,Orifice Leak,ND,,0,LO_OL_ND_P1,1.839738474587811,3882.433320293552,-0.039599632455494284,-0.09249378999805735,3882.4337561848065,706.6666666666666,2.609491274640041
DynamicPressureSensor,Looped,P1,Orifice Leak,ND,,1,LO_OL_ND_P1,-0.07457299549379987,3868.1495221057844,-0.028584688813140465,-0.08474915225890145,3868.1495228246204,706.6666666666666,2.432536805939943
DynamicPressureSensor,Looped,P1,Orifice Leak,ND,,2,LO_OL_ND_P1,0.04218178951567286,3866.0723435393147,0.013115579008516884,-0.07963117423317057,3866.0723437694323,706.6666666666666,2.4167786348795772
DynamicPressureSensor,Looped,P1,Orifice Leak,ND,,3,LO_OL_ND_P1,-0.43679643543577357,3966.2462194759,0.02365453247269843,-0.038600379495115966,3966.246243527751,706.6666666666666,2.5377180205155416
DynamicPressureSensor,Looped,P1,Orifice Leak,ND,,4,LO_OL_ND_P1,-0.9272268496877323,3969.809042061495,0.018619656607133137,-0.06974113743319688,3969.8091503475116,706.6666666666666,2.5596571872832623
DynamicPressureSensor,Looped,P1,Orifice Leak,ND,,5,LO_OL_ND_P1,-0.7150156908658768,3878.853869015498,0.04650040673039437,-0.10014865105389248,3878.8539349173666,706.6666666666666,2.462728010385446
DynamicPressureSensor,Looped,P1,Orifice Leak,ND,,6,LO_OL_ND_P1,-0.5195915315361734,3829.272314303559,0.04322146146041967,-0.10886665352792635,3829.2723495550817,706.6666666666666,2.395463658811681
DynamicPressureSensor,Looped,P1,Orifice Leak,ND,,7,LO_OL_ND_P1,3.0850304623331484,3879.7716407442817,-0.020851338035010464,-0.1486290715825982,3879.7728672870176,706.6666666666666,2.788858400905194
DynamicPressureSensor,Looped,P1,Orifice Leak,ND,,8,LO_OL_ND_P1,-1.3375443763781418,3947.189915028294,-0.07717784105055957,-0.1052305070529087,3947.190141648363,706.6666666666666,2.615371283287984
DynamicPressureSensor,Looped,P1,Orifice Leak,ND,,9,LO_OL_ND_P1,-1.9596875957951667,3848.5095009607567,-0.0825264976090742,-0.056267321212164045,3848.509999903948,706.6666666666666,2.580366976741267
DynamicPressureSensor,Looped,P1,Orifice Leak,ND,,10,LO_OL_ND_P1,8.27964284665436,3877.2096191795363,-0.0071678724428262215,-0.1360729338635216,3877.2184596104453,706.6666666666666,4.210214797171963
DynamicPressureSensor,Looped,P2,Orifice Leak,ND,,0,LO_OL_ND_P2,0.12079289420453695,53.62901380618645,0.007019843519261919,-0.1108175432451537,53.62914984173651,66.66666666666666,0.9397633695578065
DynamicPressureSensor,Looped,P2,Orifice Leak,ND,,1,LO_OL_ND_P2,0.09279440285461943,59.08816924182193,0.010402875679499265,-0.37613764515646775,59.08824210578101,67.66666666666666,0.973772967973011
DynamicPressureSensor,Looped,P2,Orifice Leak,ND,,2,LO_OL_ND_P2,-0.06789144809587251,60.92109880476659,0.04495728496561777,-0.18825320459527806,60.921136634413315,49.0,0.9671867520630932
DynamicPressureSensor,Looped,P2,Orifice Leak,ND,,3,LO_OL_ND_P2,-0.10435184062312501,57.016094635177886,0.06945774459430247,0.008102259040991822,57.01619012836794,49.0,0.9991129021917634
DynamicPressureSensor,Looped,P2,Orifice Leak,ND,,4,LO_OL_ND_P2,-0.011165931247751004,56.86408436226415,-0.019174849237980535,-0.020453615941134817,56.864085458545055,66.33333333333333,0.956446113605963
DynamicPressureSensor,Looped,P2,Orifice Leak,ND,,5,LO_OL_ND_P2,-0.13587832463248242,62.65182833944285,-0.06007911980680841,-0.010247151809184896,62.65197568468308,67.33333333333333,1.0669376622859952
DynamicPressureSensor,Looped,P2,Orifice Leak,ND,,6,LO_OL_ND_P2,0.08063033769964773,59.137391593277385,-0.01943446755420614,0.146326003419615,59.137446560601454,48.33333333333333,0.9365723749170459
DynamicPressureSensor,Looped,P2,Orifice Leak,ND,,7,LO_OL_ND_P2,0.12684332569628162,49.80263670256472,0.07990375525564895,0.08944363975772696,49.80279823219695,48.33333333333333,1.0197164462245238
DynamicPressureSensor,Looped,P2,Orifice Leak,ND,,8,LO_OL_ND_P2,0.0038547386442596004,49.01474510589683,0.033460310103794466,0.11219924781746915,49.01474525747376,49.0,0.9142821430429657
DynamicPressureSensor,Looped,P2,Orifice Leak,ND,,9,LO_OL_ND_P2,-0.13955539018186722,53.23492046303187,-0.06952514885203007,-0.1291171340349897,53.23510338500582,49.0,1.119483723815125
DynamicPressureSensor,Looped,P2,Orifice Leak,ND,,10,LO_OL_ND_P2,0.06210119473261194,53.88645555151738,-0.07732449387106356,-0.15316615062709937,53.88649133562182,49.0,1.1620502490637525
DynamicPressureSensor,Looped,P1,Orifice Leak,Transient,,0,LO_OL_Transient_P1,-26.079181128646223,4220.463774966232,-0.0771630075274832,-0.3101472830426468,4220.544348717422,702.3333333333333,21.766520768571663
DynamicPressureSensor,Looped,P1,Orifice Leak,Transient,,1,LO_OL_Transient_P1,0.9738548041998143,4216.996105071536,-0.05784287026189523,-0.3022780442361057,4216.996217520437,702.3333333333333,2.9248773277558353
DynamicPressureSensor,Looped,P1,Orifice Leak,Transient,,2,LO_OL_Transient_P1,0.8843331732676701,4208.522722422554,-0.06280356778758266,-0.2507305721860775,4208.522815334628,702.3333333333333,2.916847319107264
DynamicPressureSensor,Looped,P1,Orifice Leak,Transient,,3,LO_OL_Transient_P1,-1.2840853365073328,4322.66949172744,-0.07381247644359572,-0.23686861842122875,4322.669682451612,702.3333333333333,3.045824662923374
DynamicPressureSensor,Looped,P1,Orifice Leak,Transient,,4,LO_OL_Transient_P1,-1.069532385517077,4335.1593728591315,-0.07913407398493116,-0.23241045135892735,4335.159504791941,702.3333333333333,3.0575741903149805
DynamicPressureSensor,Looped,P1,Orifice Leak,Transient,,5,LO_OL_Transient_P1,-1.1949860643407526,4298.108744314349,-0.0576766116131345,-0.18865239149913293,4298.108910432955,702.3333333333333,2.994864634287522
DynamicPressureSensor,Looped,P1,Orifice Leak,Transient,,6,LO_OL_Transient_P1,0.04599528824893317,4109.346137222966,-0.05374533647408957,0.06591236448262716,4109.346137480376,705.6666666666666,2.7488196094098774
DynamicPressureSensor,Looped,P1,Orifice Leak,Transient,,7,LO_OL_Transient_P1,1.5332666970023674,4088.6610242388406,-0.07475326986082814,0.034867075582110996,4088.661311729864,705.6666666666666,2.8625299939308158
DynamicPressureSensor,Looped,P1,Orifice Leak,Transient,,8,LO_OL_Transient_P1,0.9435205809698988,4341.2948382173645,-0.08586679649366953,-0.1901060368533667,4341.294940747958,705.6666666666666,3.1109517633942194
DynamicPressureSensor,Looped,P1,Orifice Leak,Transient,,9,LO_OL_Transient_P1,0.585935835706645,4408.615589354364,-0.07425799279711735,-0.17338704254479653,4408.615628291848,705.6666666666666,3.150201097178586
DynamicPressureSensor,Looped,P1,Orifice Leak,Transient,,10,LO_OL_Transient_P1,-1.258630962679235,4395.642280706215,-0.02155478343199995,-0.17344864512103797,4395.642460901937,705.6666666666666,3.0850451224404978
DynamicPressureSensor,Looped,P2,Orifice Leak,Transient,,0,LO_OL_Transient_P2,-0.144498185814686,65.08396566780486,0.006487070032227471,0.0013690155192982445,65.08412607367256,48.0,0.9152404665854039
DynamicPressureSensor,Looped,P2,Orifice Leak,Transient,,1,LO_OL_Transient_P2,-0.1326733417514263,64.62780611720332,0.029554780692732638,-0.11452549860251526,64.62794229850145,66.0,0.9388310483497668
DynamicPressureSensor,Looped,P2,Orifice Leak,Transient,,2,LO_OL_Transient_P2,0.019609329057481542,67.39025522414282,-0.00834671580566446,-0.14391499608218172,67.39025807712042,65.33333333333333,0.946201698486152
DynamicPressureSensor,Looped,P2,Orifice Leak,Transient,,3,LO_OL_Transient_P2,0.11020278013270716,68.11192144626895,0.010084451516433517,-0.029646958959319125,68.11201059839198,47.666666666666664,0.9149515522807082
DynamicPressureSensor,Looped,P2,Orifice Leak,Transient,,4,LO_OL_Transient_P2,0.6083503929874774,145.6004537619931,-0.05032337245788031,20.322095354048308,145.60172466663622,38.666666666666664,5.278623225250055
DynamicPressureSensor,Looped,P2,Orifice Leak,Transient,,5,LO_OL_Transient_P2,-0.024743808513114706,149.7601881867536,-0.03863532492834707,18.069553201657023,149.76019023087517,39.33333333333333,4.669203686799047
DynamicPressureSensor,Looped,P2,Orifice Leak,Transient,,6,LO_OL_Transient_P2,-0.5986031909799556,72.39043527186486,0.02580374535741844,3.0693700489376985,72.39291018207729,39.0,0.9216200570787719
DynamicPressureSensor,Looped,P2,Orifice Leak,Transient,,7,LO_OL_Transient_P2,0.03685171516443146,54.80658576714214,-0.02870087699392021,-0.11926885601258519,54.80659815660901,47.666666666666664,0.9905836144098173
DynamicPressureSensor,Looped,P2,Orifice Leak,Transient,,8,LO_OL_Transient_P2,-0.002597571663318329,52.13910814997238,-0.06982210965519224,-0.06879526677220671,52.139108214677925,68.0,1.1235867694360857
DynamicPressureSensor,Looped,P2,Orifice Leak,Transient,,9,LO_OL_Transient_P2,-0.14678618897496978,54.72902241970842,0.01214219211950712,-0.013455711726315212,54.729219263591006,48.33333333333333,0.9231501946363264
DynamicPressureSensor,Looped,P2,Orifice Leak,Transient,,10,LO_OL_Transient_P2,-0.009459947357795997,57.92503876271987,-0.03062868755456698,-0.06556377901630661,57.92503953518896,66.33333333333333,0.9868628035908209
DynamicPressureSensor,Looped,P2,Orifice Leak,Transient,,11,LO_OL_Transient_P2,0.02662112973233485,54.659144782484375,-0.08430795545011252,-0.10190011152565104,54.65915126524686,67.66666666666666,1.188018371096938
DynamicPressureSensor,Branched,P1,Circumferential Crack,0.18 LPS,,0,BR_CC_0.18 LPS_P1,23.301134974303842,2726.287093069211,0.12389390892002394,0.10907516132576367,2726.386666767365,175.66666666666666,18.198324143662337
DynamicPressureSensor,Branched,P1,Circumferential Crack,0.18 LPS,,1,BR_CC_0.18 LPS_P1,-1.2072117684602264,2646.4289666201093,-0.006470408734417303,0.05224769165713106,2646.4292419647713,266.0,2.2800001967143912
DynamicPressureSensor,Branched,P1,Circumferential Crack,0.18 LPS,,2,BR_CC_0.18 LPS_P1,-0.9776267039848708,2581.077609074008,-0.03482379355547854,0.04648229296705031,2581.077794220308,706.3333333333333,1.4919333449824168
DynamicPressureSensor,Branched,P1,Circumferential Crack,0.18 LPS,,3,BR_CC_0.18 LPS_P1,-0.026476928560291525,2706.4492887734123,-0.01867641376580087,-0.08466294460711143,2706.4492889029225,175.33333333333331,2.7459145193750594
DynamicPressureSensor,Branched,P1,Circumferential Crack,0.18 LPS,,4,BR_CC_0.18 LPS_P1,1.9391087844658004,2775.8732752024234,0.01091150502209086,0.019752775087176655,2775.8739524924226,259.3333333333333,2.6008940193471783
DynamicPressureSensor,Branched,P1,Circumferential Crack,0.18 LPS,,5,BR_CC_0.18 LPS_P1,0.6414882065193581,2663.5619118915292,0.037443119571721487,0.02086655505009727,2663.5619891390506,262.66666666666663,2.307301782746018
DynamicPressureSensor,Branched,P1,Circumferential Crack,0.18 LPS,,6,BR_CC_0.18 LPS_P1,-2.105225095484762,2739.8194680858924,0.06597606911416219,-0.019143864374461472,2739.820276893206,173.66666666666666,2.946070552766106
DynamicPressureSensor,Branched,P1,Circumferential Crack,0.18 LPS,,7,BR_CC_0.18 LPS_P1,-0.3232689935661684,2807.735996928618,0.03366234567756017,0.003709290663828746,2807.736015538424,174.66666666666666,2.8772860719338165
DynamicPressureSensor,Branched,P1,Circumferential Crack,0.18 LPS,,8,BR_CC_0.18 LPS_P1,0.6142322366340008,2679.75040912472,-0.011113323523358337,-0.13306431045559064,2679.7504795195664,266.3333333333333,2.318466095361978
DynamicPressureSensor,Branched,P1,Circumferential Crack,0.18 LPS,,9,BR_CC_0.18 LPS_P1,0.35569626808621024,2601.9731316687917,0.019214864899724248,-0.1368573166713185,2601.973155981079,706.3333333333333,1.4238474575665807
DynamicPressureSensor,Branched,P1,Circumferential Crack,0.18 LPS,,10,BR_CC_0.18 LPS_P1,1.0352711731552169,2672.288068898609,0.054155902899596896,-0.05522095284503514,2672.288269435814,265.0,2.34514091848643
DynamicPressureSensor,Branched,P2,Circumferential Crack,0.18 LPS,,0,BR_CC_0.18 LPS_P2,-0.0048567284876150415,39.95333594887824,0.04594335129338628,-0.38236449603113076,39.95333624407026,23.333333333333332,1.0209191223648957
DynamicPressureSensor,Branched,P2,Circumferential Crack,0.18 LPS,,1,BR_CC_0.18 LPS_P2,-0.08198303919363714,42.231737924722566,0.044370487398021345,0.01856569151615295,42.23181750009306,23.333333333333332,0.9591569744084643
DynamicPressureSensor,Branched,P2,Circumferential Crack,0.18 LPS,,2,BR_CC_0.18 LPS_P2,-0.1602402416516883,34.850960968737816,0.04074436575830219,1.1223456558852138,34.85132934881439,22.666666666666664,0.8452562261246727
DynamicPressureSensor,Branched,P2,Circumferential Crack,0.18 LPS,,3,BR_CC_0.18 LPS_P2,0.05700007960598079,28.11670037568887,0.13617791856115172,0.07994758184330042,28.116758152840767,22.333333333333332,1.2769762041177604
DynamicPressureSensor,Branched,P2,Circumferential Crack,0.18 LPS,,4,BR_CC_0.18 LPS_P2,0.09142252103794002,36.18182185751689,-0.023825859207703328,-0.16790065468820892,36.181937358389746,22.333333333333332,1.009149872880577
DynamicPressureSensor,Branched,P2,Circumferential Crack,0.18 LPS,,5,BR_CC_0.18 LPS_P2,-0.3098908934342264,39.2654693031614,-0.04056911815638654,-0.24526171057192903,39.2666921444033,13.333333333333332,1.076431031058942
DynamicPressureSensor,Branched,P2,Circumferential Crack,0.18 LPS,,6,BR_CC_0.18 LPS_P2,-0.05641908108002224,36.63622848920683,0.029303967531644697,0.14322255310605136,36.6362719313262,22.333333333333332,0.9279958564114427
DynamicPressureSensor,Branched,P2,Circumferential Crack,0.18 LPS,,7,BR_CC_0.18 LPS_P2,0.3453467764241823,36.89529310584799,0.019452743490385522,0.0575902948343443,36.8969093253408,23.333333333333332,0.9709073252915834
DynamicPressureSensor,Branched,P2,Circumferential Crack,0.18 LPS,,8,BR_CC_0.18 LPS_P2,-0.053205991981561125,34.75684318797691,0.029010700523838,-0.10948880486437407,34.75688391198498,23.333333333333332,0.9627146462347616
DynamicPressureSensor,Branched,P2,Circumferential Crack,0.18 LPS,,9,BR_CC_0.18 LPS_P2,-0.1782885860131648,37.308875318334785,0.04914893015420325,0.2694074187812925,37.309301311321185,13.666666666666666,0.954720960826007
DynamicPressureSensor,Branched,P2,Circumferential Crack,0.18 LPS,,10,BR_CC_0.18 LPS_P2,0.03203752476365933,42.07185062716895,-0.02487816191949214,-0.026563635942070896,42.07186282538259,13.333333333333332,1.0011755481191091
DynamicPressureSensor,Branched,P1,Circumferential Crack,0.47 LPS,,0,BR_CC_0.47 LPS_P1,-10.312625195550668,3510.738637917418,0.023018514607548744,-0.16366981535627012,3510.7537843039736,702.6666666666666,6.3925010730925225
DynamicPressureSensor,Branched,P1,Circumferential Crack,0.47 LPS,,1,BR_CC_0.47 LPS_P1,1.0508489752460968,3489.969552193209,-0.0018603388505714464,-0.07966399398874868,3489.969710401401,702.6666666666666,2.0770378646568837
DynamicPressureSensor,Branched,P1,Circumferential Crack,0.47 LPS,,2,BR_CC_0.47 LPS_P1,3.59602846603066,3496.669172977493,-0.0006225716326341506,-0.12612860131605075,3496.671022082551,702.6666666666666,2.531823903917917
DynamicPressureSensor,Branched,P1,Circumferential Crack,0.47 LPS,,3,BR_CC_0.47 LPS_P1,-1.3108832250327722,3488.2444878325236,-0.0020785113176191,-0.20409936561566377,3488.244734147651,702.6666666666666,2.0806887766056583
DynamicPressureSensor,Branched,P1,Circumferential Crack,0.47 LPS,,4,BR_CC_0.47 LPS_P1,-3.593973237657579,3483.5144734552086,-0.01767993736138377,-0.19635780881432074,3483.516327421985,702.6666666666666,2.592750036004799
DynamicPressureSensor,Branched,P1,Circumferential Crack,0.47 LPS,,5,BR_CC_0.47 LPS_P1,0.16386237645886656,3541.484279360187,-0.02416016625536428,-0.17189417493649906,3541.484283151094,702.6666666666666,2.083075766839044
DynamicPressureSensor,Branched,P1,Circumferential Crack,0.47 LPS,,6,BR_CC_0.47 LPS_P1,1.7978317371435246,3556.8277349037585,-0.019063673846451037,-0.1255500446417961,3556.8281892691352,702.6666666666666,2.247854801251163
DynamicPressureSensor,Branched,P1,Circumferential Crack,0.47 LPS,,7,BR_CC_0.47 LPS_P1,0.9799661744247652,3484.921176089956,-0.015309810324054447,-0.07178435901374502,3484.921313874089,702.6666666666666,2.073749150917746
DynamicPressureSensor,Branched,P1,Circumferential Crack,0.47 LPS,,8,BR_CC_0.47 LPS_P1,-0.8274015079721679,3442.106882842239,0.0069679174892252164,-0.05904846274265241,3442.106982286165,702.6666666666666,1.9923197752019657
DynamicPressureSensor,Branched,P1,Circumferential Crack,0.47 LPS,,9,BR_CC_0.47 LPS_P1,0.5673316750865804,3403.6698747607124,0.008486951838456804,-0.11255064662318803,3403.669922042799,702.6666666666666,1.9489550374180051
DynamicPressureSensor,Branched,P1,Circumferential Crack,0.47 LPS,,10,BR_CC_0.47 LPS_P1,1.3569119890102306,3440.2409822735995,-0.017987269211153945,-0.13934999177193408,3440.241249872596,702.6666666666666,2.072754777833609
DynamicPressureSensor,Branched,P1,Circumferential Crack,0.47 LPS,,11,BR_CC_0.47 LPS_P1,1.9273210841385748,3385.950242561101,0.003917332187729669,-0.13857223083260317,3385.950791087511,702.6666666666666,2.090959854126567
DynamicPressureSensor,Branched,P2,Circumferential Crack,0.47 LPS,,0,BR_CC_0.47 LPS_P2,0.09329928532223526,46.71862440179722,-0.023726452811151683,-0.1857045586094328,46.71871756322989,22.666666666666664,1.0058536828518025
DynamicPressureSensor,Branched,P2,Circumferential Crack,0.47 LPS,,1,BR_CC_0.47 LPS_P2,0.18417214671826485,56.315684108524685,0.014920285689341688,-0.0898946779290064,56.31598526165343,22.333333333333332,0.9462662896480434
DynamicPressureSensor,Branched,P2,Circumferential Crack,0.47 LPS,,2,BR_CC_0.47 LPS_P2,-0.22423694163233862,59.00686062495829,0.04332021086529723,-0.13529475374129296,59.00728669426553,22.666666666666664,0.9858572706703911
DynamicPressureSensor,Branched,P2,Circumferential Crack,0.47 LPS,,3,BR_CC_0.47 LPS_P2,-0.2891280226474633,51.69180760892503,0.0246050983738671,0.09174980361851492,51.69261619314309,23.0,0.9481909938565162
DynamicPressureSensor,Branched,P2,Circumferential Crack,0.47 LPS,,4,BR_CC_0.47 LPS_P2,-0.02129662847217927,46.71702282162921,-0.03456973301902297,-0.0959357778411265,46.71702767581653,13.333333333333332,1.0296496402924584
DynamicPressureSensor,Branched,P2,Circumferential Crack,0.47 LPS,,5,BR_CC_0.47 LPS_P2,0.10084630154591764,43.276269732198784,-0.007065554242790925,-0.1566564764941094,43.27638723265333,22.333333333333332,0.9756440900209283
DynamicPressureSensor,Branched,P2,Circumferential Crack,0.47 LPS,,6,BR_CC_0.47 LPS_P2,-0.07445051093199652,48.914775786251234,0.03785596108331323,0.3068427388769184,48.91483244474837,13.333333333333332,0.9188257030573147
DynamicPressureSensor,Branched,P2,Circumferential Crack,0.47 LPS,,7,BR_CC_0.47 LPS_P2,-0.455488142587176,62.459524489658925,0.0199415175487431,-0.3659200404402876,62.46118529873045,13.666666666666666,1.0802849392132123
DynamicPressureSensor,Branched,P2,Circumferential Crack,0.47 LPS,,8,BR_CC_0.47 LPS_P2,0.2931561368514565,59.34160873272901,-0.009762721196483623,-0.15681706214625235,59.34233284518627,13.666666666666666,0.9852400883749944
DynamicPressureSensor,Branched,P2,Circumferential Crack,0.47 LPS,,9,BR_CC_0.47 LPS_P2,0.3656270192207187,53.534702391571095,0.046669843685589726,-0.015398946850754047,53.53595094206577,21.666666666666664,0.9920055140004493
DynamicPressureSensor,Branched,P2,Circumferential Crack,0.47 LPS,,10,BR_CC_0.47 LPS_P2,-0.13987945997058684,49.95361653971755,0.019569162739756858,-0.15641118708309554,49.9538123836456,13.666666666666666,0.9690297888630252
DynamicPressureSensor,Branched,P2,Circumferential Crack,0.47 LPS,,11,BR_CC_0.47 LPS_P2,0.06725052030975175,52.30773217632689,-0.10579262570651617,0.20819478600824493,52.30777540732186,21.666666666666664,1.2885177361995515
DynamicPressureSensor,Branched,P1,Circumferential Crack,ND,,0,BR_CC_ND_P1,1.609979397379332,4324.110496383689,-0.0450199561467185,-0.20456801682575199,4324.110796102391,706.6666666666666,3.0888518121836905
DynamicPressureSensor,Branched,P1,Circumferential Crack,ND,,1,BR_CC_ND_P1,0.1967321601523338,4356.697017283017,-0.0284630972658112,-0.15317820377359137,4356.697021724862,706.6666666666666,3.0170565850962885
DynamicPressureSensor,Branched,P1,Circumferential Crack,ND,,2,BR_CC_ND_P1,-0.5807190901791709,4280.419687762329,-0.05832593467872985,-0.1650131664208212,4280.419727155039,706.6666666666666,2.944084632548403
DynamicPressureSensor,Branched,P1,Circumferential Crack,ND,,3,BR_CC_ND_P1,-0.8881275829192905,4236.9807568634,-0.09971522834273948,-0.2512544923105904,4236.980849945082,706.6666666666666,2.9569295531869146
DynamicPressureSensor,Branched,P1,Circumferential Crack,ND,,4,BR_CC_ND_P1,1.787047781233094,4215.607722020206,-0.09079648760554554,-0.20564889698996014,4215.608100795917,706.6666666666666,3.053228312658346
DynamicPressureSensor,Branched,P1,Circumferential Crack,ND,,5,BR_CC_ND_P1,-0.0842482833074979,4213.830828851565,-0.048331803029065666,-0.2315457308227149,4213.830829693764,706.6666666666666,2.85127175792254
DynamicPressureSensor,Branched,P1,Circumferential Crack,ND,,6,BR_CC_ND_P1,-1.2858283969358253,4268.924363666184,-0.05640482907559662,-0.2515472801505747,4268.924557316211,706.6666666666666,2.9520683914336185
DynamicPressureSensor,Branched,P1,Circumferential Crack,ND,,7,BR_CC_ND_P1,0.12460965732784207,4308.35297289486,-0.04763003390415257,-0.16457831573012305,4308.352974696891,706.6666666666666,2.9719600640470474
DynamicPressureSensor,Branched,P1,Circumferential Crack,ND,,8,BR_CC_ND_P1,-0.49192557676193227,4274.874144152604,-0.012906545336809988,-0.16933666078180698,4274.874172456451,706.6666666666666,2.902716384502033
DynamicPressureSensor,Branched,P1,Circumferential Crack,ND,,9,BR_CC_ND_P1,-1.5471890487984143,4251.159750152089,-0.020533635850782654,-0.19159988553704288,4251.160031698068,706.6666666666666,2.9300114619780437
DynamicPressureSensor,Branched,P1,Circumferential Crack,ND,,10,BR_CC_ND_P1,-3.0368464953150442,4249.573335889264,-0.03139220443340231,-0.20663300355403624,4249.574420990605,706.6666666666666,3.1405882816223745
DynamicPressureSensor,Branched,P2,Circumferential Crack,ND,,0,BR_CC_ND_P2,0.00016816325685027776,49.565479768747124,-0.0009472174287490006,-0.3367895698573715,49.565479769032386,21.666666666666664,0.9907946661223849
DynamicPressureSensor,Branched,P2,Circumferential Crack,ND,,1,BR_CC_ND_P2,0.2954024134210279,51.708892464320435,-0.01069431349033857,-0.6138654479312571,51.709736244468594,22.333333333333332,1.0496460584168448
DynamicPressureSensor,Branched,P2,Circumferential Crack,ND,,2,BR_CC_ND_P2,-0.1001334197393952,48.49386382326888,-0.021805694302856116,-0.5555753947559667,48.49396720429764,22.0,1.0501554859021163
DynamicPressureSensor,Branched,P2,Circumferential Crack,ND,,3,BR_CC_ND_P2,-0.15702983030810236,36.938366924477336,0.001797777999908963,-0.08929780505164064,36.93870070014548,13.666666666666666,0.970156272012133
DynamicPressureSensor,Branched,P2,Circumferential Crack,ND,,4,BR_CC_ND_P2,0.09813805920920318,39.28615361406314,0.023634243170266626,-0.43651995399729193,39.286276189865994,22.333333333333332,1.0068278504093244
DynamicPressureSensor,Branched,P2,Circumferential Crack,ND,,5,BR_CC_ND_P2,0.13406015803601823,39.21885670072421,-0.02015204609523558,-0.44290692823271627,39.21908582613716,22.0,1.0368059006887365
DynamicPressureSensor,Branched,P2,Circumferential Crack,ND,,6,BR_CC_ND_P2,0.0885256816390079,44.91877974381796,-0.0027887617009821866,-0.3342765306376063,44.918866976694105,22.0,0.9946042354086667
DynamicPressureSensor,Branched,P2,Circumferential Crack,ND,,7,BR_CC_ND_P2,0.11423828637402499,49.021940863614596,0.02968431829043761,-0.5046763011508206,49.02207397103677,22.0,1.0171497117972277
DynamicPressureSensor,Branched,P2,Circumferential Crack,ND,,8,BR_CC_ND_P2,-0.07752378370020074,40.67801007495861,0.042302110358749076,-0.2761999336812715,40.67808394695445,22.0,1.001656058485532
DynamicPressureSensor,Branched,P2,Circumferential Crack,ND,,9,BR_CC_ND_P2,-0.11378417241754846,41.79379716214255,0.010753091377250525,-0.16073177376035863,41.79395205132206,22.0,0.9640351602099317
DynamicPressureSensor,Branched,P2,Circumferential Crack,ND,,10,BR_CC_ND_P2,-0.1280659276435695,51.65572394217421,0.04239291137520946,-0.27693469349234645,51.65588269376425,22.333333333333332,0.9991215441864245
DynamicPressureSensor,Branched,P1,Circumferential Crack,Transient,,0,BR_CC_Transient_P1,-8.274354281786785,3541.620136910835,-0.011090900292401338,-0.15396448201509338,3541.629802663048,703.3333333333333,4.925810939840481
DynamicPressureSensor,Branched,P1,Circumferential Crack,Transient,,1,BR_CC_Transient_P1,0.9222895821387939,3466.461169123826,0.009418150053284089,-0.10948010851113921,3466.461291816396,703.3333333333333,2.036580149497402
DynamicPressureSensor,Branched,P1,Circumferential Crack,Transient,,2,BR_CC_Transient_P1,0.8032823546817156,3416.234460635174,0.0182426607331326,-0.09581634891479007,3416.234555075784,703.3333333333333,1.9775758878960632
DynamicPressureSensor,Branched,P1,Circumferential Crack,Transient,,3,BR_CC_Transient_P1,-0.7220262679573018,3419.7385675028017,0.0011341211911688011,-0.1731699965448752,3419.738643725284,703.3333333333333,1.9615518374178962
DynamicPressureSensor,Branched,P1,Circumferential Crack,Transient,,4,BR_CC_Transient_P1,-0.5744811389931694,3433.742563051939,0.0015182524734053899,-0.11516445153095178,3433.7426111086256,703.3333333333333,1.967697375656067
DynamicPressureSensor,Branched,P1,Circumferential Crack,Transient,,5,BR_CC_Transient_P1,0.20222880938705307,3464.8531752983267,-0.0036615369532350594,-0.10690170028529211,3464.8531811999464,703.3333333333333,1.994564554591924
DynamicPressureSensor,Branched,P1,Circumferential Crack,Transient,,6,BR_CC_Transient_P1,-0.1809321323466246,3478.0354304817606,-0.04040827659712637,0.015572649445847908,3478.035435187928,703.3333333333333,2.033749420531391
DynamicPressureSensor,Branched,P1,Circumferential Crack,Transient,,7,BR_CC_Transient_P1,-0.7818241540752868,3326.6586842290026,-0.03575388415432015,0.43650531435892814,3326.6587761003157,706.6666666666666,1.908881022368882
DynamicPressureSensor,Branched,P1,Circumferential Crack,Transient,,8,BR_CC_Transient_P1,0.20807849140991844,3387.175718551812,0.02553270741804947,0.2152840402628886,3387.175724943075,706.6666666666666,1.923305079963284
DynamicPressureSensor,Branched,P1,Circumferential Crack,Transient,,9,BR_CC_Transient_P1,-0.9930759046659985,3621.089978733905,0.03315381098892231,-0.1371080422148392,3621.090114908335,706.6666666666666,2.19246753926042
DynamicPressureSensor,Branched,P1,Circumferential Crack,Transient,,10,BR_CC_Transient_P1,1.4050246545390583,3652.1623589246615,0.005560392197579311,-0.08057844447677676,3652.1626291884136,706.6666666666666,2.2729417017876736
DynamicPressureSensor,Branched,P2,Circumferential Crack,Transient,,0,BR_CC_Transient_P2,0.07874174402511556,42.166363589728874,-0.1315398623455518,0.2763948395358051,42.16643711108949,13.333333333333332,1.435447171848005
DynamicPressureSensor,Branched,P2,Circumferential Crack,Transient,,1,BR_CC_Transient_P2,-0.12092117907547527,45.41914188623815,-0.12531299113758823,0.07306454104383286,45.419302852573395,13.333333333333332,1.3961937931387707
DynamicPressureSensor,Branched,P2,Circumferential Crack,Transient,,2,BR_CC_Transient_P2,-0.23509667787549574,51.46688005173029,-0.044412619636150646,0.250122066839503,51.46741700053677,13.666666666666666,1.013390772056796
DynamicPressureSensor,Branched,P2,Circumferential Crack,Transient,,3,BR_CC_Transient_P2,0.053653684636862785,53.26647184049772,-0.00022169090091032814,0.007552498690229559,53.26649886234698,13.666666666666666,0.951236510812278
DynamicPressureSensor,Branched,P2,Circumferential Crack,Transient,,4,BR_CC_Transient_P2,-0.008232309032885111,41.83450823781777,0.11751830462220993,-0.11750637517021989,41.83450904780592,23.333333333333332,1.2091196051996276
DynamicPressureSensor,Branched,P2,Circumferential Crack,Transient,,5,BR_CC_Transient_P2,1.4436426078494156,247.60818226612312,0.03446303138639381,14.010010233340292,247.612390701905,14.0,3.459648565836256
DynamicPressureSensor,Branched,P2,Circumferential Crack,Transient,,6,BR_CC_Transient_P2,0.3580018990907193,356.47876520527507,-0.009040001502168354,2.9277334943857447,356.4789449710001,14.0,0.9948212703484713
DynamicPressureSensor,Branched,P2,Circumferential Crack,Transient,,7,BR_CC_Transient_P2,-1.0842910029671213,263.67355421794923,-0.04562715037486851,3.5834695114009705,263.67578364518977,14.0,1.137255903850086
DynamicPressureSensor,Branched,P2,Circumferential Crack,Transient,,8,BR_CC_Transient_P2,-0.47029230400730737,66.86245565196454,0.0009540339542200853,-0.4145871704420121,66.86410958550285,14.0,1.077327740680055
DynamicPressureSensor,Branched,P2,Circumferential Crack,Transient,,9,BR_CC_Transient_P2,-0.17424635049636691,61.43028526525544,0.023009967793590283,-0.6444305428909347,61.43053238871792,22.666666666666664,1.0371633697252498
DynamicPressureSensor,Branched,P2,Circumferential Crack,Transient,,10,BR_CC_Transient_P2,0.16017524338050587,54.57499603170215,0.015386040318836077,-0.11098293474152277,54.57523108488774,23.0,0.9487800629219156
DynamicPressureSensor,Branched,P1,Gasket Leak,0.18 LPS,,0,BR_GL_0.18 LPS_P1,-7.030962507674876,4310.0166524950655,-0.07521746327177595,-0.277999541629943,4310.022387322199,704.0,4.488770264940587
DynamicPressureSensor,Branched,P1,Gasket Leak,0.18 LPS,,1,BR_GL_0.18 LPS_P1,-0.5095543920191574,4258.134817876012,-0.06276638902326083,-0.23638474134330956,4258.134848364205,704.0,2.9257813812366966
DynamicPressureSensor,Branched,P1,Gasket Leak,0.18 LPS,,2,BR_GL_0.18 LPS_P1,1.2095529972518666,4300.321990823362,-0.058137432160603485,-0.29144953224711134,4300.322160929047,704.0,3.040751020696426
DynamicPressureSensor,Branched,P1,Gasket Leak,0.18 LPS,,3,BR_GL_0.18 LPS_P1,1.2070233559246848,4320.188205994193,-0.06915555074161005,-0.27595536879050053,4320.188374610152,704.0,3.0805596176356222
DynamicPressureSensor,Branched,P1,Gasket Leak,0.18 LPS,,4,BR_GL_0.18 LPS_P1,-0.2958762926957574,4309.783862828817,-0.05938821803385508,-0.2387415562413997,4309.783872985101,704.3333333333333,2.9828975199304977
DynamicPressureSensor,Branched,P1,Gasket Leak,0.18 LPS,,5,BR_GL_0.18 LPS_P1,0.11295566592118728,4356.358190881295,-0.059076280655754175,-0.2301676215442412,4356.358192345704,704.0,3.0474363589147733
DynamicPressureSensor,Branched,P1,Gasket Leak,0.18 LPS,,6,BR_GL_0.18 LPS_P1,-0.8496056743964615,4393.215479047201,-0.059036409051710245,-0.2572173197045373,4393.215561199989,704.0,3.0912127096530235
DynamicPressureSensor,Branched,P1,Gasket Leak,0.18 LPS,,7,BR_GL_0.18 LPS_P1,0.7372629863689857,4309.1083111110165,-0.0577577707043446,-0.2912870533014167,4309.108374181687,704.0,3.014973137172604
DynamicPressureSensor,Branched,P1,Gasket Leak,0.18 LPS,,8,BR_GL_0.18 LPS_P1,1.3527944013967474,4309.57642259316,-0.04881685426601445,-0.21846883115027804,4309.576634917117,704.0,3.0560488049605117
DynamicPressureSensor,Branched,P1,Gasket Leak,0.18 LPS,,9,BR_GL_0.18 LPS_P1,-2.0281073427038816,4394.490609642963,-0.04714188270418395,-0.16854699041980759,4394.491077640228,704.0,3.1653346323532414
DynamicPressureSensor,Branched,P1,Gasket Leak,0.18 LPS,,10,BR_GL_0.18 LPS_P1,-0.6006927897879676,4422.1786490089535,-0.058101432336014495,-0.2289046848576688,4422.178689806924,704.0,3.1214291839297577
DynamicPressureSensor,Branched,P2,Gasket Leak,0.18 LPS,,0,BR_GL_0.18 LPS_P2,0.08978021699646804,33.831607048872456,0.04647839050173931,0.3100869323479891,33.83172617524386,12.666666666666666,0.9371069110410096
DynamicPressureSensor,Branched,P2,Gasket Leak,0.18 LPS,,1,BR_GL_0.18 LPS_P2,-0.04132524212022041,34.174564101967185,0.03704487515072298,-0.4033368500139116,34.174589088021236,13.333333333333332,1.0238266628342494
DynamicPressureSensor,Branched,P2,Gasket Leak,0.18 LPS,,2,BR_GL_0.18 LPS_P2,-0.07667546310846361,34.71559034708047,0.04532608528091707,-0.3819811446196737,34.71567502257373,13.333333333333332,1.0336780158739454
DynamicPressureSensor,Branched,P2,Gasket Leak,0.18 LPS,,3,BR_GL_0.18 LPS_P2,0.05361747487931418,29.833469713021806,0.0862711659497714,-0.15315457072520466,29.83351789433157,13.333333333333332,1.1013658998354057
DynamicPressureSensor,Branched,P2,Gasket Leak,0.18 LPS,,4,BR_GL_0.18 LPS_P2,0.21855816740924955,32.675186786889896,-0.005283516675486998,-0.26770871520726436,32.67591772591376,13.0,1.005901328183851
DynamicPressureSensor,Branched,P2,Gasket Leak,0.18 LPS,,5,BR_GL_0.18 LPS_P2,0.041576421002713505,40.12760143959044,-0.05060675422884207,-0.2958978579720193,40.12762297835999,13.333333333333332,1.103019672436177
DynamicPressureSensor,Branched,P2,Gasket Leak,0.18 LPS,,6,BR_GL_0.18 LPS_P2,-0.1399357704983622,35.10662939819876,-0.10830610646649577,0.4333918618082304,35.106908290567816,13.666666666666666,1.2870729091938662
DynamicPressureSensor,Branched,P2,Gasket Leak,0.18 LPS,,7,BR_GL_0.18 LPS_P2,-0.004794889036785127,31.06234175032152,-0.2399077745555978,1.1302243630575033,31.062342120399233,13.333333333333332,2.1178681918398934
DynamicPressureSensor,Branched,P2,Gasket Leak,0.18 LPS,,8,BR_GL_0.18 LPS_P2,-0.07806974220278509,33.4379843653849,-0.10009770852999089,0.4837360388920966,33.43807550240254,13.333333333333332,1.2522185929373837
DynamicPressureSensor,Branched,P2,Gasket Leak,0.18 LPS,,9,BR_GL_0.18 LPS_P2,0.19443672320110988,29.282811849851164,0.10540457815968159,-0.50141331584167,29.283457368847568,13.666666666666666,1.242428879044382
DynamicPressureSensor,Branched,P1,Gasket Leak,0.47 LPS,,0,BR_GL_0.47 LPS_P1,-41.52635918170716,4265.541050694266,-0.11718058236412932,-0.11128443795667575,4265.743181869348,701.0,47.16840692211571
DynamicPressureSensor,Branched,P1,Gasket Leak,0.47 LPS,,1,BR_GL_0.47 LPS_P1,-1.5674244785796279,4194.630192357734,-0.07520997357532483,-0.32707012635217536,4194.630485210655,701.0,2.9168741133549956
DynamicPressureSensor,Branched,P1,Gasket Leak,0.47 LPS,,2,BR_GL_0.47 LPS_P1,1.2971745591862487,4184.581905060926,-0.0888934714716863,-0.32931159642169794,4184.582106115874,701.0,2.9681641298058223
DynamicPressureSensor,Branched,P1,Gasket Leak,0.47 LPS,,3,BR_GL_0.47 LPS_P1,-0.5867923913195989,4204.365615982267,-0.06906688107239681,-0.333735584997362,4204.365656930811,701.3333333333333,2.8736577116835664
DynamicPressureSensor,Branched,P1,Gasket Leak,0.47 LPS,,4,BR_GL_0.47 LPS_P1,-0.8683381672864109,4236.049104582573,-0.04750501508685947,-0.3166496739713529,4236.049193581915,701.3333333333333,2.8951177411738405
DynamicPressureSensor,Branched,P1,Gasket Leak,0.47 LPS,,5,BR_GL_0.47 LPS_P1,0.421218266359998,4268.62059273026,-0.04894265186709576,-0.30643850492848435,4268.620613512715,701.3333333333333,2.9441026484068957
DynamicPressureSensor,Branched,P1,Gasket Leak,0.47 LPS,,6,BR_GL_0.47 LPS_P1,-0.2799649676730738,4218.743695313813,-0.0604052951203327,-0.32188697364530183,4218.743704603355,701.3333333333333,2.878730500522524
DynamicPressureSensor,Branched,P1,Gasket Leak,0.47 LPS,,7,BR_GL_0.47 LPS_P1,0.7196813083074863,4184.860739601407,-0.0788527701182023,-0.324624757213793,4184.860801484133,701.3333333333333,2.9020301396179113
DynamicPressureSensor,Branched,P1,Gasket Leak,0.47 LPS,,8,BR_GL_0.47 LPS_P1,-1.3594669142925067,4209.431633729272,-0.07029536449962896,-0.3185425958874464,4209.431853254187,701.3333333333333,2.912316008279896
DynamicPressureSensor,Branched,P1,Gasket Leak,0.47 LPS,,9,BR_GL_0.47 LPS_P1,-0.822997262267146,4232.355928095461,-0.061091668946457636,-0.3200231937927849,4232.356008112891,701.3333333333333,2.90283891076912
DynamicPressureSensor,Branched,P1,Gasket Leak,0.47 LPS,,10,BR_GL_0.47 LPS_P1,-5.101848945133165,4260.511990288126,-0.058129266354109,-0.28733176146266404,4260.515044950733,701.3333333333333,3.7093976120300107
DynamicPressureSensor,Branched,P2,Gasket Leak,0.47 LPS,,0,BR_GL_0.47 LPS_P2,0.16721461485383812,44.51078852596363,-0.06617766289679797,0.3353878443831082,44.511102614184665,13.0,1.1018064040353983
DynamicPressureSensor,Branched,P2,Gasket Leak,0.47 LPS,,1,BR_GL_0.47 LPS_P2,0.1169698757423318,40.46825587868956,-0.009019081520741821,-0.22133585001697487,40.468424923820834,13.0,0.9971717947045673
DynamicPressureSensor,Branched,P2,Gasket Leak,0.47 LPS,,2,BR_GL_0.47 LPS_P2,-0.014289231896782557,38.883796745264505,0.07286368313295169,-0.0556734120937441,38.883799370807246,21.666666666666664,1.0346971617003233
DynamicPressureSensor,Branched,P2,Gasket Leak,0.47 LPS,,3,BR_GL_0.47 LPS_P2,0.09352934100785888,31.843918321748905,-0.02592607151259284,-0.009232533641446494,31.844055674801304,22.0,0.9975226628555522
DynamicPressureSensor,Branched,P2,Gasket Leak,0.47 LPS,,4,BR_GL_0.47 LPS_P2,0.018260360485087807,37.4994049892561,-0.0625766221803487,-0.31343421146742667,37.499409435203255,22.0,1.1392967808335226
DynamicPressureSensor,Branched,P2,Gasket Leak,0.47 LPS,,5,BR_GL_0.47 LPS_P2,-0.1866308412563457,40.00435952097416,0.03519799046954007,-0.4202235630481006,40.004794859544816,39.666666666666664,1.0202488416986295
DynamicPressureSensor,Branched,P2,Gasket Leak,0.47 LPS,,6,BR_GL_0.47 LPS_P2,-0.2712669707345121,39.413532546525374,0.09420143390390087,-0.05579444697266478,39.414466044403376,21.666666666666664,1.160015819682885
DynamicPressureSensor,Branched,P2,Gasket Leak,0.47 LPS,,7,BR_GL_0.47 LPS_P2,0.22962517056319154,44.04811779243076,-0.02868642003345889,-0.06669042529859626,44.048716312451276,40.0,0.9937119086520609
DynamicPressureSensor,Branched,P2,Gasket Leak,0.47 LPS,,8,BR_GL_0.47 LPS_P2,0.2486099188450034,53.61914664647017,0.060299485640296364,-0.052821971574174675,53.61972299431825,13.0,1.011141764599168
DynamicPressureSensor,Branched,P2,Gasket Leak,0.47 LPS,,9,BR_GL_0.47 LPS_P2,-0.18086746106638674,51.56331354948914,0.16667209796270574,0.05532755170303316,51.56363076085122,22.333333333333332,1.4566458560779356
DynamicPressureSensor,Branched,P2,Gasket Leak,0.47 LPS,,10,BR_GL_0.47 LPS_P2,-0.10519308837177223,44.57096013513967,0.19291843313218737,-0.054429724610456365,44.57108426944594,12.666666666666666,1.6153836749325754
DynamicPressureSensor,Branched,P1,Gasket Leak,ND,,0,BR_GL_ND_P1,-16.037331490411248,4247.455958209283,-0.0673129300164772,-0.23915789651250385,4247.486234577915,705.0,10.568386625183667
DynamicPressureSensor,Branched,P1,Gasket Leak,ND,,1,BR_GL_ND_P1,-2.1209518030095578,4254.210696506449,-0.09164264504136604,-0.22954821141796922,4254.21122521043,705.0,3.0535245214468736
DynamicPressureSensor,Branched,P1,Gasket Leak,ND,,2,BR_GL_ND_P1,-0.7361845900713312,4203.255256093389,-0.0893384769961997,-0.23981719678743163,4203.25532056339,705.0,2.8998960760778734
DynamicPressureSensor,Branched,P1,Gasket Leak,ND,,3,BR_GL_ND_P1,2.1601900018116,4152.746029821293,-0.05944025241223136,-0.20613662665003263,4152.7465916688625,705.0,2.979277849446567
DynamicPressureSensor,Branched,P1,Gasket Leak,ND,,4,BR_GL_ND_P1,-0.6119348984829671,4163.293365246625,-0.04580470955392591,-0.142158473665551,4163.293410218753,704.6666666666666,2.796435324731037
DynamicPressureSensor,Branched,P1,Gasket Leak,ND,,5,BR_GL_ND_P1,0.4051294442577599,4156.729974833467,-0.06517398621078885,-0.19329814119767885,4156.729994576134,704.6666666666666,2.8261239801211886
DynamicPressureSensor,Branched,P1,Gasket Leak,ND,,6,BR_GL_ND_P1,-1.8935151366134684,4117.202756713832,-0.08256954438102175,-0.23121346798493736,4117.20319213074,704.6666666666666,2.86269053900265
DynamicPressureSensor,Branched,P1,Gasket Leak,ND,,7,BR_GL_ND_P1,-1.327127959079548,4147.579845908885,-0.08863883164648557,-0.23878429370375054,4147.580058233739,705.0,2.8578425458326655
DynamicPressureSensor,Branched,P1,Gasket Leak,ND,,8,BR_GL_ND_P1,0.2547609669689985,4113.073731779249,-0.08709658152224833,-0.19458393847227118,4113.073739669108,705.0,2.803845592453842
DynamicPressureSensor,Branched,P1,Gasket Leak,ND,,9,BR_GL_ND_P1,1.607479639225576,4058.1903925233064,-0.06292168919043738,-0.2188558854349032,4058.190710890662,705.0,2.806584143725761
DynamicPressureSensor,Branched,P2,Gasket Leak,ND,,0,BR_GL_ND_P2,0.2680996420182024,36.14289723026003,-0.05194215249844739,-0.4191143394917729,36.14389156711254,23.0,1.1139714651609431
DynamicPressureSensor,Branched,P2,Gasket Leak,ND,,1,BR_GL_ND_P2,0.009979568606597506,37.52309296405291,-0.04653073493151889,-0.5387930561450638,37.523094291126185,13.333333333333332,1.120073229726992
DynamicPressureSensor,Branched,P2,Gasket Leak,ND,,2,BR_GL_ND_P2,-0.1472982468305251,34.08003650875071,-0.002229413041130683,-0.350634150441687,34.08035482813084,22.666666666666664,1.003860587423553
DynamicPressureSensor,Branched,P2,Gasket Leak,ND,,3,BR_GL_ND_P2,0.28744760771541145,30.53312351698329,-0.030487528058376196,-0.14183730768112346,30.53447654423667,21.666666666666664,1.0325529233166455
DynamicPressureSensor,Branched,P2,Gasket Leak,ND,,4,BR_GL_ND_P2,0.018787913576417948,33.87418974633346,0.05841600829307607,-0.28595824280036863,33.874194956578656,13.333333333333332,1.0407064074378731
DynamicPressureSensor,Branched,P2,Gasket Leak,ND,,5,BR_GL_ND_P2,-0.1630295203460204,35.06305406998648,0.04398204235752977,-0.49274174745885224,35.063433079767016,13.333333333333332,1.0596959793943863
DynamicPressureSensor,Branched,P2,Gasket Leak,ND,,6,BR_GL_ND_P2,-0.02646720848450554,30.375687400054158,-0.00024526901453627274,-0.31369975857352816,30.37569893087127,23.333333333333332,0.9957111672796601
DynamicPressureSensor,Branched,P2,Gasket Leak,ND,,7,BR_GL_ND_P2,-0.06922817478804195,28.117052259987645,0.010921484037328965,0.08080071064888461,28.117137484656233,23.0,0.9370362816770369
DynamicPressureSensor,Branched,P2,Gasket Leak,ND,,8,BR_GL_ND_P2,-0.050456445358037325,30.2583077115403,-0.004521191968803463,-0.09960209394141772,30.258349780170388,23.666666666666664,0.9700319011268105
DynamicPressureSensor,Branched,P2,Gasket Leak,ND,,9,BR_GL_ND_P2,0.06414329120549461,34.22841759059668,-0.03694374714164276,-0.6008957630303748,34.22847769209251,22.666666666666664,1.096471734422504
DynamicPressureSensor,Branched,P2,Gasket Leak,ND,,10,BR_GL_ND_P2,-0.04445945777203607,39.13651813438396,0.0310146851939504,-0.23004492636856,39.13654338755979,22.333333333333332,0.9803076599835693
DynamicPressureSensor,Branched,P1,Gasket Leak,Transient,,0,BR_GL_Transient_P1,24.047329224003825,4246.744485076238,-0.053763036551446805,-0.3198121055234635,4246.812568923692,701.0,13.700247992619568
DynamicPressureSensor,Branched,P1,Gasket Leak,Transient,,1,BR_GL_Transient_P1,-0.32693086772092705,4261.752673448516,-0.06596916643693072,-0.3221576924864147,4261.752685988403,701.0,2.938197239735738
DynamicPressureSensor,Branched,P1,Gasket Leak,Transient,,2,BR_GL_Transient_P1,0.4598782309985553,4255.898043581047,-0.07211981208469015,-0.34472223932886514,4255.898068427506,701.0,2.960495785646274
DynamicPressureSensor,Branched,P1,Gasket Leak,Transient,,3,BR_GL_Transient_P1,-0.735033585040068,4222.940874791477,-0.06023075169917547,-0.4015835586628791,4222.940938760448,701.0,2.8867848786539247
DynamicPressureSensor,Branched,P1,Gasket Leak,Transient,,4,BR_GL_Transient_P1,1.2662661200218117,4245.680508881422,-0.06448635609660784,-0.3940536939024244,4245.680697712146,701.0,2.9929671497736403
DynamicPressureSensor,Branched,P1,Gasket Leak,Transient,,5,BR_GL_Transient_P1,1.0449260410520127,4289.649289312937,-0.048182094854363366,-0.32476849589769596,4289.649416580965,701.0,3.0079036857366157
DynamicPressureSensor,Branched,P1,Gasket Leak,Transient,,6,BR_GL_Transient_P1,-1.5385537419445476,4213.364241207646,-0.03356808391578144,-0.3209657391710965,4213.364522117081,701.0,2.900164424134763
DynamicPressureSensor,Branched,P1,Gasket Leak,Transient,,7,BR_GL_Transient_P1,-0.31948517509125696,4217.873025976789,-0.08072141118135834,-0.34386337246695087,4217.873038076582,701.0,2.906206021355965
DynamicPressureSensor,Branched,P1,Gasket Leak,Transient,,8,BR_GL_Transient_P1,0.1701049737958351,4345.075960454441,-0.07645755728732367,-0.19840582792744765,4345.075963784153,704.6666666666666,3.0588287463716783
DynamicPressureSensor,Branched,P1,Gasket Leak,Transient,,9,BR_GL_Transient_P1,-1.5897632242938207,4392.1864992754145,-0.049341943900890604,-0.16439922844848764,4392.186786984854,704.6666666666666,3.1216860977531877
DynamicPressureSensor,Branched,P1,Gasket Leak,Transient,,10,BR_GL_Transient_P1,0.19409187393796232,4341.024189040151,-0.06669302857953174,-0.20813619185738608,4341.024193379179,704.6666666666666,3.040239007492714
DynamicPressureSensor,Branched,P1,Gasket Leak,Transient,,11,BR_GL_Transient_P1,1.2739621082349901,4243.4679399156885,-0.0781928520215459,-0.1556062380057961,4243.468131148359,704.6666666666666,3.0138998073458483
DynamicPressureSensor,Branched,P2,Gasket Leak,Transient,,0,BR_GL_Transient_P2,0.10446203796699877,51.28609254013633,0.03137791071836694,0.1896154094898863,51.28619892673665,13.0,0.9261258171029564
DynamicPressureSensor,Branched,P2,Gasket Leak,Transient,,1,BR_GL_Transient_P2,0.3234416674072115,55.429895479843736,0.029569675608454422,-0.02419565415650382,55.43083913687954,13.0,0.9656003828602097
DynamicPressureSensor,Branched,P2,Gasket Leak,Transient,,2,BR_GL_Transient_P2,0.15488654703957802,57.98364188601453,-0.010719620982089546,-0.40401477268653707,57.983848752976314,13.0,1.0172532598975454
DynamicPressureSensor,Branched,P2,Gasket Leak,Transient,,3,BR_GL_Transient_P2,-0.18266047408086403,52.93321541283455,-0.030064202909574157,-0.3022711119687034,52.93353057174948,22.0,1.0291950263809158
DynamicPressureSensor,Branched,P2,Gasket Leak,Transient,,4,BR_GL_Transient_P2,-0.3906850777681192,42.86347836865252,-0.05517298755003683,0.1622929092517742,42.865258808152944,22.333333333333332,1.079698271706646
DynamicPressureSensor,Branched,P2,Gasket Leak,Transient,,5,BR_GL_Transient_P2,-0.12861326745904525,47.458011587094305,-0.059351176592843544,0.09884672436033037,47.45818586053773,13.0,1.0848345302621831
DynamicPressureSensor,Branched,P2,Gasket Leak,Transient,,6,BR_GL_Transient_P2,0.7508452483138278,341.9359340156077,-0.03259632553319795,2.3770629821687788,341.9367583921227,13.0,1.0287888258439166
DynamicPressureSensor,Branched,P2,Gasket Leak,Transient,,7,BR_GL_Transient_P2,0.2337200930613637,345.0666115661825,-0.027738662638185294,2.1883441719179295,345.0666907176764,13.333333333333332,0.9618357295233146
DynamicPressureSensor,Branched,P2,Gasket Leak,Transient,,8,BR_GL_Transient_P2,-0.6117479636184877,65.69205123902343,-0.06530775297421683,0.8005954143581522,65.69489958559548,13.333333333333332,1.1251354162504366
DynamicPressureSensor,Branched,P2,Gasket Leak,Transient,,9,BR_GL_Transient_P2,-0.03055455858324765,35.85723767616321,-0.15975587279664177,-0.16480972999835464,35.85725069418888,23.0,1.6077001975208671
DynamicPressureSensor,Branched,P2,Gasket Leak,Transient,,10,BR_GL_Transient_P2,-0.16271684750921375,33.61490985046125,-0.08061113813715803,0.07103940753396021,33.615303672986514,22.333333333333332,1.1655697240009888
DynamicPressureSensor,Branched,P1,Longitudinal Crack,0.18 LPS,,0,BR_LC_0.18 LPS_P1,-16.515573924299154,3192.0092571144246,0.009879858227131645,0.033421759694006514,3192.05198292356,705.6666666666666,12.593791878783069
DynamicPressureSensor,Branched,P1,Longitudinal Crack,0.18 LPS,,1,BR_LC_0.18 LPS_P1,-0.03289787617731974,3131.595465312371,0.018384129494097685,-0.04332798834168994,3131.5954654851694,705.6666666666666,1.6889727323873105
DynamicPressureSensor,Branched,P1,Longitudinal Crack,0.18 LPS,,2,BR_LC_0.18 LPS_P1,-1.548804560341706,3120.7637587043864,0.0700367154774711,-0.07772846684002666,3120.764143032647,705.6666666666666,1.894401837557804
DynamicPressureSensor,Branched,P1,Longitudinal Crack,0.18 LPS,,3,BR_LC_0.18 LPS_P1,-1.2536210464926119,3177.430360263715,0.04064704307680197,-0.0339942383246532,3177.43060756507,705.3333333333333,1.8317357740720859
DynamicPressureSensor,Branched,P1,Longitudinal Crack,0.18 LPS,,4,BR_LC_0.18 LPS_P1,1.6528160644841028,3196.6589868484893,0.018188061631191833,-0.008464781274478028,3196.659414138477,705.3333333333333,1.884950735698503
DynamicPressureSensor,Branched,P1,Longitudinal Crack,0.18 LPS,,5,BR_LC_0.18 LPS_P1,1.2097393531980816,3051.719793593156,0.017377508972461354,0.02479967051224019,3051.7200333709443,705.6666666666666,1.7137373961809839
DynamicPressureSensor,Branched,P1,Longitudinal Crack,0.18 LPS,,6,BR_LC_0.18 LPS_P1,-1.0550468847896293,3119.9718236832955,0.015256243363211701,-0.032795002874194346,3119.972002070147,705.6666666666666,1.738774557726139
DynamicPressureSensor,Branched,P1,Longitudinal Crack,0.18 LPS,,7,BR_LC_0.18 LPS_P1,-0.53256094029902,3252.198720708386,0.0004377627978234184,-0.05101330648816127,3252.1987643129096,705.6666666666666,1.7979060254251251
DynamicPressureSensor,Branched,P1,Longitudinal Crack,0.18 LPS,,8,BR_LC_0.18 LPS_P1,-0.48331104999736446,3245.713927700436,-0.0060442848627304206,0.008462809030624907,3245.7139636847483,705.3333333333333,1.7922129055565443
DynamicPressureSensor,Branched,P1,Longitudinal Crack,0.18 LPS,,9,BR_LC_0.18 LPS_P1,-0.18228762266291929,3205.0383175766015,-0.003041559130193279,0.0202457137042118,3205.0383227604357,705.3333333333333,1.7496422670464649
DynamicPressureSensor,Branched,P2,Longitudinal Crack,0.18 LPS,,0,BR_LC_0.18 LPS_P2,0.0643930441223409,34.20965061384232,0.13340199756189916,-0.36567126624931534,34.209711217508016,13.666666666666666,1.3266013810062312
DynamicPressureSensor,Branched,P2,Longitudinal Crack,0.18 LPS,,1,BR_LC_0.18 LPS_P2,0.15585405245243655,33.41050080057361,0.12657463954627318,-0.5278639396026215,33.41086431433338,13.666666666666666,1.3268558753009465
DynamicPressureSensor,Branched,P2,Longitudinal Crack,0.18 LPS,,2,BR_LC_0.18 LPS_P2,-0.38311500197781473,37.418719930870026,0.03432040498943429,-0.5126498350718842,37.42068115854694,14.0,1.1494459601214984
DynamicPressureSensor,Branched,P2,Longitudinal Crack,0.18 LPS,,3,BR_LC_0.18 LPS_P2,0.05961730555153515,35.20832648362891,0.004542276237090433,-0.28338692186491876,35.20837695777705,13.666666666666666,0.9941639186864867
DynamicPressureSensor,Branched,P2,Longitudinal Crack,0.18 LPS,,4,BR_LC_0.18 LPS_P2,0.1368937904910422,31.74372866627766,0.017237216243173186,-0.3094974901995653,31.7440238398999,14.0,0.9974673227209057
DynamicPressureSensor,Branched,P2,Longitudinal Crack,0.18 LPS,,5,BR_LC_0.18 LPS_P2,-0.22423876123344816,29.950969025735873,0.08056796445676287,-0.11781206027494218,29.951808436263565,22.333333333333332,1.1136104876666162
DynamicPressureSensor,Branched,P2,Longitudinal Crack,0.18 LPS,,6,BR_LC_0.18 LPS_P2,-0.06263416385717119,29.15733009257477,0.03645041186302424,-0.02946505092740459,29.15739736612046,13.666666666666666,0.9699879552348339
DynamicPressureSensor,Branched,P2,Longitudinal Crack,0.18 LPS,,7,BR_LC_0.18 LPS_P2,0.07838193035285265,34.864519779529104,-0.05294348656035657,0.030262688517562975,34.86460788800273,13.333333333333332,1.0800617227173175
DynamicPressureSensor,Branched,P2,Longitudinal Crack,0.18 LPS,,8,BR_LC_0.18 LPS_P2,0.0013088442151298215,35.068475068503936,-0.0885720222623373,-0.015562358038959001,35.06847509292862,13.666666666666666,1.2291412963611354
DynamicPressureSensor,Branched,P2,Longitudinal Crack,0.18 LPS,,9,BR_LC_0.18 LPS_P2,-0.029451375708299386,31.603318828932775,-0.045183437299053816,-0.2330552667631305,31.603332551911482,22.0,1.0736247751023307
DynamicPressureSensor,Branched,P2,Longitudinal Crack,0.18 LPS,,10,BR_LC_0.18 LPS_P2,0.05034287286811637,30.149397589381213,0.03253988280339338,-0.2627595208987423,30.149439620122866,22.0,0.9908740202827018
DynamicPressureSensor,Branched,P1,Longitudinal Crack,0.47 LPS,,0,BR_LC_0.47 LPS_P1,7.172826651365971,3298.789572473947,0.019812664124145583,-0.1099363073452313,3298.797370695117,702.6666666666666,3.5025488985640534
DynamicPressureSensor,Branched,P1,Longitudinal Crack,0.47 LPS,,1,BR_LC_0.47 LPS_P1,1.5875900390074678,3276.3153541955908,0.0009460918529182084,-0.08290701597829431,3276.3157388414065,702.6666666666666,1.944302162480265
DynamicPressureSensor,Branched,P1,Longitudinal Crack,0.47 LPS,,2,BR_LC_0.47 LPS_P1,-0.31451460665264336,3264.53799523906,-0.0031012855065510733,-0.044390166066739845,3264.5380103896623,702.6666666666666,1.8031964698541005
DynamicPressureSensor,Branched,P1,Longitudinal Crack,0.47 LPS,,3,BR_LC_0.47 LPS_P1,-1.5733828468367543,3318.823909467972,0.008498669107359342,-0.12459421161836826,3318.8242824213908,702.6666666666666,1.9671107507094228
DynamicPressureSensor,Branched,P1,Longitudinal Crack,0.47 LPS,,4,BR_LC_0.47 LPS_P1,0.8073040366476137,3272.2487613520498,-0.002960773324962572,-0.20722283391828666,3272.248860937968,702.6666666666666,1.8466845794604063
DynamicPressureSensor,Branched,P1,Longitudinal Crack,0.47 LPS,,5,BR_LC_0.47 LPS_P1,0.6885668408212545,3234.119305133313,-0.009748009883256623,-0.15855620317020724,3234.119378433684,702.6666666666666,1.808201190716223
DynamicPressureSensor,Branched,P1,Longitudinal Crack,0.47 LPS,,6,BR_LC_0.47 LPS_P1,0.24588258212627673,3299.0941700154804,-0.02405116587959292,-0.12028695154629299,3299.0941791783357,702.6666666666666,1.8515610251244798
DynamicPressureSensor,Branched,P1,Longitudinal Crack,0.47 LPS,,7,BR_LC_0.47 LPS_P1,0.27191146002270256,3338.4218159826714,-0.020279177905709038,-0.1406151141971983,3338.421827056144,702.6666666666666,1.8848472196415498
DynamicPressureSensor,Branched,P1,Longitudinal Crack,0.47 LPS,,8,BR_LC_0.47 LPS_P1,1.0903113000110465,3288.8771506435924,0.015872493649100292,-0.11715900109026123,3288.877331370729,702.6666666666666,1.886483103935337
DynamicPressureSensor,Branched,P1,Longitudinal Crack,0.47 LPS,,9,BR_LC_0.47 LPS_P1,-0.686155069112469,3283.1326188807257,0.019822197594423333,-0.12462692792015595,3283.132690581876,702.6666666666666,1.8392979804856007
DynamicPressureSensor,Branched,P1,Longitudinal Crack,0.47 LPS,,10,BR_LC_0.47 LPS_P1,-1.3483979403202866,3331.129083393268,0.03152344710198428,-0.1862315291849046,3331.1293563002746,702.6666666666666,1.9608824855811524
DynamicPressureSensor,Branched,P1,Longitudinal Crack,0.47 LPS,,11,BR_LC_0.47 LPS_P1,0.7005506196956096,3354.380055688029,0.01712364036265872,-0.19260915387746325,3354.38012884181,702.6666666666666,1.9096704192561518
DynamicPressureSensor,Branched,P2,Longitudinal Crack,0.47 LPS,,0,BR_LC_0.47 LPS_P2,0.2976919640622343,49.870619706268336,-0.042230891405581325,0.039096753958016706,49.87150820250684,21.333333333333332,1.028111290337819
DynamicPressureSensor,Branched,P2,Longitudinal Crack,0.47 LPS,,1,BR_LC_0.47 LPS_P2,-0.31019840614355304,51.580339814018195,-0.05548504018103025,0.48836492099342754,51.58127255487949,22.333333333333332,1.0227046855311819
DynamicPressureSensor,Branched,P2,Longitudinal Crack,0.47 LPS,,2,BR_LC_0.47 LPS_P2,-0.03578479485596697,52.77119330145805,-0.03898506050569936,0.277057658426918,52.771205434511295,22.333333333333332,0.9933082019299787
DynamicPressureSensor,Branched,P2,Longitudinal Crack,0.47 LPS,,3,BR_LC_0.47 LPS_P2,0.057640328182771865,49.60639694203428,0.002823012570047456,-0.44436546075233396,49.60643042971446,21.666666666666664,1.004071211065535
DynamicPressureSensor,Branched,P2,Longitudinal Crack,0.47 LPS,,4,BR_LC_0.47 LPS_P2,-0.21164640791229694,54.94958517820221,-0.0030197700830680066,-0.6884654989068331,54.94999277032238,21.666666666666664,1.0520798368600095
DynamicPressureSensor,Branched,P2,Longitudinal Crack,0.47 LPS,,5,BR_LC_0.47 LPS_P2,0.23429757604814758,54.07217618778705,-0.021543398626450442,-0.6506589635829778,54.07268379724856,21.666666666666664,1.0646825858420543
DynamicPressureSensor,Branched,P2,Longitudinal Crack,0.47 LPS,,6,BR_LC_0.47 LPS_P2,-0.04580677598974565,51.440899272211595,0.02824850744361613,-0.4182750119593748,51.4409196670758,13.666666666666666,1.0091317023250947
DynamicPressureSensor,Branched,P2,Longitudinal Crack,0.47 LPS,,7,BR_LC_0.47 LPS_P2,-0.27246577351236556,44.06505195855497,-0.009134453587302046,-0.11913006684252903,44.065894314173235,13.666666666666666,0.992961996784276
DynamicPressureSensor,Branched,P2,Longitudinal Crack,0.47 LPS,,8,BR_LC_0.47 LPS_P2,0.51295154702421,60.237470294557994,-0.014539709602478218,0.3016706590520455,60.23965427172828,13.666666666666666,0.9801457528939075
DynamicPressureSensor,Branched,P2,Longitudinal Crack,0.47 LPS,,9,BR_LC_0.47 LPS_P2,0.20136241357730753,72.15746583419046,0.001152801508616517,-0.4991294765155927,72.15774679432532,14.0,1.0130823799500592
DynamicPressureSensor,Branched,P2,Longitudinal Crack,0.47 LPS,,10,BR_LC_0.47 LPS_P2,-0.3830524955953649,61.30943810993042,-0.013722467793627886,-0.1352448343572381,61.310634726528235,14.0,1.0108102281399205
DynamicPressureSensor,Branched,P1,Longitudinal Crack,ND,,0,BR_LC_ND_P1,-24.991411633525164,4528.400208909119,-0.05485078056977448,-0.3638502188030204,4528.469169896554,705.6666666666666,19.599560209573998
DynamicPressureSensor,Branched,P1,Longitudinal Crack,ND,,1,BR_LC_ND_P1,2.175461139463648,4508.090112119141,-0.050126910453541874,-0.3291501695363981,4508.090637023344,705.6666666666666,3.3774514008166028
DynamicPressureSensor,Branched,P1,Longitudinal Crack,ND,,2,BR_LC_ND_P1,-0.46313477279894527,4428.177455641539,-0.06882289225289097,-0.3174745087355193,4428.1774798607385,705.6666666666666,3.1329336420209364
DynamicPressureSensor,Branched,P1,Longitudinal Crack,ND,,3,BR_LC_ND_P1,-1.0484276424660848,4361.367665004843,-0.08799420828631664,-0.3380904603442896,4361.367791020417,705.6666666666666,3.089558075110976
DynamicPressureSensor,Branched,P1,Longitudinal Crack,ND,,4,BR_LC_ND_P1,-1.6400251509006885,4427.811638583816,-0.07298079971975543,-0.3412950233511509,4427.811942309745,705.6666666666666,3.183266915056281
DynamicPressureSensor,Branched,P1,Longitudinal Crack,ND,,5,BR_LC_ND_P1,-0.6452508741807466,4415.715368815002,-0.05955417977637428,-0.37862332307927815,4415.71541595897,705.6666666666666,3.106866151256722
DynamicPressureSensor,Branched,P1,Longitudinal Crack,ND,,6,BR_LC_ND_P1,3.434976636330337,4408.936410003949,-0.03683913369529339,-0.2816957976707699,4408.937748088875,705.6666666666666,3.436992045512784
DynamicPressureSensor,Branched,P1,Longitudinal Crack,ND,,7,BR_LC_ND_P1,0.08282304470196095,4423.294445912433,-0.07212329502645831,-0.20452757029024538,4423.294446687833,705.6666666666666,3.142314184537949
DynamicPressureSensor,Branched,P1,Longitudinal Crack,ND,,8,BR_LC_ND_P1,-1.0702102118436165,4364.285799087965,-0.11368864141798447,-0.2771722723786181,4364.285930306443,705.6666666666666,3.1396652859907688
DynamicPressureSensor,Branched,P1,Longitudinal Crack,ND,,9,BR_LC_ND_P1,-1.525269326336012,4360.882483571015,-0.08599582503847318,-0.2777203101238177,4360.8827503113425,705.6666666666666,3.1129984787295952
DynamicPressureSensor,Branched,P1,Longitudinal Crack,ND,,10,BR_LC_ND_P1,0.9908521797422213,4375.92513260093,-0.03522367121955916,-0.27303095626451945,4375.925244781555,705.6666666666666,3.0856619991213443
DynamicPressureSensor,Branched,P2,Longitudinal Crack,ND,,0,BR_LC_ND_P2,0.0006226534078709278,54.30743777573616,-0.017485305972143636,-0.49261830144008734,54.30743777930563,21.666666666666664,1.031651149041379
DynamicPressureSensor,Branched,P2,Longitudinal Crack,ND,,1,BR_LC_ND_P2,0.4644187076522849,48.51041274888647,0.022749644797430708,0.10360608463875343,48.51263577464478,21.666666666666664,0.9967197941205089
DynamicPressureSensor,Branched,P2,Longitudinal Crack,ND,,2,BR_LC_ND_P2,0.0743367152594109,41.23810747271198,0.05226614069086415,-0.25836569443850044,41.238174473152654,22.0,1.012728521364486
DynamicPressureSensor,Branched,P2,Longitudinal Crack,ND,,3,BR_LC_ND_P2,-0.048455533955642734,38.76168584039264,0.03414026560950157,0.13342573252338719,38.76171612723134,22.0,0.9322559643946138
DynamicPressureSensor,Branched,P2,Longitudinal Crack,ND,,4,BR_LC_ND_P2,0.25035548606895575,37.08744086489469,0.03532821612656044,0.25468193967428654,37.08828585654055,21.333333333333332,0.9305397401642981
DynamicPressureSensor,Branched,P2,Longitudinal Crack,ND,,5,BR_LC_ND_P2,0.1632409145343909,41.379668812314414,-0.022796528996003856,-0.1059261322685825,41.379990800059446,14.0,1.0045284615159722
DynamicPressureSensor,Branched,P2,Longitudinal Crack,ND,,6,BR_LC_ND_P2,-0.09807375127768021,49.607104404529025,-0.058511070948118075,-0.18848433862902114,49.607201350837485,22.666666666666664,1.1008609256753075
DynamicPressureSensor,Branched,P2,Longitudinal Crack,ND,,7,BR_LC_ND_P2,-0.20767325455594948,51.149559835897215,-0.027970434722535333,-0.27809979744930713,51.1499814231314,21.666666666666664,1.0235531050673479
DynamicPressureSensor,Branched,P2,Longitudinal Crack,ND,,8,BR_LC_ND_P2,-0.29489366838357806,41.6601829950318,-0.02913449385975259,0.04395169150024669,41.66122669167568,22.333333333333332,1.0006620569964206
DynamicPressureSensor,Branched,P2,Longitudinal Crack,ND,,9,BR_LC_ND_P2,0.17600850927077913,39.41908140435494,-0.0739546689589694,0.46630875245670733,39.419474346552335,22.0,1.118991856254759
DynamicPressureSensor,Branched,P2,Longitudinal Crack,ND,,10,BR_LC_ND_P2,0.2383736121946771,41.71975951529685,-0.023536285787226063,0.06817920681119904,41.72044050574242,22.0,0.9785932346804154
DynamicPressureSensor,Branched,P1,Longitudinal Crack,Transient,,0,BR_LC_Transient_P1,22.74677987283783,4127.677121139204,-0.045871989444918757,-0.20431302237712456,4127.739797076678,701.6666666666666,12.755337468947832
DynamicPressureSensor,Branched,P1,Longitudinal Crack,Transient,,1,BR_LC_Transient_P1,3.0795779853179184,4076.6583782405287,-0.0702281852825238,-0.2842656801730503,4076.6595414235003,701.6666666666666,3.0621417170225014
DynamicPressureSensor,Branched,P1,Longitudinal Crack,Transient,,2,BR_LC_Transient_P1,1.785528386286252,4079.0947878039324,-0.08191380605693326,-0.28083949575931166,4079.095178590569,701.6666666666666,2.889197278160989
DynamicPressureSensor,Branched,P1,Longitudinal Crack,Transient,,3,BR_LC_Transient_P1,-2.1192171709399044,4082.4425078464956,-0.08323327550254403,-0.23177750699792998,4082.4430578947945,701.6666666666666,2.8571830367578874
DynamicPressureSensor,Branched,P1,Longitudinal Crack,Transient,,4,BR_LC_Transient_P1,1.9294085999384607,4025.2301154742713,-0.06351204202954497,-0.2135060426189277,4025.2305778847704,701.6666666666666,2.81787582751984
DynamicPressureSensor,Branched,P1,Longitudinal Crack,Transient,,5,BR_LC_Transient_P1,1.5122196340067926,4078.525149895895,-0.0719871418259172,-0.26172749045819277,4078.5254302433323,701.6666666666666,2.8391647421726818
DynamicPressureSensor,Branched,P1,Longitudinal Crack,Transient,,6,BR_LC_Transient_P1,-1.1780849802741327,4062.282436291105,-0.07515080284236268,-0.1794602062385504,4062.282607116769,701.6666666666666,2.7397270779579728
DynamicPressureSensor,Branched,P1,Longitudinal Crack,Transient,,7,BR_LC_Transient_P1,-1.5393293922694442,4004.064120020837,-0.07158500642053554,0.13219295864702563,4004.064415912064,705.3333333333333,2.6958659131144787
DynamicPressureSensor,Branched,P1,Longitudinal Crack,Transient,,8,BR_LC_Transient_P1,-0.7276632462907343,4117.901117811334,-0.06730389599835232,0.07143979132651213,4117.901182103043,705.3333333333333,2.7758744069751264
DynamicPressureSensor,Branched,P1,Longitudinal Crack,Transient,,9,BR_LC_Transient_P1,-1.307662069888704,4126.187733578834,-0.07241450926222154,-0.16714520341320682,4126.187940789479,705.3333333333333,2.8097196968287967
DynamicPressureSensor,Branched,P2,Longitudinal Crack,Transient,,0,BR_LC_Transient_P2,-0.43524898808583223,55.79403437300226,0.00031695886616434256,-0.24852646986875193,55.7957320347837,22.333333333333332,1.0475674989765948
DynamicPressureSensor,Branched,P2,Longitudinal Crack,Transient,,1,BR_LC_Transient_P2,-0.25143151367114086,61.10059754537348,-0.02379614080882896,-0.1713950326260849,61.10111486877933,21.666666666666664,0.9984068841569506
DynamicPressureSensor,Branched,P2,Longitudinal Crack,Transient,,2,BR_LC_Transient_P2,0.500599143987012,62.61179531026281,-0.07280980875821462,-0.13297660037738224,62.61379649468007,22.0,1.1630700714039681
DynamicPressureSensor,Branched,P2,Longitudinal Crack,Transient,,3,BR_LC_Transient_P2,0.3354426793895256,66.97763689909013,-0.02103372890367598,-0.42844531244687634,66.97847688905381,14.333333333333332,1.0377915413396788
DynamicPressureSensor,Branched,P2,Longitudinal Crack,Transient,,4,BR_LC_Transient_P2,-0.15613976637031612,71.37434704306372,0.014696885502168943,-0.3890764578514827,71.37451782989739,14.333333333333332,0.9930653015526957
DynamicPressureSensor,Branched,P2,Longitudinal Crack,Transient,,5,BR_LC_Transient_P2,3.3571232461285128,249.39484477005186,0.4813304837625089,12.457295409601814,249.4174389940847,14.333333333333332,5.703515952584379
DynamicPressureSensor,Branched,P2,Longitudinal Crack,Transient,,6,BR_LC_Transient_P2,0.48165232138069314,351.82799519929796,0.09764901871418227,2.41350526953189,351.8283248900177,14.666666666666666,0.9907689263210295
DynamicPressureSensor,Branched,P2,Longitudinal Crack,Transient,,7,BR_LC_Transient_P2,-3.591514237826321,258.75254438707185,-0.1713421633843123,2.1539047804739972,258.77746849620445,14.666666666666666,5.104049486490349
DynamicPressureSensor,Branched,P2,Longitudinal Crack,Transient,,8,BR_LC_Transient_P2,-0.4277462589253943,63.994865661039945,-0.08324831999459524,1.3215365149794946,63.99629518836676,14.333333333333332,1.1087708714202107
DynamicPressureSensor,Branched,P2,Longitudinal Crack,Transient,,9,BR_LC_Transient_P2,0.16744056010363464,42.96454889974379,0.02411348477612664,-0.055095503005682556,42.96487517146586,22.666666666666664,0.9496690725334604
DynamicPressureSensor,Branched,P2,Longitudinal Crack,Transient,,10,BR_LC_Transient_P2,0.02149336687707108,61.783946246290675,-0.014859428512706236,-0.33660991683047925,61.78394998484117,22.666666666666664,1.001079813608921
DynamicPressureSensor,Branched,P1,No Leak,0.18 LPS,,0,BR_NL_0.18 LPS_P1,-5.500926039019546,2948.0434239691917,-0.00595180066753144,-0.11960417938270496,2948.048556213972,706.0,3.246308708896697
DynamicPressureSensor,Branched,P1,No Leak,0.18 LPS,,1,BR_NL_0.18 LPS_P1,1.48772535116977,3000.07193274532,0.05076393078044285,-0.1305121420145512,3000.072301624239,706.0,1.7342796078790257
DynamicPressureSensor,Branched,P1,No Leak,0.18 LPS,,2,BR_NL_0.18 LPS_P1,0.23050671972586353,2951.1432068182935,0.08810639920797077,-0.09543282746013082,2951.143215820457,706.0,1.6680060975411983
DynamicPressureSensor,Branched,P1,No Leak,0.18 LPS,,3,BR_NL_0.18 LPS_P1,-1.6373084695169586,2914.9429822091092,0.06598529059140136,-0.13058669592559857,2914.943442042943,706.0,1.7894767757462295
DynamicPressureSensor,Branched,P1,No Leak,0.18 LPS,,4,BR_NL_0.18 LPS_P1,0.20728384193104527,2961.0384118369516,0.01227152592520127,-0.15170400923920946,2961.0384190922764,706.0,1.569462802178707
DynamicPressureSensor,Branched,P1,No Leak,0.18 LPS,,5,BR_NL_0.18 LPS_P1,0.40314017555124676,2992.243800623828,-0.0017291481147188763,-0.1414118365720829,2992.24382778104,706.0,1.5995500969725962
DynamicPressureSensor,Branched,P1,No Leak,0.18 LPS,,6,BR_NL_0.18 LPS_P1,-1.3447540385573442,2913.7052088558453,0.005207152524545428,-0.06079206478649635,2913.705519176073,706.0,1.6466409333132221
DynamicPressureSensor,Branched,P1,No Leak,0.18 LPS,,7,BR_NL_0.18 LPS_P1,-0.2931881343758661,2866.5298457675062,-0.01518775517667769,-0.0048473618160760346,2866.52986076112,706.0,1.5217432043486405
DynamicPressureSensor,Branched,P1,No Leak,0.18 LPS,,8,BR_NL_0.18 LPS_P1,-0.4809981319757327,2993.8529915908807,-0.026622093101315133,-0.052025080136753665,2993.853030229919,706.0,1.6128161661237095
DynamicPressureSensor,Branched,P1,No Leak,0.18 LPS,,9,BR_NL_0.18 LPS_P1,-0.9874477764835801,3051.1777207082364,0.008024431596558832,-0.06966446269071813,3051.1778804913065,706.0,1.6794706719721229
DynamicPressureSensor,Branched,P1,No Leak,0.18 LPS,,10,BR_NL_0.18 LPS_P1,1.8175104707011018,2991.3528138674524,0.02986068068923056,-0.06263569828241256,2991.3533660162984,706.0,1.7688841649651184
DynamicPressureSensor,Branched,P2,No Leak,0.18 LPS,,0,BR_NL_0.18 LPS_P2,0.13680781042111756,41.67218430377292,-0.10477567172201122,-0.11375250704791284,41.67240886995388,22.0,1.303325169415958
DynamicPressureSensor,Branched,P2,No Leak,0.18 LPS,,1,BR_NL_0.18 LPS_P2,0.0017347524046840235,38.31827619322413,0.0036487333346769246,-0.2600486078636486,38.31827623249215,13.666666666666666,0.9897974654291702
DynamicPressureSensor,Branched,P2,No Leak,0.18 LPS,,2,BR_NL_0.18 LPS_P2,-0.21958231272434947,43.77844464315988,0.09126346222055258,-0.07756475111155448,43.778995326141,13.666666666666666,1.131659294284866
DynamicPressureSensor,Branched,P2,No Leak,0.18 LPS,,3,BR_NL_0.18 LPS_P2,-0.18924990676247425,39.75837193610125,0.08679122427027446,0.31492964338243024,39.75882234846215,13.333333333333332,1.0564351917268038
DynamicPressureSensor,Branched,P2,No Leak,0.18 LPS,,4,BR_NL_0.18 LPS_P2,0.2538442269464908,33.42116849065664,-0.07049819056318654,-0.30453242978828277,33.422132489899774,22.333333333333332,1.1642271863353564
DynamicPressureSensor,Branched,P2,No Leak,0.18 LPS,,5,BR_NL_0.18 LPS_P2,0.18530292337734622,41.92970822637111,-0.13027170443131428,0.0033939266592111217,41.93011768552559,13.666666666666666,1.4332002053430009
DynamicPressureSensor,Branched,P2,No Leak,0.18 LPS,,6,BR_NL_0.18 LPS_P2,-0.1599156681670246,49.86613288495042,-0.06787728443902204,-0.5968229708031632,49.86638930101576,13.333333333333332,1.1857931646537563
DynamicPressureSensor,Branched,P2,No Leak,0.18 LPS,,7,BR_NL_0.18 LPS_P2,0.03972967955005136,45.5192829532887,0.0006890696816074128,-0.5909274397903777,45.519300291513666,13.666666666666666,1.0375079952378727
DynamicPressureSensor,Branched,P2,No Leak,0.18 LPS,,8,BR_NL_0.18 LPS_P2,0.09726983692809642,37.41293901619039,0.03468012592601423,-0.278632798160646,37.41306546181905,21.666666666666664,0.9922417164896933
DynamicPressureSensor,Branched,P2,No Leak,0.18 LPS,,9,BR_NL_0.18 LPS_P2,-0.374852624852752,33.39620299305189,0.07610244195479723,0.0022080171921090574,33.39830667628954,21.333333333333332,1.1823293674512634
DynamicPressureSensor,Branched,P2,No Leak,0.18 LPS,,10,BR_NL_0.18 LPS_P2,-0.2359401357704678,33.08688785844572,-0.010707498233445854,0.0643846487339963,33.08772908352929,22.666666666666664,0.965483777146418
DynamicPressureSensor,Branched,P1,No Leak,0.47 LPS,,0,BR_NL_0.47 LPS_P1,-11.77813352830411,3134.396363154255,0.0035535832047440385,-0.1483142444596024,3134.418492445454,703.0,7.799226590353695
DynamicPressureSensor,Branched,P1,No Leak,0.47 LPS,,1,BR_NL_0.47 LPS_P1,0.08563454114537725,3039.1374169132437,-0.0595293000067587,-0.14944598655005148,3039.137418119717,703.0,1.690881642478313
DynamicPressureSensor,Branched,P1,No Leak,0.47 LPS,,2,BR_NL_0.47 LPS_P1,-0.370728201652211,3039.760213716393,-0.032507632310308364,-0.016057559223242812,3039.760236323341,703.0,1.6458169240005265
DynamicPressureSensor,Branched,P1,No Leak,0.47 LPS,,3,BR_NL_0.47 LPS_P1,-0.904285191991799,3075.9161431091898,0.0065010895316158675,-0.08935616677980063,3075.9162760340896,703.0,1.6864825626768334
DynamicPressureSensor,Branched,P1,No Leak,0.47 LPS,,4,BR_NL_0.47 LPS_P1,0.7917365269124108,3130.5813656141463,0.02986035686094265,-0.1453375114013271,3130.581465730809,703.0,1.7283936216180926
DynamicPressureSensor,Branched,P1,No Leak,0.47 LPS,,5,BR_NL_0.47 LPS_P1,0.3266286529349236,3126.0715785511916,0.02373190099037469,-0.09847918018152368,3126.071595615145,703.0,1.6935423036013997
DynamicPressureSensor,Branched,P1,No Leak,0.47 LPS,,6,BR_NL_0.47 LPS_P1,-3.2115431229178495,3007.9773497777405,-0.0001447406606807524,-0.10764667589975607,3007.9790642198877,703.0,2.198281707518858
DynamicPressureSensor,Branched,P1,No Leak,0.47 LPS,,7,BR_NL_0.47 LPS_P1,1.0720385368540706,3079.9942499109975,-0.00665270931023271,0.07485263617492244,3079.9944364805974,703.0,1.725904703323263
DynamicPressureSensor,Branched,P1,No Leak,0.47 LPS,,8,BR_NL_0.47 LPS_P1,1.9853837738051714,3212.0304232419467,0.006512747638111401,0.07752001778614082,3212.0310368333253,703.0,1.9587146644156743
DynamicPressureSensor,Branched,P1,No Leak,0.47 LPS,,9,BR_NL_0.47 LPS_P1,-1.008727008186065,3155.6126871254282,0.0447152941772195,-0.06450315632765413,3155.6128483508787,703.0,1.788748910121007
DynamicPressureSensor,Branched,P2,No Leak,0.47 LPS,,0,BR_NL_0.47 LPS_P2,-0.024593723692262315,39.873240374412866,0.012387340605140169,-0.14851625707595772,39.873247959088474,12.666666666666666,0.9707983432439807
DynamicPressureSensor,Branched,P2,No Leak,0.47 LPS,,1,BR_NL_0.47 LPS_P2,0.16692052285692574,45.08029345615272,0.004923050952624061,0.2282123056906391,45.080602486588354,13.0,0.9255866130401257
DynamicPressureSensor,Branched,P2,No Leak,0.47 LPS,,2,BR_NL_0.47 LPS_P2,-0.01587545572122875,47.949765527638675,0.06547270461634595,0.13128076887079176,47.949768155702486,13.0,0.9922029250781752
DynamicPressureSensor,Branched,P2,No Leak,0.47 LPS,,3,BR_NL_0.47 LPS_P2,-0.3304520900456227,48.63561608386437,0.10554992989975936,0.16321327746997394,48.63673869042683,21.0,1.1894725546169707
DynamicPressureSensor,Branched,P2,No Leak,0.47 LPS,,4,BR_NL_0.47 LPS_P2,-0.2793214267034665,52.57735086606347,0.030090334596339117,-0.06360935137867951,52.57809281965789,13.333333333333332,0.9817764265111023
DynamicPressureSensor,Branched,P2,No Leak,0.47 LPS,,5,BR_NL_0.47 LPS_P2,0.11901226772103794,48.31210666951172,-0.0635552658343464,0.11866887028306428,48.31225325697557,13.333333333333332,1.1071546079019141
DynamicPressureSensor,Branched,P2,No Leak,0.47 LPS,,6,BR_NL_0.47 LPS_P2,0.4274256940717898,47.236327036920784,-0.008703502822172828,-0.09317295611860166,47.23826081327388,21.666666666666664,1.0084924495887504
DynamicPressureSensor,Branched,P2,No Leak,0.47 LPS,,7,BR_NL_0.47 LPS_P2,0.10641475382310642,43.240171597555324,0.06337525282741688,-0.03861644860415092,43.240302541562556,22.333333333333332,1.0039255896109849
DynamicPressureSensor,Branched,P2,No Leak,0.47 LPS,,8,BR_NL_0.47 LPS_P2,0.028993517679277013,40.79529585198785,0.16562213724830158,0.17928717464761723,40.79530615493999,21.0,1.4161420089707524
DynamicPressureSensor,Branched,P2,No Leak,0.47 LPS,,9,BR_NL_0.47 LPS_P2,0.08323057168084143,52.468581898005816,0.06637957889253916,-0.12903530196904045,52.46864791202272,13.333333333333332,1.0278022906463082
DynamicPressureSensor,Branched,P2,No Leak,0.47 LPS,,10,BR_NL_0.47 LPS_P2,-0.18595594106144248,50.3586449679871,0.002006586306022755,-0.09252425227531802,50.35898830024078,13.0,0.9658626733370308
DynamicPressureSensor,Branched,P1,No Leak,ND,,0,BR_NL_ND_P1,9.459715843771452,2845.3876589782453,-0.03255369544505339,0.963757948159564,2845.403383720759,706.3333333333333,4.463370446329078
DynamicPressureSensor,Branched,P1,No Leak,ND,,1,BR_NL_ND_P1,1.203959595367472,2713.1068363155955,-0.05471399719754841,1.3010374209861988,2713.1071034482084,706.3333333333333,1.6810654494182098
DynamicPressureSensor,Branched,P1,No Leak,ND,,2,BR_NL_ND_P1,0.7808197472097881,2750.954439432372,-0.030549363131824783,1.008417505799299,2750.9545502447245,706.3333333333333,1.5687121319299298
DynamicPressureSensor,Branched,P1,No Leak,ND,,3,BR_NL_ND_P1,-0.4979776572508492,2942.440706492601,-0.022131360469674104,0.8085438590377754,2942.4407486313844,706.3333333333333,1.5975357353880308
DynamicPressureSensor,Branched,P1,No Leak,ND,,4,BR_NL_ND_P1,-0.3359002607780279,2784.3328866609077,-7.650627147388938e-06,1.173294127975863,2784.3329069223114,706.3333333333333,1.5064661762332243
DynamicPressureSensor,Branched,P1,No Leak,ND,,5,BR_NL_ND_P1,-0.005412672807752586,2610.2153753228567,0.005563664984955636,1.1814638048243253,2610.215375328469,706.6666666666666,1.4389687614307982
DynamicPressureSensor,Branched,P1,No Leak,ND,,6,BR_NL_ND_P1,0.28251090527931544,2713.2818811908046,-0.054595409384161166,1.120054979176838,2713.28189589853,706.6666666666666,1.5677123360272065
DynamicPressureSensor,Branched,P1,No Leak,ND,,7,BR_NL_ND_P1,-1.1294262644242878,2664.81326077638,-0.045852928954476076,1.2321946601252414,2664.813500118409,706.6666666666666,1.5679803717574052
DynamicPressureSensor,Branched,P1,No Leak,ND,,8,BR_NL_ND_P1,-0.5624092648662296,2644.620515045029,-0.023125364556381627,1.276181608541676,2644.620574846459,706.6666666666666,1.485280323121189
DynamicPressureSensor,Branched,P1,No Leak,ND,,9,BR_NL_ND_P1,1.2138852758428968,2727.420312501845,-0.0420120999258212,0.9501843266288668,2727.4205826320817,706.6666666666666,1.634752080612805
DynamicPressureSensor,Branched,P2,No Leak,ND,,0,BR_NL_ND_P2,-0.27428326724785507,33.49174356298786,0.11358954801460949,-0.4517566311974135,33.49286667634813,13.666666666666666,1.322413861677358
DynamicPressureSensor,Branched,P2,No Leak,ND,,1,BR_NL_ND_P2,-0.09576338077848884,31.41263376980975,0.12261434332792727,-0.24858467870455936,31.412779739801604,13.333333333333332,1.27044417225235
DynamicPressureSensor,Branched,P2,No Leak,ND,,2,BR_NL_ND_P2,0.17951204987528027,26.32124977973774,0.1274184764264248,0.29738939222807614,26.32186191255084,13.333333333333332,1.2285920364153442
DynamicPressureSensor,Branched,P2,No Leak,ND,,3,BR_NL_ND_P2,-0.007879374395474474,25.47966686365539,-0.013734236948718368,0.008041217549330515,25.479668081970754,13.333333333333332,0.9823051807996342
DynamicPressureSensor,Branched,P2,No Leak,ND,,4,BR_NL_ND_P2,-0.06269880978516415,31.172349819704614,0.06529084383801653,-0.5113420947697671,31.172412874572075,13.333333333333332,1.0979022244484478
DynamicPressureSensor,Branched,P2,No Leak,ND,,5,BR_NL_ND_P2,0.07794665098459057,32.190731007334,0.14669141180802758,-0.3462652489158664,32.190825377224094,13.666666666666666,1.3908717002863233
DynamicPressureSensor,Branched,P2,No Leak,ND,,6,BR_NL_ND_P2,-0.09723675660179609,26.701813600442858,0.14210314709414887,0.4831382117657559,26.701990647508467,13.666666666666666,1.2758959586916885
DynamicPressureSensor,Branched,P2,No Leak,ND,,7,BR_NL_ND_P2,-0.07140222457925299,26.765272230199532,0.0717916222181923,0.15975469271947818,26.765367470564737,13.333333333333332,1.0178149146320317
DynamicPressureSensor,Branched,P2,No Leak,ND,,8,BR_NL_ND_P2,0.15355124892248664,27.24956896307344,0.08391961654279126,0.07384286121310213,27.250001590079606,13.333333333333332,1.069833965710644
DynamicPressureSensor,Branched,P2,No Leak,ND,,9,BR_NL_ND_P2,0.12188489834017266,23.22714881454315,0.10882068620747883,0.24928432343416818,23.22746860898485,12.0,1.1430458332068827
DynamicPressureSensor,Branched,P1,No Leak,Transient,,0,BR_NL_Transient_P1,18.82936183849912,3514.118934590071,0.0017077460815851848,-0.11268628008226989,3514.1693799974555,702.3333333333333,10.406829483790709
DynamicPressureSensor,Branched,P1,No Leak,Transient,,1,BR_NL_Transient_P1,-1.348081725226673,3496.7672960945497,-0.0033306758826159772,-0.07049907939838462,3496.767555952315,702.3333333333333,2.0942297593069146
DynamicPressureSensor,Branched,P1,No Leak,Transient,,2,BR_NL_Transient_P1,-0.5173458710181936,3534.240347805887,0.028024282928603973,-0.043795637654421515,3534.2403856707065,702.3333333333333,2.0754809012644615
DynamicPressureSensor,Branched,P1,No Leak,Transient,,3,BR_NL_Transient_P1,0.9152175512720165,3567.8813583242704,0.025145421416452898,-0.1040226945278131,3567.8814757080995,702.3333333333333,2.140799452587193
DynamicPressureSensor,Branched,P1,No Leak,Transient,,4,BR_NL_Transient_P1,-0.4664772836029931,3523.716603646921,0.005380407834091197,-0.15237694621647924,3523.716634523561,702.3333333333333,2.0537877077322926
DynamicPressureSensor,Branched,P1,No Leak,Transient,,5,BR_NL_Transient_P1,1.211424029071607,3489.607272055571,0.015460336182798434,-0.12818357411512693,3489.6074823296817,702.3333333333333,2.0883708057653507
DynamicPressureSensor,Branched,P1,No Leak,Transient,,6,BR_NL_Transient_P1,0.8496387280510658,3429.2379911064086,0.005307790387072401,-0.061274600111799415,3429.2380963609808,702.3333333333333,1.9967331922735956
DynamicPressureSensor,Branched,P1,No Leak,Transient,,7,BR_NL_Transient_P1,-0.779328307962986,2583.690917491977,-0.013893366384403612,2.0116357142766184,2583.6910350278235,702.6666666666666,1.5142031105139866
DynamicPressureSensor,Branched,P1,No Leak,Transient,,8,BR_NL_Transient_P1,-0.5207835554345486,1496.5194615905884,-0.16448930183304514,6.380051373731655,1496.5195522060162,466.0,2.2453859306323984
DynamicPressureSensor,Branched,P1,No Leak,Transient,,9,BR_NL_Transient_P1,0.09698862262379175,1887.3393214126977,-0.095948593237948,4.0628175145402095,1887.3393239047755,463.3333333333333,1.5558066426826052
DynamicPressureSensor,Branched,P2,No Leak,Transient,,0,BR_NL_Transient_P2,0.04726039063867648,45.953245032030594,0.22149469434146357,-0.3475333036552142,45.95326933438325,13.0,1.8099612079284595
DynamicPressureSensor,Branched,P2,No Leak,Transient,,1,BR_NL_Transient_P2,0.39613518295388245,58.82687917460024,0.035348936271075965,-0.5090970556877892,58.82821292973457,13.333333333333332,1.0608503433855374
DynamicPressureSensor,Branched,P2,No Leak,Transient,,2,BR_NL_Transient_P2,-0.009805437718323706,58.17523200616264,0.03678050046190384,-0.3752014906616652,58.175232832516095,13.333333333333332,1.0071258230104383
DynamicPressureSensor,Branched,P2,No Leak,Transient,,3,BR_NL_Transient_P2,-0.3095588551938782,38.20428450650817,0.09778342140111065,0.24590064471874662,38.205538621239846,13.333333333333332,1.1600713640809583
DynamicPressureSensor,Branched,P2,No Leak,Transient,,4,BR_NL_Transient_P2,-0.1059095558944017,37.70388954387974,0.1709950429561063,-0.15055144842414103,37.7040382926168,13.0,1.5041827216017454
DynamicPressureSensor,Branched,P2,No Leak,Transient,,5,BR_NL_Transient_P2,-4.125533799602754,222.12570665359306,-0.6973034724217588,23.09529663027968,222.1640150552959,12.333333333333332,9.357485553638869
DynamicPressureSensor,Branched,P2,No Leak,Transient,,6,BR_NL_Transient_P2,0.728403338310114,387.7741508846079,-0.1421378574237432,2.6258593264017094,387.774835008284,13.666666666666666,1.6157946322680803
DynamicPressureSensor,Branched,P2,No Leak,Transient,,7,BR_NL_Transient_P2,4.1857195001581164,325.4584020528008,-0.03007270490406699,2.6701079802958274,325.4853172026298,13.666666666666666,4.56114590706007
DynamicPressureSensor,Branched,P2,No Leak,Transient,,8,BR_NL_Transient_P2,-0.7758255536417774,65.90072057372835,0.0007532010834741247,1.448236882569744,65.90528717353644,13.666666666666666,1.189682063336383
DynamicPressureSensor,Branched,P2,No Leak,Transient,,9,BR_NL_Transient_P2,-0.04211255597510287,20.41398554018615,0.16006788431113875,0.7081866456504584,20.414028977698155,13.333333333333332,1.3453929167715242
DynamicPressureSensor,Branched,P1,Orifice Leak,0.18 LPS,,0,BR_OL_0.18 LPS_P1,-2.191858618679895,3456.701029354944,0.012304782505769675,-0.12132719396339464,3456.7017242723923,705.6666666666666,2.2004390847689494
DynamicPressureSensor,Branched,P1,Orifice Leak,0.18 LPS,,1,BR_OL_0.18 LPS_P1,0.3770873075205007,3410.0003223374483,0.0010734541874805436,-0.07238274300404601,3410.000343187129,705.6666666666666,1.9442813803022538
DynamicPressureSensor,Branched,P1,Orifice Leak,0.18 LPS,,2,BR_OL_0.18 LPS_P1,-1.5241985263612088,3438.3310351302566,0.0025333054152223942,0.017503865168435606,3438.331372965824,705.6666666666666,2.060540710737732
DynamicPressureSensor,Branched,P1,Orifice Leak,0.18 LPS,,3,BR_OL_0.18 LPS_P1,0.047910253703805285,3406.6455750952045,-0.011295847846410616,-0.062434662670174834,3406.6455754321037,705.6666666666666,1.9355984453137256
DynamicPressureSensor,Branched,P1,Orifice Leak,0.18 LPS,,4,BR_OL_0.18 LPS_P1,2.3337439111998104,3381.0900530765216,0.0017517387935984915,-0.16379129831066308,3381.09085849133,705.6666666666666,2.156550823399557
DynamicPressureSensor,Branched,P1,Orifice Leak,0.18 LPS,,5,BR_OL_0.18 LPS_P1,-0.635390123506389,3393.9826482230815,-0.004211732536629003,-0.08036280593134926,3393.98270769902,705.6666666666666,1.9315017828376746
DynamicPressureSensor,Branched,P1,Orifice Leak,0.18 LPS,,6,BR_OL_0.18 LPS_P1,-0.22502250586232417,3373.854542414345,-0.0001835996446262469,-0.03117141592555983,3373.8545499183915,705.6666666666666,1.8996336030279366
DynamicPressureSensor,Branched,P1,Orifice Leak,0.18 LPS,,7,BR_OL_0.18 LPS_P1,1.9729412393064305,3300.736708898667,0.01833347085485124,-0.06026479446786759,3300.7372985392726,705.6666666666666,2.0210510019031487
DynamicPressureSensor,Branched,P1,Orifice Leak,0.18 LPS,,8,BR_OL_0.18 LPS_P1,-1.7938970005963462,3295.491280552733,-0.017842961242719287,-0.13042276644439355,3295.491768805612,705.6666666666666,1.9806927462346893
DynamicPressureSensor,Branched,P1,Orifice Leak,0.18 LPS,,9,BR_OL_0.18 LPS_P1,-1.5899506312382234,3481.9358233028765,0.0030695196448498325,-0.029112370081812333,3481.9361863111294,705.6666666666666,2.110173735631288
DynamicPressureSensor,Branched,P1,Orifice Leak,0.18 LPS,,10,BR_OL_0.18 LPS_P1,0.5526178003452648,3600.9204605410587,-0.0229687083550065,-0.00586922511791288,3600.9205029449986,705.6666666666666,2.162790206461811
DynamicPressureSensor,Branched,P2,Orifice Leak,0.18 LPS,,0,BR_OL_0.18 LPS_P2,-0.09166845964985608,65.29445941680099,-0.03269728369218055,-0.3423100684343492,65.29452376454526,23.0,1.0343021081961965
DynamicPressureSensor,Branched,P2,Orifice Leak,0.18 LPS,,1,BR_OL_0.18 LPS_P2,0.3272209439316966,68.94426797124602,-0.024987748710364726,-0.5103696778069473,68.9450444893404,23.666666666666664,1.0457463076605469
DynamicPressureSensor,Branched,P2,Orifice Leak,0.18 LPS,,2,BR_OL_0.18 LPS_P2,-0.0536839639848435,76.1748582824753,0.014617694201297748,-0.8000234712785983,76.17487719926554,24.0,1.0450619490502775
DynamicPressureSensor,Branched,P2,Orifice Leak,0.18 LPS,,3,BR_OL_0.18 LPS_P2,-0.26138818436103217,64.18576229976512,-0.005703462278321702,-0.46671020034064536,64.18629453228215,24.0,1.0157495876662515
DynamicPressureSensor,Branched,P2,Orifice Leak,0.18 LPS,,4,BR_OL_0.18 LPS_P2,0.13086379567396383,60.250438947932494,0.0022302487842116845,-0.46095880033819814,60.250581065675696,23.333333333333332,1.0008228705412414
DynamicPressureSensor,Branched,P2,Orifice Leak,0.18 LPS,,5,BR_OL_0.18 LPS_P2,0.10557968135588827,63.911723768242275,0.054402324583674395,-0.4078989334504244,63.911810974945936,23.0,1.028594964929348
DynamicPressureSensor,Branched,P2,Orifice Leak,0.18 LPS,,6,BR_OL_0.18 LPS_P2,0.12724731464917372,55.91312912570193,0.04188971010900846,-0.1464223316913551,55.91327392047887,23.666666666666664,0.9701197936138964
DynamicPressureSensor,Branched,P2,Orifice Leak,0.18 LPS,,7,BR_OL_0.18 LPS_P2,-0.2507534988874391,48.287856759354135,-0.026653780405142324,-0.16866486089317068,48.28850782255656,23.333333333333332,1.0098019161102685
DynamicPressureSensor,Branched,P2,Orifice Leak,0.18 LPS,,8,BR_OL_0.18 LPS_P2,-0.2008578975605393,58.04393314051295,-0.029885420896038573,0.06887599123600685,58.044280668428904,23.666666666666664,0.9793282485182863
DynamicPressureSensor,Branched,P2,Orifice Leak,0.18 LPS,,9,BR_OL_0.18 LPS_P2,0.15216299423709037,65.55854917563475,-0.020618710371964156,-0.3763412793413945,65.55872576241042,23.666666666666664,1.0148987481880147
DynamicPressureSensor,Branched,P2,Orifice Leak,0.18 LPS,,10,BR_OL_0.18 LPS_P2,0.016923103156459996,55.45881925429968,0.030888609040543615,-0.24490939163740055,55.45882183631835,15.666666666666666,0.9796204952190933
DynamicPressureSensor,Branched,P1,Orifice Leak,0.47 LPS,,0,BR_OL_0.47 LPS_P1,15.572739598412346,4018.328282955506,-0.010751733607264355,-0.16486960120666305,4018.3584583532047,703.0,7.634294941324368
DynamicPressureSensor,Branched,P1,Orifice Leak,0.47 LPS,,1,BR_OL_0.47 LPS_P1,0.8813128182022505,3983.9537005833513,-0.01651390638851524,-0.19369118697541943,3983.9537980634345,703.0,2.6038278930571455
DynamicPressureSensor,Branched,P1,Orifice Leak,0.47 LPS,,2,BR_OL_0.47 LPS_P1,0.16780852355259157,3983.662421138939,-0.007661993065160285,-0.30066648715916644,3983.6624246733372,703.0,2.5598401182910084
DynamicPressureSensor,Branched,P1,Orifice Leak,0.47 LPS,,3,BR_OL_0.47 LPS_P1,1.230637563788054,4005.044556397792,-0.03949516644384763,-0.28311285436944544,4005.044745467945,703.0,2.675690328840547
DynamicPressureSensor,Branched,P1,Orifice Leak,0.47 LPS,,4,BR_OL_0.47 LPS_P1,-0.9959368695503682,3975.406389780457,-0.055814360545322295,-0.25346094063112456,3975.4065145337695,703.0,2.601390479641986
DynamicPressureSensor,Branched,P1,Orifice Leak,0.47 LPS,,5,BR_OL_0.47 LPS_P1,-1.5193860293048944,3961.859971749686,-0.05489032778340077,-0.2685396696785811,3961.8602630943874,703.0,2.6223614387570877
DynamicPressureSensor,Branched,P1,Orifice Leak,0.47 LPS,,6,BR_OL_0.47 LPS_P1,1.7437363801031314,3927.555840725246,-0.043083480390103034,-0.2816709257081498,3927.556227812857,702.6666666666666,2.6509794149265544
DynamicPressureSensor,Branched,P1,Orifice Leak,0.47 LPS,,7,BR_OL_0.47 LPS_P1,-0.07473850370437163,3931.8765243805738,-0.04495115301440836,-0.25687650344834934,3931.876525090902,702.6666666666666,2.5237744727278395
DynamicPressureSensor,Branched,P1,Orifice Leak,0.47 LPS,,8,BR_OL_0.47 LPS_P1,-2.169765847323773,4036.9509269137475,-0.04502187638720288,-0.20204959580753812,4036.951510012672,702.6666666666666,2.775697743496544
DynamicPressureSensor,Branched,P1,Orifice Leak,0.47 LPS,,9,BR_OL_0.47 LPS_P1,0.5545761838432641,4067.106380558297,-0.052157642504643956,-0.18387044135234554,4067.1064183683166,702.6666666666666,2.7153144431439857
DynamicPressureSensor,Branched,P2,Orifice Leak,0.47 LPS,,0,BR_OL_0.47 LPS_P2,-0.044304440698160995,65.69115425725845,0.06567071677157364,-0.3282418521197972,65.69116919749861,22.666666666666664,1.0435070754735758
DynamicPressureSensor,Branched,P2,Orifice Leak,0.47 LPS,,1,BR_OL_0.47 LPS_P2,-0.13716201956442886,73.26943724571731,0.049649439235108374,-0.46717143689250307,73.26956563078369,23.0,1.0316865617525564
DynamicPressureSensor,Branched,P2,Orifice Leak,0.47 LPS,,2,BR_OL_0.47 LPS_P2,0.10451122807564912,84.51337198191202,0.008391908900229074,-0.7576540238060527,84.51343660241147,23.0,1.0341861253940308
DynamicPressureSensor,Branched,P2,Orifice Leak,0.47 LPS,,3,BR_OL_0.47 LPS_P2,0.17709100119095583,87.40271008714629,0.006009392803254826,-0.8220898762813138,87.40288949342833,22.666666666666664,1.0461078249645637
DynamicPressureSensor,Branched,P2,Orifice Leak,0.47 LPS,,4,BR_OL_0.47 LPS_P2,-0.374822652717901,79.34076421928485,0.022794219348684412,-0.6580712000547968,79.34164958532902,22.666666666666664,1.0664362405324508
DynamicPressureSensor,Branched,P2,Orifice Leak,0.47 LPS,,5,BR_OL_0.47 LPS_P2,-0.12897427319023624,67.93010934151748,-0.06288259088568186,-0.1556956258541926,67.93023177874241,23.333333333333332,1.104024679192441
DynamicPressureSensor,Branched,P2,Orifice Leak,0.47 LPS,,6,BR_OL_0.47 LPS_P2,0.23723038485238115,83.05303561433342,0.0046053710506928575,0.9877322060350817,83.0533744227845,23.333333333333332,0.8348738241928073
DynamicPressureSensor,Branched,P2,Orifice Leak,0.47 LPS,,7,BR_OL_0.47 LPS_P2,-0.15670949429262657,105.51183035676002,0.004339010125678348,-0.11099732472774804,105.51194673163464,23.0,0.9285382759649319
DynamicPressureSensor,Branched,P2,Orifice Leak,0.47 LPS,,8,BR_OL_0.47 LPS_P2,-0.014612642836485416,92.66642309959155,-0.020504556573527455,0.07048645910813356,92.66642425173126,23.333333333333332,0.9460296480324638
DynamicPressureSensor,Branched,P2,Orifice Leak,0.47 LPS,,9,BR_OL_0.47 LPS_P2,0.41556002569876127,60.32045416245406,0.02999307493515695,-0.3877009907656155,60.321885584750085,22.333333333333332,1.030169525044219
DynamicPressureSensor,Branched,P2,Orifice Leak,0.47 LPS,,10,BR_OL_0.47 LPS_P2,0.0016102961838873853,63.508350287469796,0.0062421854819225,-0.34157712968156106,63.50835030788486,15.666666666666666,0.9860764888243733
DynamicPressureSensor,Branched,P1,Orifice Leak,ND,,0,BR_OL_ND_P1,-5.2660176413972115,4512.238665966046,0.15146721907934074,-0.010716938739569137,4512.241738823491,353.3333333333333,5.196796799573964
DynamicPressureSensor,Branched,P1,Orifice Leak,ND,,1,BR_OL_ND_P1,1.0867294753551024,4553.956402114841,0.18441471880856056,0.011865457714407057,4553.956531780216,353.3333333333333,4.697909761553397
DynamicPressureSensor,Branched,P1,Orifice Leak,ND,,2,BR_OL_ND_P1,-2.479405466560687,4518.539583395671,0.1731889794738082,-0.04793172480632002,4518.540263643225,353.3333333333333,4.738484088129597
DynamicPressureSensor,Branched,P1,Orifice Leak,ND,,3,BR_OL_ND_P1,-1.9384697484274773,4525.109201281882,0.21844938452705862,-0.0334943945240016,4525.109616483442,353.3333333333333,4.795139391524483
DynamicPressureSensor,Branched,P1,Orifice Leak,ND,,4,BR_OL_ND_P1,1.8043394340561318,4576.396679395249,0.16695332070764196,0.00022671811636465478,4576.397035094382,353.3333333333333,4.7371774589398346
DynamicPressureSensor,Branched,P1,Orifice Leak,ND,,5,BR_OL_ND_P1,1.7770020519971148,4603.619542652078,0.13867979378293183,0.029719706818366998,4603.619885614408,353.3333333333333,4.733766796714887
DynamicPressureSensor,Branched,P1,Orifice Leak,ND,,6,BR_OL_ND_P1,1.552543375655745,4549.343915757964,0.15896808233623425,0.037440912235815915,4549.34418067428,353.3333333333333,4.673825783762254
DynamicPressureSensor,Branched,P1,Orifice Leak,ND,,7,BR_OL_ND_P1,0.9021757167871092,4444.671415410524,0.10933869085266507,0.013517920332183131,4444.671506971962,353.3333333333333,4.435460398480518
DynamicPressureSensor,Branched,P1,Orifice Leak,ND,,8,BR_OL_ND_P1,-3.445386960159966,4442.343819481154,0.12311048734893178,-0.013145745423535526,4442.345155565212,353.3333333333333,4.679562223112367
DynamicPressureSensor,Branched,P1,Orifice Leak,ND,,9,BR_OL_ND_P1,-1.9854092453557148,4508.247596739156,0.10660765278325102,-0.04524630490038106,4508.248033921187,353.3333333333333,4.566241947993205
DynamicPressureSensor,Branched,P2,Orifice Leak,ND,,0,BR_OL_ND_P2,-0.14267331452870938,90.10771770893504,-0.010794089842554293,-0.3959614571863761,90.1078306607578,23.333333333333332,0.9895463550943078
DynamicPressureSensor,Branched,P2,Orifice Leak,ND,,1,BR_OL_ND_P2,0.14798429725052212,94.45945275906638,-0.01675277528533529,-0.5961288195407848,94.45956867832145,23.333333333333332,1.0270969517569017
DynamicPressureSensor,Branched,P2,Orifice Leak,ND,,2,BR_OL_ND_P2,0.05205488877970993,66.48047832415567,-0.028931569486180843,0.2005685786127538,66.48049870390548,23.333333333333332,0.9661821328673982
DynamicPressureSensor,Branched,P2,Orifice Leak,ND,,3,BR_OL_ND_P2,0.2875441436576379,65.18527822775104,-0.03427631515997875,-0.0970386107553276,65.18591242948024,23.333333333333332,1.0128254811660315
DynamicPressureSensor,Branched,P2,Orifice Leak,ND,,4,BR_OL_ND_P2,0.426086878013541,83.95182098978914,-0.014458704009291572,-0.9126181396783632,83.95290225792802,23.0,1.0960413661296802
DynamicPressureSensor,Branched,P2,Orifice Leak,ND,,5,BR_OL_ND_P2,-0.11353647478372438,81.14069035344816,0.0021326106691937434,-0.6177934638848814,81.14076978661998,23.333333333333332,1.0161044059481665
DynamicPressureSensor,Branched,P2,Orifice Leak,ND,,6,BR_OL_ND_P2,-0.6711904614539138,63.76272353685924,-0.00032789233644447296,0.4456873086171269,63.76625604089901,23.0,1.1406337389981003
DynamicPressureSensor,Branched,P2,Orifice Leak,ND,,7,BR_OL_ND_P2,-0.1652031786624496,53.72958789928204,-0.04492321067192336,-0.3211264521113324,53.72984187504105,22.666666666666664,1.0681093611019368
DynamicPressureSensor,Branched,P2,Orifice Leak,ND,,8,BR_OL_ND_P2,0.3163209233312567,54.910393686550805,-0.049984639040637824,-0.32386443677542953,54.911304789984136,22.0,1.090185007568117
DynamicPressureSensor,Branched,P2,Orifice Leak,ND,,9,BR_OL_ND_P2,0.14466130629674126,61.356531907364406,-0.04945726558089909,-0.0477629956992196,61.35670244230019,23.666666666666664,1.05451462308446
DynamicPressureSensor,Branched,P2,Orifice Leak,ND,,10,BR_OL_ND_P2,-0.10603304855261535,72.29255696634702,-0.0405092137258521,0.06531174525770567,72.29263472678193,23.666666666666664,1.0045813262230783
DynamicPressureSensor,Branched,P1,Orifice Leak,Transient,,0,BR_OL_Transient_P1,-5.932548347492073,4195.19747016765,-0.036664889550160173,-0.27352709714215884,4195.20166485843,702.6666666666666,3.9625501771117153
DynamicPressureSensor,Branched,P1,Orifice Leak,Transient,,1,BR_OL_Transient_P1,-0.17276177868798914,4138.210540473486,-0.04484361517887112,-0.285290310119259,4138.21054407971,702.6666666666666,2.7635793652910348
DynamicPressureSensor,Branched,P1,Orifice Leak,Transient,,2,BR_OL_Transient_P1,0.467596631385619,4151.215490075509,-0.028262499022914507,-0.24179425693998136,4151.21551641076,702.6666666666666,2.7839214504533274
DynamicPressureSensor,Branched,P1,Orifice Leak,Transient,,3,BR_OL_Transient_P1,1.4477559558572037,4168.640879178299,-0.036807583442553894,-0.23753379662240093,4168.6411305788515,702.6666666666666,2.88692574674101
DynamicPressureSensor,Branched,P1,Orifice Leak,Transient,,4,BR_OL_Transient_P1,-1.252797082143369,4135.3408096268595,-0.05821296869435856,-0.29102090082448173,4135.340999393625,702.6666666666666,2.8028405695463423
DynamicPressureSensor,Branched,P1,Orifice Leak,Transient,,5,BR_OL_Transient_P1,0.6878475086235668,4089.720739651213,-0.05220019112152474,-0.264993762401625,4089.7207974955286,702.6666666666666,2.747095172083713
DynamicPressureSensor,Branched,P1,Orifice Leak,Transient,,6,BR_OL_Transient_P1,1.5067097537456466,3957.5621889639956,-0.04254089894081528,0.008559374430633149,3957.5624757787177,702.6666666666666,2.666683033675775
DynamicPressureSensor,Branched,P1,Orifice Leak,Transient,,7,BR_OL_Transient_P1,-0.8430820957175876,3937.515977238474,-0.07700700056563672,0.10894588531258798,3937.5160674968274,706.0,2.586666622333293
DynamicPressureSensor,Branched,P1,Orifice Leak,Transient,,8,BR_OL_Transient_P1,0.7308431091049123,4074.922075697384,-0.06135296448410652,-0.08991103556034519,4074.9221412362626,706.0,2.744744056564381
DynamicPressureSensor,Branched,P1,Orifice Leak,Transient,,9,BR_OL_Transient_P1,-0.6848035227896455,4133.9676431522485,-0.04278056064959969,-0.11274731368021174,4133.967699872075,706.3333333333333,2.757566270070466
DynamicPressureSensor,Branched,P1,Orifice Leak,Transient,,10,BR_OL_Transient_P1,-1.5256417079477167,4161.853340937025,-0.05033382216435683,-0.14180423854731794,4161.853620569962,706.3333333333333,2.8417887027843
DynamicPressureSensor,Branched,P2,Orifice Leak,Transient,,0,BR_OL_Transient_P2,0.27280021487614053,77.53932209872919,-0.005077266387000218,-0.24093158080617494,77.53980198251547,23.0,0.9711154163062837
DynamicPressureSensor,Branched,P2,Orifice Leak,Transient,,1,BR_OL_Transient_P2,-0.07922414172988053,80.30153385977366,0.019110230441161256,-0.3565731809066519,80.30157294036654,22.666666666666664,0.9724438431198265
DynamicPressureSensor,Branched,P2,Orifice Leak,Transient,,2,BR_OL_Transient_P2,-0.30990029121046037,81.23586424030097,0.01266070066687216,-0.3157342117420514,81.23645534523956,23.666666666666664,0.9831956664520881
DynamicPressureSensor,Branched,P2,Orifice Leak,Transient,,3,BR_OL_Transient_P2,-0.3592274869114859,74.91040631525418,0.0019952068798611273,-0.1840875590401576,74.91126763514168,24.0,0.9779388733230723
DynamicPressureSensor,Branched,P2,Orifice Leak,Transient,,4,BR_OL_Transient_P2,-0.03822981257395431,66.56665421751593,-0.018122686988114107,-0.4150942498414909,66.56666519537313,22.666666666666664,1.014489258732562
DynamicPressureSensor,Branched,P2,Orifice Leak,Transient,,5,BR_OL_Transient_P2,-1.6076649706511466,316.42210429514137,-0.009963914558478865,6.049368097554609,316.4261883492312,16.0,1.6039376937067613
DynamicPressureSensor,Branched,P2,Orifice Leak,Transient,,6,BR_OL_Transient_P2,-0.31405748739291783,358.0413705192663,0.01095947973417893,2.8772399911916073,358.04150825765987,16.0,0.8963030901458339
DynamicPressureSensor,Branched,P2,Orifice Leak,Transient,,7,BR_OL_Transient_P2,2.3633705755918495,180.64708435675888,0.16462343980709182,2.5432142502662636,180.6625434534661,16.0,3.053311180755933
DynamicPressureSensor,Branched,P2,Orifice Leak,Transient,,8,BR_OL_Transient_P2,0.18562059310033363,72.92043740368553,0.012733218206423426,-0.5239142439365678,72.92067365397416,23.0,1.0022802164064535
DynamicPressureSensor,Branched,P2,Orifice Leak,Transient,,9,BR_OL_Transient_P2,-0.15539133782188988,72.26181682471749,-0.020077595366822742,-0.4560629625699164,72.2619839007821,24.333333333333332,1.0196022777349678
DynamicPressureSensor,Branched,P2,Orifice Leak,Transient,,10,BR_OL_Transient_P2,0.42140453470881817,63.43757089113448,-0.036987453599785315,-0.5151428535738098,63.43897053349451,24.0,1.085601196067119
Hydrophone,Looped,H1,Circumferential Crack,0.18 LPS,N,0,LO_CC_0.18 LPS_N_H1,5.329271484180002e-05,0.15304206043333907,-0.034346044762132995,-0.4432388283639903,0.15304206971220446,24.0,0.8701862585921217
Hydrophone,Looped,H1,Circumferential Crack,0.18 LPS,N,1,LO_CC_0.18 LPS_N_H1,-0.0013674851731707923,0.19312300482772626,-0.06583915244044138,0.28840856622286326,0.19312784628165047,12.666666666666666,2.626645208812525
Hydrophone,Looped,H1,Circumferential Crack,0.18 LPS,N,2,LO_CC_0.18 LPS_N_H1,0.0005953178501460013,0.2226492529389984,-0.08905058638341912,-0.2207967305987082,0.22265004881570719,12.333333333333332,2.079988553300974
Hydrophone,Looped,H1,Circumferential Crack,0.18 LPS,N,3,LO_CC_0.18 LPS_N_H1,0.000748471263788748,0.19620061061226668,-0.045568957963006904,-0.14559982886152323,0.19620203825103094,12.333333333333332,1.8448436046646015
Hydrophone,Looped,H1,Circumferential Crack,0.18 LPS,N,4,LO_CC_0.18 LPS_N_H1,0.00043308719899880146,0.15880194482606413,0.0883060922382625,0.009785914314458743,0.15880253538612743,12.333333333333332,1.459028487557506
Hydrophone,Looped,H1,Circumferential Crack,0.18 LPS,N,5,LO_CC_0.18 LPS_N_H1,0.0012607379698932374,0.14568244412265316,0.07248247114890986,-0.022024418153805847,0.14568789924279466,12.333333333333332,2.327219230526337
Hydrophone,Looped,H1,Circumferential Crack,0.18 LPS,N,6,LO_CC_0.18 LPS_N_H1,-0.0010521937172677837,0.1506189109134484,0.01262339465505161,-0.008536688279960458,0.1506225860764977,23.333333333333332,1.8276013838173804
Hydrophone,Looped,H1,Circumferential Crack,0.18 LPS,N,7,LO_CC_0.18 LPS_N_H1,-0.0009681454093706085,0.14222664603893176,0.055456656363833276,-0.08986757389380617,0.14222994111303452,58.666666666666664,3.2890060075737884
Hydrophone,Looped,H1,Circumferential Crack,0.18 LPS,N,8,LO_CC_0.18 LPS_N_H1,-0.00042294683013417624,0.13626339192163422,0.024592766206965398,0.2171230088124263,0.13626404831066047,12.0,1.0791272694906189
Hydrophone,Looped,H1,Circumferential Crack,0.18 LPS,N,9,LO_CC_0.18 LPS_N_H1,0.0016454440151243699,0.19533595473780688,-0.0731505196311451,-0.08209903394070128,0.19534288494679666,12.333333333333332,3.0362248406055077
Hydrophone,Looped,H1,Circumferential Crack,0.18 LPS,N,10,LO_CC_0.18 LPS_N_H1,0.0011999671806688591,0.2250529229638587,-0.05932996456811257,-0.6321513938756658,0.22505612201362393,12.333333333333332,2.633391124807434
Hydrophone,Looped,H1,Circumferential Crack,0.18 LPS,N,11,LO_CC_0.18 LPS_N_H1,-0.0009173471610586456,0.1832167608107855,-0.04735651712283944,-0.14065263539794515,0.1832190573270436,12.666666666666666,1.9295753698706812
Hydrophone,Looped,H1,Circumferential Crack,0.18 LPS,N,12,LO_CC_0.18 LPS_N_H1,0.0008542179225212267,0.15560576707562787,0.18415961105979708,0.1467884809980995,0.15560811172767863,12.666666666666666,2.4039663957058575
Hydrophone,Looped,H1,Circumferential Crack,0.18 LPS,N,13,LO_CC_0.18 LPS_N_H1,0.00025249471847970506,0.15660856026132464,0.18105162101493513,0.21576667891922963,0.15660876380556682,12.666666666666666,1.9928581404770125
Hydrophone,Looped,H1,Circumferential Crack,0.18 LPS,N,14,LO_CC_0.18 LPS_N_H1,-0.0013982875664364134,0.13848213462646117,0.0039052396254410796,0.026505021738758572,0.13848919387020694,12.666666666666666,2.3702830415132845
Hydrophone,Looped,H1,Circumferential Crack,0.18 LPS,N,15,LO_CC_0.18 LPS_N_H1,-0.0010000301266539038,0.12878166912346206,0.03466643037032873,-0.04662925925215822,0.1287855518390129,21.666666666666664,1.7015258453325561
Hydrophone,Looped,H1,Circumferential Crack,0.18 LPS,N,16,LO_CC_0.18 LPS_N_H1,-0.00012740953404180813,0.1521511430026541,0.013805116451790337,0.11793952098670824,0.15215119634824914,12.666666666666666,0.9071268128605461
Hydrophone,Looped,H1,Circumferential Crack,0.18 LPS,N,17,LO_CC_0.18 LPS_N_H1,8.978002214934345e-05,0.1565319781635455,0.028855237903681684,-0.005781574445749449,0.15653200391052646,12.666666666666666,0.9713145275667571
Hydrophone,Looped,H1,Circumferential Crack,0.18 LPS,N,18,LO_CC_0.18 LPS_N_H1,0.0005587235025296235,0.1368635476513346,0.06952452406691068,-0.1946874107455372,0.13686468809616822,12.333333333333332,1.4006653313310142
Hydrophone,Looped,H1,Circumferential Crack,0.18 LPS,N,19,LO_CC_0.18 LPS_N_H1,0.0008225703490080631,0.13335981173756764,0.025642811434563165,-0.33227556680724657,0.13336234854207749,23.333333333333332,1.4810839341917807
Hydrophone,Looped,H1,Circumferential Crack,0.18 LPS,N,20,LO_CC_0.18 LPS_N_H1,-0.0011394956327938919,0.17372697387936822,0.09080471831108106,-0.38227993984533626,0.1737307108820425,12.666666666666666,2.2959237146083487
Hydrophone,Looped,H1,Circumferential Crack,0.18 LPS,N,21,LO_CC_0.18 LPS_N_H1,-0.000863534861938715,0.1753370877639712,0.07515092151063227,-0.2700891208809111,0.1753392142049471,12.666666666666666,1.9081332622135438
Hydrophone,Looped,H1,Circumferential Crack,0.18 LPS,N,22,LO_CC_0.18 LPS_N_H1,0.00033188609784408303,0.14148640096529605,-0.10903389820291978,-0.13099851497701076,0.14148679021906768,24.0,1.2292557068490686
Hydrophone,Looped,H1,Circumferential Crack,0.18 LPS,N,23,LO_CC_0.18 LPS_N_H1,-0.0011405119041614344,0.19607980468056632,-0.07929924682697441,-0.4716804219291024,0.1960831215861594,12.333333333333332,2.3943682007069795
Hydrophone,Looped,H2,Circumferential Crack,0.18 LPS,N,0,LO_CC_0.18 LPS_N_H2,0.0001407528995513782,0.1372707629798752,-0.011087142672043714,0.3026774971534296,0.13727083514153982,12.666666666666666,0.7985920812071389
Hydrophone,Looped,H2,Circumferential Crack,0.18 LPS,N,1,LO_CC_0.18 LPS_N_H2,0.001862266898253057,0.24769540640939836,0.021845686017061428,1.446471212323254,0.24770240692071877,12.666666666666666,3.861990798134643
Hydrophone,Looped,H2,Circumferential Crack,0.18 LPS,N,2,LO_CC_0.18 LPS_N_H2,-0.0011325396254565578,0.33322823038049554,-0.0075472622090927794,-0.6694053259999686,0.33323015495077846,12.333333333333332,3.6749829756977483
Hydrophone,Looped,H2,Circumferential Crack,0.18 LPS,N,3,LO_CC_0.18 LPS_N_H2,-0.0013285543696116395,0.2784674037836682,-0.05400576489185262,-0.5431655159245707,0.2784705729996071,12.333333333333332,3.2824955384797527
Hydrophone,Looped,H2,Circumferential Crack,0.18 LPS,N,4,LO_CC_0.18 LPS_N_H2,5.725677246213519e-05,0.1881013409397256,-0.011921971391025655,-0.3959899263428768,0.188101349654012,12.333333333333332,1.2636359742187517
Hydrophone,Looped,H2,Circumferential Crack,0.18 LPS,N,5,LO_CC_0.18 LPS_N_H2,-0.0009688496070209356,0.1494253980806226,0.07610123304639428,-0.5129177611762143,0.14942853897804648,12.333333333333332,1.9509760601132846
Hydrophone,Looped,H2,Circumferential Crack,0.18 LPS,N,6,LO_CC_0.18 LPS_N_H2,0.0010942136864371965,0.14742453133927008,0.028760442016335395,-0.3501339371619414,0.14742859201727126,11.666666666666666,2.0272603552247674
Hydrophone,Looped,H2,Circumferential Crack,0.18 LPS,N,7,LO_CC_0.18 LPS_N_H2,3.3296319904548545e-05,0.135278214544791,-0.0029108262396771462,-0.5841271627221429,0.13527821864243858,12.0,0.9396612918024777
Hydrophone,Looped,H2,Circumferential Crack,0.18 LPS,N,8,LO_CC_0.18 LPS_N_H2,0.0008796524216624022,0.1531838810006553,-0.021476190236047382,-0.7547513195164455,0.15318640666457928,12.0,1.7887157271525513
Hydrophone,Looped,H2,Circumferential Crack,0.18 LPS,N,9,LO_CC_0.18 LPS_N_H2,-0.0022824781272602307,0.3017671067075701,0.0030628155923382127,-0.4219391537421364,0.3017757385825763,12.333333333333332,4.613800212748867
Hydrophone,Looped,H2,Circumferential Crack,0.18 LPS,N,10,LO_CC_0.18 LPS_N_H2,-0.002067019084394054,0.32857371372068117,0.00724761171376745,-0.927576579517166,0.3285802153448917,12.333333333333332,4.5749457106781195
Hydrophone,Looped,H2,Circumferential Crack,0.18 LPS,N,11,LO_CC_0.18 LPS_N_H2,0.0011847598313275646,0.21551297648712894,0.0024610984112621724,-0.8576212701767774,0.21551623300855952,12.666666666666666,2.4917243413037404
Hydrophone,Looped,H2,Circumferential Crack,0.18 LPS,N,12,LO_CC_0.18 LPS_N_H2,-0.0014233532948157725,0.173811361218484,-0.11300242940187488,0.010913986445097112,0.17381718909021682,12.666666666666666,2.706782491793161
Hydrophone,Looped,H2,Circumferential Crack,0.18 LPS,N,13,LO_CC_0.18 LPS_N_H2,0.00030252545055790993,0.18469269465254456,0.019635432309774964,0.6577705472103919,0.1846929424197533,12.666666666666666,1.4332224630764483
Hydrophone,Looped,H2,Circumferential Crack,0.18 LPS,N,14,LO_CC_0.18 LPS_N_H2,0.0022541650670897043,0.15497346744634122,0.20910883462229354,1.5276211552685703,0.15498986054736572,12.666666666666666,4.431804693461007
Hydrophone,Looped,H2,Circumferential Crack,0.18 LPS,N,15,LO_CC_0.18 LPS_N_H2,0.0002088761599672651,0.12769226457232308,-0.08310446614156443,0.15259383129939508,0.127692435409692,12.333333333333332,1.0496193235262992
Hydrophone,Looped,H2,Circumferential Crack,0.18 LPS,N,16,LO_CC_0.18 LPS_N_H2,-0.00022110330701460585,0.1699147225127199,-0.0182700039194043,-0.3552847377732702,0.1699148663691526,12.333333333333332,1.1324851745551792
Hydrophone,Looped,H2,Circumferential Crack,0.18 LPS,N,17,LO_CC_0.18 LPS_N_H2,0.000885699294641965,0.1809310727035784,-0.014345513293035373,-0.8210508531869136,0.18093324054166524,12.666666666666666,1.9038984722896248
Hydrophone,Looped,H2,Circumferential Crack,0.18 LPS,N,18,LO_CC_0.18 LPS_N_H2,-0.00012839009306545149,0.14156210784931453,-0.028476181901530777,-0.6798642891151085,0.1415621660711539,12.333333333333332,1.0251761769346308
Hydrophone,Looped,H2,Circumferential Crack,0.18 LPS,N,19,LO_CC_0.18 LPS_N_H2,-0.0020836443198589713,0.1309217297486809,-0.0020606138220191678,0.1153667400032794,0.13093830949740537,12.333333333333332,3.42703883873945
Hydrophone,Looped,H2,Circumferential Crack,0.18 LPS,N,20,LO_CC_0.18 LPS_N_H2,0.0010222702058282828,0.24129017867198932,-0.02676239091575111,-0.5102677084053071,0.24129234418011328,12.333333333333332,2.52746827213206
Hydrophone,Looped,H2,Circumferential Crack,0.18 LPS,N,21,LO_CC_0.18 LPS_N_H2,0.0015158277160924054,0.23106055588248856,-0.03495665486764131,-0.20949316198971557,0.23106552797505187,12.666666666666666,3.0302757866961807
Hydrophone,Looped,H2,Circumferential Crack,0.18 LPS,N,22,LO_CC_0.18 LPS_N_H2,-1.9526142975125746e-05,0.14267477037314666,0.016407459652711284,-0.02889584437760373,0.1426747717092983,12.333333333333332,0.8434295957280682
Hydrophone,Looped,H2,Circumferential Crack,0.18 LPS,N,23,LO_CC_0.18 LPS_N_H2,0.0020009717055305175,0.2861448556376461,0.0036550494527046425,-0.5562354797053266,0.2861518518123824,12.333333333333332,4.069478458775668
Hydrophone,Looped,H1,Circumferential Crack,0.47 LPS,N,0,LO_CC_0.47 LPS_N_H1,0.0001819303619336751,0.15471876853308938,-0.09048986239556259,-0.1353913301842704,0.15471887549698737,12.333333333333332,1.228294061972032
Hydrophone,Looped,H1,Circumferential Crack,0.47 LPS,N,1,LO_CC_0.47 LPS_N_H1,-0.000754997196657527,0.14045564841783748,-0.14172194323723736,-0.04144512257164612,0.1404576775873862,21.0,1.7944284777979895
Hydrophone,Looped,H1,Circumferential Crack,0.47 LPS,N,2,LO_CC_0.47 LPS_N_H1,-0.0006381101504361732,0.14318049583975426,0.015988138231889337,-0.2896066966379234,0.1431819177601766,23.333333333333332,1.23433467020975
Hydrophone,Looped,H1,Circumferential Crack,0.47 LPS,N,3,LO_CC_0.47 LPS_N_H1,7.081297940022132e-05,0.15448711090443204,0.11019593796046936,-0.4760944892714716,0.15448712713386945,23.333333333333332,1.3053165649276561
Hydrophone,Looped,H1,Circumferential Crack,0.47 LPS,N,4,LO_CC_0.47 LPS_N_H1,-0.00040914499725841816,0.16979027778934147,0.06976645231278547,-0.2809350166593778,0.16979077074862028,12.333333333333332,1.4083703693124512
Hydrophone,Looped,H1,Circumferential Crack,0.47 LPS,N,5,LO_CC_0.47 LPS_N_H1,9.075491092395909e-05,0.18447401484975895,-0.008408107810498791,-0.23387487391624662,0.18447403717391492,12.333333333333332,1.2167779752092522
Hydrophone,Looped,H1,Circumferential Crack,0.47 LPS,N,6,LO_CC_0.47 LPS_N_H1,0.0007856141630132608,0.17447547579601994,0.05746593902669207,-0.15758020530636463,0.17447724448724156,12.0,1.7798487453724763
Hydrophone,Looped,H1,Circumferential Crack,0.47 LPS,N,7,LO_CC_0.47 LPS_N_H1,2.179954825971738e-05,0.16310993754813302,0.1257251270421221,-0.3501464395792975,0.16310993900488147,23.666666666666664,1.4512600795326784
Hydrophone,Looped,H1,Circumferential Crack,0.47 LPS,N,8,LO_CC_0.47 LPS_N_H1,1.2833332379517929e-05,0.16346173151404553,0.001261193994182223,-0.2667020468424677,0.1634617320178161,23.333333333333332,0.8536938281983528
Hydrophone,Looped,H1,Circumferential Crack,0.47 LPS,N,9,LO_CC_0.47 LPS_N_H1,0.00030333999968377176,0.1462563338425239,-0.10679696621063886,0.06543077655340923,0.14625664841029007,12.0,1.3316060497100461
Hydrophone,Looped,H1,Circumferential Crack,0.47 LPS,N,10,LO_CC_0.47 LPS_N_H1,0.0007162687663135244,0.1429672043288573,-0.11621007884856839,-0.05958994942420803,0.14296899857855488,23.0,1.6229394820494518
Hydrophone,Looped,H1,Circumferential Crack,0.47 LPS,N,11,LO_CC_0.47 LPS_N_H1,-0.0004608565755300866,0.15548784738792504,0.026671171621026148,-0.2641035005652945,0.15548853036193336,12.666666666666666,1.2073275159635837
Hydrophone,Looped,H1,Circumferential Crack,0.47 LPS,N,12,LO_CC_0.47 LPS_N_H1,-8.052661560806395e-05,0.14606048668766805,0.15709583175141342,-0.1931282179831757,0.14606050888578434,23.0,1.5998829611356313
Hydrophone,Looped,H1,Circumferential Crack,0.47 LPS,N,13,LO_CC_0.47 LPS_N_H1,-0.0004255054182622964,0.14381982349635553,0.07006404491799718,-0.000632445613651722,0.14382045294527418,12.333333333333332,1.271495585002947
Hydrophone,Looped,H1,Circumferential Crack,0.47 LPS,N,14,LO_CC_0.47 LPS_N_H1,6.180997074059436e-05,0.15997673500503448,-0.15728282767484675,-0.10741930757018858,0.1599767469457468,12.333333333333332,1.6712476759937793
Hydrophone,Looped,H1,Circumferential Crack,0.47 LPS,N,15,LO_CC_0.47 LPS_N_H1,0.0007081525866247831,0.1530152389536447,-0.2153005851372507,-0.18627744878624952,0.1530168776054685,12.0,2.404617826700639
Hydrophone,Looped,H1,Circumferential Crack,0.47 LPS,N,16,LO_CC_0.47 LPS_N_H1,0.00013676824473813975,0.14607909087013293,0.05918027575494294,-0.2791080116490021,0.14607915489554743,12.0,1.0844745994727443
Hydrophone,Looped,H1,Circumferential Crack,0.47 LPS,N,17,LO_CC_0.47 LPS_N_H1,8.653804263710385e-05,0.16502460471421854,0.030730220256806166,-0.2769690753577052,0.16502462740426627,12.333333333333332,1.0698046117165985
Hydrophone,Looped,H1,Circumferential Crack,0.47 LPS,N,18,LO_CC_0.47 LPS_N_H1,-0.0002816202920473958,0.16951697958118686,0.006898201639584322,-0.2969626286080538,0.16951721351036128,12.333333333333332,1.151329829388342
Hydrophone,Looped,H1,Circumferential Crack,0.47 LPS,N,19,LO_CC_0.47 LPS_N_H1,-0.00023658153161727375,0.1689332345144842,0.1070050382231991,-0.305887640426894,0.16893340017399405,12.0,1.505790695391464
Hydrophone,Looped,H1,Circumferential Crack,0.47 LPS,N,20,LO_CC_0.47 LPS_N_H1,-0.0003501123410490744,0.1566952134420306,0.044639436050786775,0.06678608125432062,0.15669560457873374,12.0,1.1852057356208603
Hydrophone,Looped,H1,Circumferential Crack,0.47 LPS,N,21,LO_CC_0.47 LPS_N_H1,-0.00018817295536084302,0.15336761590841352,0.10800202273576386,0.38446384558929925,0.15336773134688986,12.333333333333332,1.4459085832393366
Hydrophone,Looped,H1,Circumferential Crack,0.47 LPS,N,22,LO_CC_0.47 LPS_N_H1,0.0010339251402333987,0.16476034164445896,0.23982192042079548,0.1180625938043649,0.16476358572207164,12.0,2.978403787777526
Hydrophone,Looped,H1,Circumferential Crack,0.47 LPS,N,23,LO_CC_0.47 LPS_N_H1,-0.00019390992663738057,0.16402721963872866,0.033846207593836004,0.004722949073468818,0.16402733425704197,24.0,0.9600565259572954
Hydrophone,Looped,H1,Circumferential Crack,0.47 LPS,N,24,LO_CC_0.47 LPS_N_H1,-0.00022128222618530307,0.15888219773471324,-0.013531893093860924,-0.044674546568221896,0.15888235182938393,12.333333333333332,1.0032956188304074
Hydrophone,Looped,H2,Circumferential Crack,0.47 LPS,N,0,LO_CC_0.47 LPS_N_H2,0.00030591386926718747,0.16146148241973254,-0.06512146253769496,-0.628259742996049,0.16146177222015437,12.333333333333332,1.3075951755400597
Hydrophone,Looped,H2,Circumferential Crack,0.47 LPS,N,1,LO_CC_0.47 LPS_N_H2,0.000864299900652885,0.13167998013963225,-0.022067369059769453,-0.6400087184431387,0.13168281658550676,12.333333333333332,1.7035196490490623
Hydrophone,Looped,H2,Circumferential Crack,0.47 LPS,N,2,LO_CC_0.47 LPS_N_H2,-0.00012685838360710467,0.13745328959152484,0.024530817276134483,-0.6613570466811436,0.1374533481315791,12.666666666666666,0.9871483374377344
Hydrophone,Looped,H2,Circumferential Crack,0.47 LPS,N,3,LO_CC_0.47 LPS_N_H2,-0.0003516134773984168,0.13196091140905686,0.020389634057918028,-0.7324016115657002,0.13196137985011538,12.333333333333332,1.1389530450326057
Hydrophone,Looped,H2,Circumferential Crack,0.47 LPS,N,4,LO_CC_0.47 LPS_N_H2,0.000505858944699887,0.1614057187648577,0.02070870865463548,-0.7103681953354402,0.16140651146491047,12.333333333333332,1.3670876169131205
Hydrophone,Looped,H2,Circumferential Crack,0.47 LPS,N,5,LO_CC_0.47 LPS_N_H2,0.00012233065674266985,0.18826816785361863,0.009558531764548336,-0.8629515038617694,0.18826820759689594,12.333333333333332,1.350094584464896
Hydrophone,Looped,H2,Circumferential Crack,0.47 LPS,N,6,LO_CC_0.47 LPS_N_H2,-0.0004612387128206167,0.16327332012544965,-0.0169885484316333,-0.3899688928017899,0.1632739716119436,12.0,1.2712906525654832
Hydrophone,Looped,H2,Circumferential Crack,0.47 LPS,N,7,LO_CC_0.47 LPS_N_H2,0.0002603739461785186,0.12253427447256023,0.058038894042860695,-0.22505445876565933,0.12253455110746753,11.666666666666666,1.1031178309745224
Hydrophone,Looped,H2,Circumferential Crack,0.47 LPS,N,8,LO_CC_0.47 LPS_N_H2,-0.00087431098303338,0.132206701783474,0.03169004722894687,-0.3418215439067023,0.13220959275392796,12.0,1.6656991504130538
Hydrophone,Looped,H2,Circumferential Crack,0.47 LPS,N,9,LO_CC_0.47 LPS_N_H2,-0.00033071322349963905,0.12831992162070585,0.0010493124751727097,-0.18651660269488257,0.12832034778623494,12.0,0.9569105164443048
Hydrophone,Looped,H2,Circumferential Crack,0.47 LPS,N,10,LO_CC_0.47 LPS_N_H2,-0.00019141250621489866,0.11704807869853119,-0.03840831583894242,-0.1530442779240695,0.1170482352099556,12.0,0.8901289163480297
Hydrophone,Looped,H2,Circumferential Crack,0.47 LPS,N,11,LO_CC_0.47 LPS_N_H2,0.0006862546812568494,0.12811549144467296,-0.13089209072685568,-0.3655724608843407,0.12811732940393983,12.666666666666666,1.800558457297936
Hydrophone,Looped,H2,Circumferential Crack,0.47 LPS,N,12,LO_CC_0.47 LPS_N_H2,0.00024398249434672185,0.11050597369331314,-0.18505644087857082,-0.3032534071522628,0.11050624303343573,12.333333333333332,1.8709643336213482
Hydrophone,Looped,H2,Circumferential Crack,0.47 LPS,N,13,LO_CC_0.47 LPS_N_H2,0.0005437958457389746,0.13248818584997635,-0.028007181830199415,-0.76391099359068,0.13248930184637445,12.333333333333332,1.3576440628359923
Hydrophone,Looped,H2,Circumferential Crack,0.47 LPS,N,14,LO_CC_0.47 LPS_N_H2,-0.0006647719250406558,0.1929454519969395,0.012883290554066193,-0.9775747226001337,0.19294659719211324,12.333333333333332,1.7735523538828761
Hydrophone,Looped,H2,Circumferential Crack,0.47 LPS,N,15,LO_CC_0.47 LPS_N_H2,-0.0018193898013892516,0.18843833099499324,0.022342383193167233,-0.8753970625505638,0.18844711398009792,12.0,3.23782376257084
Hydrophone,Looped,H2,Circumferential Crack,0.47 LPS,N,16,LO_CC_0.47 LPS_N_H2,0.00013502326711067924,0.13508514388659484,0.06886122339195579,-0.6948697468772451,0.13508521136728735,12.0,1.1843829111224708
Hydrophone,Looped,H2,Circumferential Crack,0.47 LPS,N,17,LO_CC_0.47 LPS_N_H2,0.0005587063970114923,0.1615730458194122,-0.07775220238024654,0.5790952941286465,0.1615740117970707,12.333333333333332,1.5011377105611832
Hydrophone,Looped,H2,Circumferential Crack,0.47 LPS,N,18,LO_CC_0.47 LPS_N_H2,-0.0004746001858900093,0.18577298158774308,-0.0793068994778643,-0.3967100061663733,0.18577358782490141,12.333333333333332,1.611114182262247
Hydrophone,Looped,H2,Circumferential Crack,0.47 LPS,N,19,LO_CC_0.47 LPS_N_H2,0.00044652562113445363,0.16941104756772127,-0.03487433628239481,-0.8380412624688978,0.1694116360322485,12.0,1.4275927458115485
Hydrophone,Looped,H2,Circumferential Crack,0.47 LPS,N,20,LO_CC_0.47 LPS_N_H2,0.0013457359471497846,0.15443035680372663,1.5230391418808037e-05,-0.6794961738865544,0.15443622019385794,12.0,2.41487996707499
Hydrophone,Looped,H2,Circumferential Crack,0.47 LPS,N,21,LO_CC_0.47 LPS_N_H2,0.0011399600367288543,0.17693546503794894,0.022264015782052896,-1.0038058556757472,0.17693913726782037,12.333333333333332,2.245283163341301
Hydrophone,Looped,H2,Circumferential Crack,0.47 LPS,N,22,LO_CC_0.47 LPS_N_H2,-0.0014044545406540424,0.1893618879968831,0.04028021908135735,-0.9672780855026044,0.1893670961870115,12.0,2.6754812591825043
Hydrophone,Looped,H2,Circumferential Crack,0.47 LPS,N,23,LO_CC_0.47 LPS_N_H2,-0.0004013771894909824,0.15953411964635267,0.03201958812215768,-0.4401622336895188,0.1595346245646537,11.666666666666666,1.2447185016106739
Hydrophone,Looped,H2,Circumferential Crack,0.47 LPS,N,24,LO_CC_0.47 LPS_N_H2,0.00018352975471909498,0.13704523242801334,0.011412605988383786,-0.5888381954232322,0.1370453553186647,12.333333333333332,0.9839178460269584
Hydrophone,Looped,H1,Circumferential Crack,ND,NN,0,LO_CC_ND_NN_H1,0.0008373758592491235,0.1413730567195414,-0.0013926076162118434,-0.9066550938710352,0.14137553665523722,59.0,3.030701740426096
Hydrophone,Looped,H1,Circumferential Crack,ND,NN,1,LO_CC_ND_NN_H1,-0.00027430671848684753,0.13702190914634318,-0.002596805275055242,-0.9290960677923241,0.13702218371593897,59.0,2.7160661581052166
Hydrophone,Looped,H1,Circumferential Crack,ND,NN,2,LO_CC_ND_NN_H1,-0.00042526767792672187,0.1603613052292081,-0.02055309758052517,-0.8175107491950988,0.16036186911923028,59.0,2.8213784297413267
Hydrophone,Looped,H1,Circumferential Crack,ND,NN,3,LO_CC_ND_NN_H1,0.0004305445039306222,0.16155638788829593,-0.03919823129968094,-0.8200294461969335,0.16155696158347185,59.0,2.836683913184363
Hydrophone,Looped,H1,Circumferential Crack,ND,NN,4,LO_CC_ND_NN_H1,6.817674389480802e-05,0.14414435405876685,-0.05284017890787217,-0.9082307138499148,0.14414437018172976,59.0,2.734537589061867
Hydrophone,Looped,H1,Circumferential Crack,ND,NN,5,LO_CC_ND_NN_H1,-0.0004929297920704819,0.15449841221069818,-0.042875010929827595,-0.9673030523881088,0.15449919855910815,59.0,2.888126897802791
Hydrophone,Looped,H1,Circumferential Crack,ND,NN,6,LO_CC_ND_NN_H1,0.00016439844418973359,0.16110617979939754,-0.019251995822081248,-0.7071517193543633,0.1611062636783693,59.0,2.704194291872966
Hydrophone,Looped,H1,Circumferential Crack,ND,NN,7,LO_CC_ND_NN_H1,8.271051973292076e-05,0.16097029073827823,-0.006359724173420464,-0.7235151478112605,0.16097031198763298,59.0,2.687438286123084
Hydrophone,Looped,H1,Circumferential Crack,ND,NN,8,LO_CC_ND_NN_H1,-0.00022419243545288361,0.15875675105925802,-0.007256868412036171,-1.1164943422599887,0.15875690935874046,59.0,2.7774196232232327
Hydrophone,Looped,H1,Circumferential Crack,ND,NN,9,LO_CC_ND_NN_H1,0.00015893987946264722,0.16127830412267286,-0.01469833048521774,-1.0816322447634548,0.16127838244033402,59.0,2.760129532443922
Hydrophone,Looped,H1,Circumferential Crack,ND,NN,10,LO_CC_ND_NN_H1,4.822908234671826e-05,0.14860600019151982,-0.025288093337565345,-0.9128433660598803,0.14860600801773247,59.0,2.699904671738787
Hydrophone,Looped,H1,Circumferential Crack,ND,NN,11,LO_CC_ND_NN_H1,-0.0001389254846083342,0.1479883303549539,-0.06427698669579032,-0.875500409185459,0.14798839556376453,59.0,2.76577157160723
Hydrophone,Looped,H1,Circumferential Crack,ND,NN,12,LO_CC_ND_NN_H1,1.3155105167446815e-05,0.16022788923756945,-0.07214690629910299,-0.8163418773364324,0.16022788977760274,59.0,2.7920615540447504
Hydrophone,Looped,H1,Circumferential Crack,ND,NN,13,LO_CC_ND_NN_H1,0.0005428161954405105,0.1528566847827042,-0.04067826760181732,-0.8320292871908075,0.15285764858907464,59.0,2.8800884288290254
Hydrophone,Looped,H1,Circumferential Crack,ND,NN,14,LO_CC_ND_NN_H1,-2.9538912816994576e-05,0.14293013475634317,-0.005571372265760287,-1.0245833735760652,0.14293013780869934,59.0,2.6904279299035307
Hydrophone,Looped,H1,Circumferential Crack,ND,NN,15,LO_CC_ND_NN_H1,-0.00039794668584617726,0.1540004218760195,-0.03920011550817134,-0.7804247744527304,0.15400093603467727,59.0,2.8018641469087897
Hydrophone,Looped,H1,Circumferential Crack,ND,NN,16,LO_CC_ND_NN_H1,0.00033999914087371553,0.1597273301355801,-0.06335408630871285,-0.7786742673093836,0.15972769200002981,59.0,2.8327296903458024
Hydrophone,Looped,H1,Circumferential Crack,ND,NN,17,LO_CC_ND_NN_H1,8.73113610508232e-05,0.14963644486479977,-0.052460302958492765,-0.8651042520556516,0.14963647033744826,59.0,2.738427784619263
Hydrophone,Looped,H1,Circumferential Crack,ND,NN,18,LO_CC_ND_NN_H1,-0.0002828379386080574,0.1450259208183776,-0.010387015878820635,-0.9380772751449102,0.14502619662156846,59.0,2.7373174663040842
Hydrophone,Looped,H1,Circumferential Crack,ND,NN,19,LO_CC_ND_NN_H1,3.981232199949647e-05,0.1431219236630316,-0.019649118415610477,-0.8673430098205963,0.14312192920034172,59.0,2.674793955112163
Hydrophone,Looped,H1,Circumferential Crack,ND,NN,20,LO_CC_ND_NN_H1,9.125819816471408e-06,0.13733656856489426,-0.05683791180477103,-0.8272726583648842,0.13733656886809315,59.0,2.7112146543730886
Hydrophone,Looped,H1,Circumferential Crack,ND,NN,21,LO_CC_ND_NN_H1,-0.00043635094828247604,0.1340321398917397,-0.028834176847361535,-1.0698766461442868,0.1340328501752796,59.0,2.8234053050378964
Hydrophone,Looped,H1,Circumferential Crack,ND,NN,22,LO_CC_ND_NN_H1,0.00025474333135746386,0.14528034902946704,-0.018890311475674763,-1.0430298679272236,0.1452805723704606,59.0,2.7414248027472348
Hydrophone,Looped,H2,Circumferential Crack,ND,NN,0,LO_CC_ND_NN_H2,-0.0013341696993421223,0.1676800498107607,-0.05319947987699717,-0.39726578693992654,0.16768535748038896,12.666666666666666,2.701283068615436
Hydrophone,Looped,H2,Circumferential Crack,ND,NN,1,LO_CC_ND_NN_H2,0.0005484185474382644,0.1681690358946353,-0.048387191652420954,-0.3474434883285493,0.16816993012020404,12.0,1.6093629149803177
Hydrophone,Looped,H2,Circumferential Crack,ND,NN,2,LO_CC_ND_NN_H2,0.0017085425731182516,0.16742883954890075,-0.016216057039586153,-0.801914127951231,0.16743755680974237,12.333333333333332,3.293519757449798
Hydrophone,Looped,H2,Circumferential Crack,ND,NN,3,LO_CC_ND_NN_H2,-0.0004947462821041692,0.1786857774082615,-0.020520365936053407,-1.0272895329462648,0.17868646233522678,12.333333333333332,1.7368857530819128
Hydrophone,Looped,H2,Circumferential Crack,ND,NN,4,LO_CC_ND_NN_H2,-0.0014212024813181187,0.14502169444922633,0.0418697117525038,-0.6123697236873609,0.1450286581245847,12.333333333333332,2.825133954730166
Hydrophone,Looped,H2,Circumferential Crack,ND,NN,5,LO_CC_ND_NN_H2,0.0004130321367961327,0.12940094471607233,0.0804417769183949,-0.4501613850122794,0.1294016038886614,12.333333333333332,1.1810553177753984
Hydrophone,Looped,H2,Circumferential Crack,ND,NN,6,LO_CC_ND_NN_H2,0.0008579491505677484,0.13894046236222846,-0.021165025085791024,-0.7682626223627431,0.1389431112296496,12.666666666666666,1.8815146018510254
Hydrophone,Looped,H2,Circumferential Crack,ND,NN,7,LO_CC_ND_NN_H2,0.0008348750513735072,0.14446011450590235,-0.011699256772556328,-0.5530886594902373,0.1444625269729483,12.666666666666666,1.7834898757273145
Hydrophone,Looped,H2,Circumferential Crack,ND,NN,8,LO_CC_ND_NN_H2,-0.0010563665888780331,0.13460157604219788,-0.017653260298648638,0.08232678814241234,0.13460572121352674,12.666666666666666,2.083104695595638
Hydrophone,Looped,H2,Circumferential Crack,ND,NN,9,LO_CC_ND_NN_H2,-0.00010070636884719933,0.18305265913089847,-0.052960625697772455,-0.20822023758941643,0.18305268683268658,12.333333333333332,1.3667686749992223
Hydrophone,Looped,H2,Circumferential Crack,ND,NN,10,LO_CC_ND_NN_H2,0.0011382283453022074,0.1847025538362288,-0.059103660308144616,-0.34648461921617946,0.1847060609655001,12.333333333333332,2.5028576403666474
Hydrophone,Looped,H2,Circumferential Crack,ND,NN,11,LO_CC_ND_NN_H2,-0.0011076160892021776,0.14717777275690586,-0.061832650848258536,-0.5287497097636789,0.1471819404923188,12.666666666666666,2.323715432983455
Hydrophone,Looped,H2,Circumferential Crack,ND,NN,12,LO_CC_ND_NN_H2,-0.0006193403647611298,0.16619181933572677,-0.07313930469099714,-0.827277078047127,0.16619297336712605,12.0,1.8979000092887508
Hydrophone,Looped,H2,Circumferential Crack,ND,NN,13,LO_CC_ND_NN_H2,-0.00023093339366118363,0.15904260100684361,-0.08831094715852757,0.17725033827923342,0.15904276866696693,12.666666666666666,1.2689236738239433
Hydrophone,Looped,H2,Circumferential Crack,ND,NN,14,LO_CC_ND_NN_H2,-0.0005897856061711065,0.18540552540810712,-0.01591756169394787,-0.09403628466521274,0.18540646347664774,12.333333333333332,1.6548712335006823
Hydrophone,Looped,H2,Circumferential Crack,ND,NN,15,LO_CC_ND_NN_H2,0.00019460915787434274,0.24913277833395345,-0.023573333811351665,-1.057834202891075,0.2491328543430575,12.333333333333332,2.151892153478831
Hydrophone,Looped,H2,Circumferential Crack,ND,NN,16,LO_CC_ND_NN_H2,0.00031646489170975624,0.24935671526379388,-0.03303452384196218,-0.9389536373096181,0.24935691608049787,12.333333333333332,2.1934580560527035
Hydrophone,Looped,H2,Circumferential Crack,ND,NN,17,LO_CC_ND_NN_H2,0.0002527200464181499,0.17014629169319068,-0.02537083627072338,0.4800268829427936,0.17014647937693622,12.666666666666666,1.1111267210443945
Hydrophone,Looped,H2,Circumferential Crack,ND,NN,18,LO_CC_ND_NN_H2,-0.0007124636434882143,0.12388989650010032,-0.02871628813504723,-0.5006202351755218,0.12389194509429927,12.333333333333332,1.6294761359864995
Hydrophone,Looped,H2,Circumferential Crack,ND,NN,19,LO_CC_ND_NN_H2,0.00011379450448831122,0.18636712943819747,-0.018108850028068186,-0.3573299064600981,0.18636716417927032,12.333333333333332,1.326309849889927
Hydrophone,Looped,H2,Circumferential Crack,ND,NN,20,LO_CC_ND_NN_H2,0.0009550177663312871,0.17413741919626183,-0.02439473468121559,0.1802397149587076,0.17414003796734576,12.333333333333332,2.0103452188142645
Hydrophone,Looped,H2,Circumferential Crack,ND,NN,21,LO_CC_ND_NN_H2,0.0009436014732422355,0.12208427991358752,-0.023411499221048952,-0.20663442739771876,0.1220879264536813,12.333333333333332,1.8706915703139069
Hydrophone,Looped,H2,Circumferential Crack,ND,NN,22,LO_CC_ND_NN_H2,0.0011379861887076106,0.19956624385892963,-0.02820516510734612,-0.706096692840164,0.19956948840072586,12.666666666666666,2.545514155126317
Hydrophone,Looped,H1,Circumferential Crack,ND,N,0,LO_CC_ND_N_H1,-0.00045969233824382167,0.11541921507499202,-0.018045254749754235,-0.6965956222427887,0.11542013050405507,59.0,3.0221472481130087
Hydrophone,Looped,H1,Circumferential Crack,ND,N,1,LO_CC_ND_N_H1,-0.0002622953836794881,0.1189589766316018,0.030088108085499155,-0.35772591355712224,0.11895926580181253,59.0,2.884629397926156
Hydrophone,Looped,H1,Circumferential Crack,ND,N,2,LO_CC_ND_N_H1,0.0005261352778477579,0.16652400028031197,0.0015060972433863053,0.21223322764686303,0.1665248314447066,59.0,3.016637295545249
Hydrophone,Looped,H1,Circumferential Crack,ND,N,3,LO_CC_ND_N_H1,0.00025365266620931443,0.20838164581920224,-0.012664021334216749,-0.4544767618760135,0.20838180019856467,59.0,3.2628796908026176
Hydrophone,Looped,H1,Circumferential Crack,ND,N,4,LO_CC_ND_N_H1,-0.0009830766238813858,0.2255402008164391,0.00650868951293887,-0.631677161907219,0.22554234330601444,59.0,3.7807492268336795
Hydrophone,Looped,H1,Circumferential Crack,ND,N,5,LO_CC_ND_N_H1,-0.0007609015170589662,0.2378764992519376,0.02604312975113616,-0.776173477015897,0.23787771620619644,58.666666666666664,3.731137624651945
Hydrophone,Looped,H1,Circumferential Crack,ND,N,6,LO_CC_ND_N_H1,0.001036633969604152,0.24153893160758946,0.033165528323524034,-0.795535936769594,0.24154115610413626,59.0,3.8859367974709325
Hydrophone,Looped,H1,Circumferential Crack,ND,N,7,LO_CC_ND_N_H1,0.0009038420155463224,0.2425030648231895,0.0007887851108890172,-0.7546365979268153,0.24250474918860684,58.666666666666664,3.7811882246961406
Hydrophone,Looped,H1,Circumferential Crack,ND,N,8,LO_CC_ND_N_H1,-0.00038062963025279744,0.23022913112306956,-0.024135756731388174,-0.43896426682507306,0.23022944576356646,59.0,3.487607340228631
Hydrophone,Looped,H1,Circumferential Crack,ND,N,9,LO_CC_ND_N_H1,-0.00046008712771963145,0.22852362674264134,0.010363674575870563,-0.3690624270959155,0.22852408988939252,59.0,3.486960332351977
Hydrophone,Looped,H1,Circumferential Crack,ND,N,10,LO_CC_ND_N_H1,-4.9159672390561476e-06,0.23987894368588783,-0.011712190343244213,-0.5557653617305021,0.2398789437362606,59.0,3.5043535835064166
Hydrophone,Looped,H1,Circumferential Crack,ND,N,11,LO_CC_ND_N_H1,0.0001409167009700352,0.2674877015267018,-0.026114826143468807,-0.5476701435466982,0.26748773864525927,59.0,3.760977951341034
Hydrophone,Looped,H1,Circumferential Crack,ND,N,12,LO_CC_ND_N_H1,4.356363032395757e-05,0.2718883631644636,-0.03477657449913744,-0.6393613233952573,0.2718883666544803,59.0,3.815305737846509
Hydrophone,Looped,H1,Circumferential Crack,ND,N,13,LO_CC_ND_N_H1,0.0005938957642927188,0.25251558315534417,-0.00932373318516918,-0.6788558902821693,0.25251628155123457,59.0,3.726900069287588
Hydrophone,Looped,H1,Circumferential Crack,ND,N,14,LO_CC_ND_N_H1,4.8133534837524917e-05,0.26444896513159805,0.01260314156690594,-0.7714718163667147,0.2644489695120976,59.0,3.7382935602102516
Hydrophone,Looped,H1,Circumferential Crack,ND,N,15,LO_CC_ND_N_H1,-0.0008124705911433356,0.27252469992293726,-0.015695893302294275,-0.8341273472266781,0.27252591101865614,59.0,4.077286770247686
Hydrophone,Looped,H1,Circumferential Crack,ND,N,16,LO_CC_ND_N_H1,1.976546375598287e-05,0.27456045399330065,0.019396478691677807,-0.8297321247910796,0.2745604547047533,59.0,3.8395552108115125
Hydrophone,Looped,H1,Circumferential Crack,ND,N,17,LO_CC_ND_N_H1,0.0005595346935041546,0.2653512534956265,0.04219575033179822,-0.7483277558849282,0.26535184342825563,59.0,3.8422538902203427
Hydrophone,Looped,H1,Circumferential Crack,ND,N,18,LO_CC_ND_N_H1,-3.725307416374779e-06,0.25698856589902674,-0.013721580425142155,-0.7003880521278063,0.2569885659260278,59.0,3.6697686354609727
Hydrophone,Looped,H1,Circumferential Crack,ND,N,19,LO_CC_ND_N_H1,-0.0010528541457456573,0.2904863535605392,-0.01723210465634989,-0.7294043186745531,0.29048826156447494,59.0,4.379327778994718
Hydrophone,Looped,H1,Circumferential Crack,ND,N,20,LO_CC_ND_N_H1,3.502337110010793e-05,0.29214801722555855,-0.00834365981935022,-0.6849360436259855,0.29214801932489937,59.0,4.001958434620557
Hydrophone,Looped,H1,Circumferential Crack,ND,N,21,LO_CC_ND_N_H1,0.0012875810294379726,0.27404222919880894,-0.039376152092685766,-0.7239584299828947,0.2740452540168501,59.0,4.328018585130098
Hydrophone,Looped,H1,Circumferential Crack,ND,N,22,LO_CC_ND_N_H1,-0.0005948995256284181,0.2768161295569916,-0.04847625248656133,-0.7831056679983446,0.27681676879907174,59.0,4.031912860578163
Hydrophone,Looped,H2,Circumferential Crack,ND,N,0,LO_CC_ND_N_H2,0.0008544114375766349,0.15513607278174715,-0.002500737951521229,-0.8483241872911496,0.155138425598071,12.333333333333332,1.762573609186381
Hydrophone,Looped,H2,Circumferential Crack,ND,N,1,LO_CC_ND_N_H2,-0.0001749600342943074,0.1384692480600217,-0.03391990226409082,-0.7015835842696809,0.13846935859359435,12.333333333333332,1.0562693036031685
Hydrophone,Looped,H2,Circumferential Crack,ND,N,2,LO_CC_ND_N_H2,-0.0016616791570350812,0.14329141515455496,-0.01609131317828254,-0.7556370182677634,0.14330104966334317,12.666666666666666,2.855724963190019
Hydrophone,Looped,H2,Circumferential Crack,ND,N,3,LO_CC_ND_N_H2,0.0005948880594958733,0.1358910534196268,-0.024488102090286023,-0.4000033834661778,0.13589235552929085,12.333333333333332,1.3135130425937767
Hydrophone,Looped,H2,Circumferential Crack,ND,N,4,LO_CC_ND_N_H2,0.001588632099875853,0.13632147886620016,0.014522343338370892,-0.40734253570130274,0.1363307351708213,12.0,2.7297883446173805
Hydrophone,Looped,H2,Circumferential Crack,ND,N,5,LO_CC_ND_N_H2,0.0010534307828754005,0.15836218584640419,0.008609008066480036,-0.7650604110925077,0.15836568953679758,12.333333333333332,2.018181269626284
Hydrophone,Looped,H2,Circumferential Crack,ND,N,6,LO_CC_ND_N_H2,-0.0013833564520211294,0.16258926126261844,-0.00879716649996513,-0.8390095913109898,0.16259514615448195,12.333333333333332,2.4993446738635927
Hydrophone,Looped,H2,Circumferential Crack,ND,N,7,LO_CC_ND_N_H2,-0.00079459244668273,0.12578664626434885,-0.01508832627202226,-0.3879796868237593,0.12578915595387685,12.666666666666666,1.5126570257371803
Hydrophone,Looped,H2,Circumferential Crack,ND,N,8,LO_CC_ND_N_H2,0.001168656835239992,0.12788425078869126,0.030353850057372636,-0.38318549318812334,0.12788959050127355,12.0,2.1107566748958067
Hydrophone,Looped,H2,Circumferential Crack,ND,N,9,LO_CC_ND_N_H2,5.354847971212292e-05,0.1298946913254321,0.009050584653895891,-0.39046933782476057,0.12989470236298697,12.333333333333332,0.8588986345136104
Hydrophone,Looped,H2,Circumferential Crack,ND,N,10,LO_CC_ND_N_H2,-0.00014870532172453051,0.09533161373239556,0.007507428424823894,0.09012183357449022,0.09533172971312007,12.333333333333332,0.8429047568255124
Hydrophone,Looped,H2,Circumferential Crack,ND,N,11,LO_CC_ND_N_H2,0.0001774280771895252,0.11882878335342208,0.03894954815348438,-0.216200692727178,0.11882891581587832,12.666666666666666,0.9232338574206401
Hydrophone,Looped,H2,Circumferential Crack,ND,N,12,LO_CC_ND_N_H2,-0.000485602765062778,0.1385698826004938,-0.056976329892426875,-0.7308213625591784,0.1385707334683629,12.333333333333332,1.3552434941856546
Hydrophone,Looped,H2,Circumferential Crack,ND,N,13,LO_CC_ND_N_H2,-0.0007235333745117955,0.11068494632118137,-0.11775854206318245,-0.033908661966108866,0.11068731111860487,12.333333333333332,1.6885412370537118
Hydrophone,Looped,H2,Circumferential Crack,ND,N,14,LO_CC_ND_N_H2,0.0002482874076006964,0.10096819069968652,0.0033180538205956115,-0.2012289479549687,0.10096849597674036,12.0,0.9670947966106753
Hydrophone,Looped,H2,Circumferential Crack,ND,N,15,LO_CC_ND_N_H2,4.535410614576326e-05,0.12658429748429284,0.02513446241781642,0.8213386825359525,0.126584305609293,12.333333333333332,0.9197286816329222
Hydrophone,Looped,H2,Circumferential Crack,ND,N,16,LO_CC_ND_N_H2,-0.0009661643737759579,0.14535919167722802,0.0453884086369279,-0.17057096996055154,0.1453624025621972,12.333333333333332,1.8224608751237745
Hydrophone,Looped,H2,Circumferential Crack,ND,N,17,LO_CC_ND_N_H2,-0.0003370254524789931,0.1654316981946766,0.0024578808771936237,-0.5316497356319156,0.1654320414965921,12.333333333333332,1.1892103442834963
Hydrophone,Looped,H2,Circumferential Crack,ND,N,18,LO_CC_ND_N_H2,0.000576608832562928,0.1445995761553461,-0.029009451417184775,0.39861752780444437,0.14460072580056965,12.666666666666666,1.2653279558489527
Hydrophone,Looped,H2,Circumferential Crack,ND,N,19,LO_CC_ND_N_H2,0.0013065591088429719,0.14675614584766958,-0.01493376372013042,-0.06099561373710438,0.14676196183196574,12.666666666666666,2.2788056960062395
Hydrophone,Looped,H2,Circumferential Crack,ND,N,20,LO_CC_ND_N_H2,-1.854005242390766e-05,0.15077549553565797,0.029598277632845796,-0.2043151484892891,0.15077549667554327,12.333333333333332,0.9429285136978848
Hydrophone,Looped,H2,Circumferential Crack,ND,N,21,LO_CC_ND_N_H2,-0.0011684020622400992,0.11188109913802034,0.06970778609147164,-0.5677020196973506,0.11188719992792108,12.333333333333332,2.186930113367267
Hydrophone,Looped,H2,Circumferential Crack,ND,N,22,LO_CC_ND_N_H2,0.000516117867427486,0.1239193214993848,0.05547594258344381,-0.28509382250074955,0.12392039629746576,12.333333333333332,1.2953471527029714
Hydrophone,Looped,H1,Circumferential Crack,Transient,NN,0,LO_CC_Transient_NN_H1,0.00031154674009802253,0.09407152566710748,0.23378026285208114,-0.3936020406609586,0.09407204155703504,12.333333333333332,2.0716857219177647
Hydrophone,Looped,H1,Circumferential Crack,Transient,NN,1,LO_CC_Transient_NN_H1,0.0003167872330164604,0.08276328884589719,0.1913020283964302,-0.1926216824084621,0.08276389511580767,12.0,1.815748380549777
Hydrophone,Looped,H1,Circumferential Crack,Transient,NN,2,LO_CC_Transient_NN_H1,-0.00024104917288634927,0.07960764136503297,-0.03286823081458184,0.12349197111818677,0.07960800630845781,12.0,0.9510652164753367
Hydrophone,Looped,H1,Circumferential Crack,Transient,NN,3,LO_CC_Transient_NN_H1,-3.4492843712554995e-05,0.08110925266435765,-0.18996201883820138,0.32354410382549137,0.08110925999863934,12.0,1.7484457777922895
Hydrophone,Looped,H1,Circumferential Crack,Transient,NN,4,LO_CC_Transient_NN_H1,0.00014233162407504,0.07617773005907343,-0.03362020696663732,0.2373624239344596,0.07617786302623794,12.0,0.8666250774710695
Hydrophone,Looped,H1,Circumferential Crack,Transient,NN,5,LO_CC_Transient_NN_H1,4.512413242771655e-05,0.11088173665516553,0.001096993565878974,5.903888548528602,0.11088174583696275,12.333333333333332,3.413931697315088
Hydrophone,Looped,H1,Circumferential Crack,Transient,NN,6,LO_CC_Transient_NN_H1,-6.282652658073129e-05,0.11293590495769858,-0.043324071384619786,5.3856358838486695,0.1129359224329742,12.333333333333332,2.90609403533292
Hydrophone,Looped,H1,Circumferential Crack,Transient,NN,7,LO_CC_Transient_NN_H1,-0.00039009404604573554,0.08027281188271833,-0.1988346426667432,-0.2271618603081338,0.08027375972833867,12.333333333333332,2.0782831154817103
Hydrophone,Looped,H1,Circumferential Crack,Transient,NN,8,LO_CC_Transient_NN_H1,-7.986729833771763e-07,0.08567209493461625,-0.16411923119567415,-0.36330912715942043,0.08567209493833904,12.666666666666666,1.7849673106344268
Hydrophone,Looped,H1,Circumferential Crack,Transient,NN,9,LO_CC_Transient_NN_H1,0.00024313742547338706,0.10346174998855605,0.1534509263783483,-0.21595450197677613,0.10346203567735435,12.333333333333332,1.473378349098196
Hydrophone,Looped,H1,Circumferential Crack,Transient,NN,10,LO_CC_Transient_NN_H1,0.00021806469150217778,0.0990130307838344,0.20754354135605027,0.0392360586011864,0.09901327091461135,12.333333333333332,1.9395082579875322
Hydrophone,Looped,H1,Circumferential Crack,Transient,NN,11,LO_CC_Transient_NN_H1,0.0005424962725576251,0.07975653811601671,-0.09041729234671468,-0.280882902511133,0.07975838309831366,12.333333333333332,1.6079834375927688
Hydrophone,Looped,H1,Circumferential Crack,Transient,NN,12,LO_CC_Transient_NN_H1,0.001099470880933069,0.1639662057097807,-1.2672738668140504,13.618094223016541,0.1639698919042156,12.333333333333332,9.847892047333135
Hydrophone,Looped,H1,Circumferential Crack,Transient,NN,13,LO_CC_Transient_NN_H1,-0.00040209652935537844,0.20819433529575507,-0.7532865604997081,4.906823131658975,0.20819472359034513,12.666666666666666,5.646205469962182
Hydrophone,Looped,H1,Circumferential Crack,Transient,NN,14,LO_CC_Transient_NN_H1,-0.001549010225099945,0.14670075843150418,-0.40524834890494804,3.3585048617192133,0.1467089361867777,12.666666666666666,3.8094077724507867
Hydrophone,Looped,H1,Circumferential Crack,Transient,NN,15,LO_CC_Transient_NN_H1,9.584771150202043e-05,0.0743693403389905,0.17095349712600405,0.4290527039156027,0.074369402103556,12.333333333333332,1.800609966253463
Hydrophone,Looped,H1,Circumferential Crack,Transient,NN,16,LO_CC_Transient_NN_H1,-0.0001699758005871631,0.08114142765505714,0.15149367313775977,0.10238200543377962,0.08114160568828827,12.333333333333332,1.6325761429381704
Hydrophone,Looped,H1,Circumferential Crack,Transient,NN,17,LO_CC_Transient_NN_H1,0.00018039843014112692,0.08971455062693735,-0.006878907345986771,-0.20132368986442506,0.08971473199974965,12.333333333333332,0.8577776443238208
Hydrophone,Looped,H1,Circumferential Crack,Transient,NN,18,LO_CC_Transient_NN_H1,0.00043253228732447976,0.09029358277108573,-0.07608056177940246,-0.28994952724473055,0.0902946187423065,12.666666666666666,1.380393256120565
Hydrophone,Looped,H1,Circumferential Crack,Transient,NN,19,LO_CC_Transient_NN_H1,-9.966805737801768e-06,0.07315895632576361,-0.0980069588131328,-0.3141792081392585,0.07315895700467717,25.0,1.1021902047848324
Hydrophone,Looped,H1,Circumferential Crack,Transient,NN,20,LO_CC_Transient_NN_H1,-0.00047047040861723994,0.0659773411069374,0.012768989319172457,-0.2761369203459063,0.06597901849790247,24.666666666666664,1.1227443678873654
Hydrophone,Looped,H1,Circumferential Crack,Transient,NN,21,LO_CC_Transient_NN_H1,-0.0004986462791551972,0.07380958977618622,-0.015739856631373336,-0.16066050648668284,0.07381127414589596,12.666666666666666,1.2640800090896693
Hydrophone,Looped,H1,Circumferential Crack,Transient,NN,22,LO_CC_Transient_NN_H1,0.0004963370594346689,0.08257416979599076,-0.07608006050959695,-0.3133870083783936,0.08257566147463598,12.333333333333332,1.4822376172120284
Hydrophone,Looped,H2,Circumferential Crack,Transient,NN,0,LO_CC_Transient_NN_H2,-0.000488133333534298,0.23515115958289917,-0.0026333856242126727,-1.190824554942658,0.23515166622274533,12.333333333333332,2.177353957237257
Hydrophone,Looped,H2,Circumferential Crack,Transient,NN,1,LO_CC_Transient_NN_H2,-0.0013652405243399308,0.18620438042623164,0.04726443334186812,-0.6187466308712515,0.18620938529409867,12.0,2.8731851051655446
Hydrophone,Looped,H2,Circumferential Crack,Transient,NN,2,LO_CC_Transient_NN_H2,0.000316821809642262,0.16168232210764388,-0.007756701669497699,-0.12260037883619468,0.16168263251870615,12.0,1.165670670879967
Hydrophone,Looped,H2,Circumferential Crack,Transient,NN,3,LO_CC_Transient_NN_H2,6.472258345729006e-05,0.16425976829585606,-0.08387849329065722,0.4998316706072927,0.1642597810470388,12.0,1.1910324842480124
Hydrophone,Looped,H2,Circumferential Crack,Transient,NN,4,LO_CC_Transient_NN_H2,0.0003617651687428059,0.15247668621096486,-0.058749630341208094,0.40659493375773925,0.15247711537117414,12.0,1.1990370279437623
Hydrophone,Looped,H2,Circumferential Crack,Transient,NN,5,LO_CC_Transient_NN_H2,0.0002467437497935229,0.18272730903868256,0.001494362477338966,0.585465721730873,0.18272747563241898,12.333333333333332,1.2233712649396515
Hydrophone,Looped,H2,Circumferential Crack,Transient,NN,6,LO_CC_Transient_NN_H2,0.0004186480540655446,0.18831128719152135,0.010083792637514735,0.3454786101868703,0.1883117525538988,12.333333333333332,1.3945164445080132
Hydrophone,Looped,H2,Circumferential Crack,Transient,NN,7,LO_CC_Transient_NN_H2,0.0004520162201648974,0.17732283687564845,0.02606426297061656,-0.743582591835271,0.1773234129952701,12.333333333333332,1.4664783338882588
Hydrophone,Looped,H2,Circumferential Crack,Transient,NN,8,LO_CC_Transient_NN_H2,-0.00011893533213799667,0.1737617278086075,0.06693786537793595,-0.5976498104930235,0.17376176851265593,12.666666666666666,1.2766550592661003
Hydrophone,Looped,H2,Circumferential Crack,Transient,NN,9,LO_CC_Transient_NN_H2,-0.00014468816912504117,0.24447404594417083,-0.012627912684954308,-0.4038349481582828,0.24447408875989055,12.333333333333332,1.921940423203805
Hydrophone,Looped,H2,Circumferential Crack,Transient,NN,10,LO_CC_Transient_NN_H2,-0.0007157830021273087,0.24795690915759233,-0.01965153511739467,-0.5588983564390424,0.24795794228919676,12.333333333333332,2.374014085445538
Hydrophone,Looped,H2,Circumferential Crack,Transient,NN,11,LO_CC_Transient_NN_H2,-0.0005097767074986357,0.18529639797536887,0.01861865144426487,-0.8710459162960049,0.1852970992081036,12.333333333333332,1.6941960179989233
Hydrophone,Looped,H2,Circumferential Crack,Transient,NN,12,LO_CC_Transient_NN_H2,-0.001210013592137081,0.27766743334639044,-0.3379546662781087,1.2916090533561553,0.2776700698203991,12.333333333333332,3.9206193403173124
Hydrophone,Looped,H2,Circumferential Crack,Transient,NN,13,LO_CC_Transient_NN_H2,-0.00013130913185841592,0.4395232594721299,-0.06698505349863791,-0.30914457829889574,0.4395232790866638,12.666666666666666,4.2070776943610895
Hydrophone,Looped,H2,Circumferential Crack,Transient,NN,14,LO_CC_Transient_NN_H2,0.002700724505857777,0.3834272912898784,0.012528286909882067,0.5687620709116064,0.38343680263995245,12.666666666666666,5.851254926699616
Hydrophone,Looped,H2,Circumferential Crack,Transient,NN,15,LO_CC_Transient_NN_H2,-2.6572151015200754e-05,0.18101453099087048,0.013494480461774924,-0.7323572732585082,0.18101453294120892,12.333333333333332,1.3165509937602824
Hydrophone,Looped,H2,Circumferential Crack,Transient,NN,16,LO_CC_Transient_NN_H2,0.0006745828624128804,0.17400625641719278,0.008649438358685646,-0.5681733846608794,0.17400756401479822,12.333333333333332,1.6696188737690794
Hydrophone,Looped,H2,Circumferential Crack,Transient,NN,17,LO_CC_Transient_NN_H2,-0.0011300721465621727,0.22575497101142797,-0.0034798521774502163,-0.5934881575616657,0.2257577994210324,12.333333333333332,2.6937391474247536
Hydrophone,Looped,H2,Circumferential Crack,Transient,NN,18,LO_CC_Transient_NN_H2,-0.0016013650768006038,0.23435087561840443,0.021598431114513185,-0.691496685753203,0.234356346773929,12.333333333333332,3.44910394985901
Hydrophone,Looped,H2,Circumferential Crack,Transient,NN,19,LO_CC_Transient_NN_H2,0.00022591195475431017,0.14513985163687573,0.06937137672910147,0.3379495832305901,0.14514002745412996,12.666666666666666,1.0886173774757923
Hydrophone,Looped,H2,Circumferential Crack,Transient,NN,20,LO_CC_Transient_NN_H2,0.001100841491901145,0.10342427040958961,-0.009555525271882425,0.31629273318561335,0.10343012888779654,12.666666666666666,2.035149498949941
Hydrophone,Looped,H2,Circumferential Crack,Transient,NN,21,LO_CC_Transient_NN_H2,0.0016806244000021101,0.14898058615533033,0.023572920105593143,-0.26661135605086006,0.14899006527134515,12.666666666666666,3.071281167898199
Hydrophone,Looped,H2,Circumferential Crack,Transient,NN,22,LO_CC_Transient_NN_H2,-0.0014895032374692204,0.2065244800803381,0.011196635239862066,-1.2006702722775453,0.2065298513347366,12.333333333333332,3.1997606908248035
Hydrophone,Looped,H1,Circumferential Crack,Transient,N,0,LO_CC_Transient_N_H1,4.754251622365742e-05,0.09032830893137293,-0.019630968084360545,-0.32539085974653803,0.09032832144290293,12.333333333333332,0.9708185650187239
Hydrophone,Looped,H1,Circumferential Crack,Transient,N,1,LO_CC_Transient_N_H1,-5.488124955707089e-05,0.07930412146593767,-0.06112003777948162,-0.02395307312036854,0.07930414045581573,12.333333333333332,1.0599986791007485
Hydrophone,Looped,H1,Circumferential Crack,Transient,N,2,LO_CC_Transient_N_H1,-0.0002553097623288446,0.08076295256389318,0.06792506073605863,0.1690230806981159,0.08076335610852486,12.0,1.2265803210367388
Hydrophone,Looped,H1,Circumferential Crack,Transient,N,3,LO_CC_Transient_N_H1,8.651562181727358e-06,0.08797505193366364,0.05517123821522228,-0.09987795659417031,0.08797505235906566,12.333333333333332,1.0703211002953716
Hydrophone,Looped,H1,Circumferential Crack,Transient,N,4,LO_CC_Transient_N_H1,0.000381067081278539,0.07655859816037673,0.007454714315263476,0.17184558210562884,0.07655954652688633,12.0,1.1674346983264698
Hydrophone,Looped,H1,Circumferential Crack,Transient,N,5,LO_CC_Transient_N_H1,-0.00041799670715060935,0.078172643930204,0.07787829923152047,-0.16078708815238762,0.07817376145667834,12.0,1.4368619994587357
Hydrophone,Looped,H1,Circumferential Crack,Transient,N,6,LO_CC_Transient_N_H1,-0.00014167473596078426,0.08830516992797639,0.025479818833934114,-0.3600436924033046,0.08830528357770896,12.0,1.0615960918129774
Hydrophone,Looped,H1,Circumferential Crack,Transient,N,7,LO_CC_Transient_N_H1,-0.00041215050646931697,0.09025408172250353,0.017109443101382803,-0.3839897970690389,0.09025502277221101,12.333333333333332,1.1876798605456051
Hydrophone,Looped,H1,Circumferential Crack,Transient,N,8,LO_CC_Transient_N_H1,0.0002933034735500512,0.08704419250537165,0.18681810520391223,-0.10702963843466096,0.08704468666058714,12.333333333333332,2.0505700762771166
Hydrophone,Looped,H1,Circumferential Crack,Transient,N,9,LO_CC_Transient_N_H1,0.0003339266288319747,0.08917106608204471,0.13078336179904812,0.3178142192873623,0.08917169132186419,12.333333333333332,1.6368847962693291
Hydrophone,Looped,H1,Circumferential Crack,Transient,N,10,LO_CC_Transient_N_H1,-0.0005182895706744037,0.08664970730925155,0.046679886998537055,0.24949620480162737,0.08665125735301267,12.0,1.2904322684233822
Hydrophone,Looped,H1,Circumferential Crack,Transient,N,11,LO_CC_Transient_N_H1,0.0003243524289511092,0.08369414862576731,0.021339083235114516,-0.2796410189825158,0.08369477712910282,12.333333333333332,1.1664454652283165
Hydrophone,Looped,H1,Circumferential Crack,Transient,N,12,LO_CC_Transient_N_H1,0.00021998121410252814,0.07807038055051685,-0.017266100366368026,-0.2971294499185899,0.07807069047367954,12.333333333333332,1.124179744640145
Hydrophone,Looped,H1,Circumferential Crack,Transient,N,13,LO_CC_Transient_N_H1,-0.0003196411531755728,0.07052432491386308,-0.061195950361776406,-0.17250067177979034,0.07052504927345271,61.666666666666664,3.0863993387319093
Hydrophone,Looped,H1,Circumferential Crack,Transient,N,14,LO_CC_Transient_N_H1,-6.505903070921641e-05,0.2075575164815463,-0.7410366226012236,8.003041558505894,0.2075575266779426,12.666666666666666,8.213242912359226
Hydrophone,Looped,H1,Circumferential Crack,Transient,N,15,LO_CC_Transient_N_H1,-8.340843804328978e-05,0.2153564370792494,-0.6685891955621801,6.609579760994384,0.21535645323146516,12.666666666666666,7.263747885507702
Hydrophone,Looped,H1,Circumferential Crack,Transient,N,16,LO_CC_Transient_N_H1,-0.00015026432646663944,0.08734966579511479,-0.06654178988338745,2.270537094824765,0.08734979504203805,12.666666666666666,1.4755586560808895
Hydrophone,Looped,H1,Circumferential Crack,Transient,N,17,LO_CC_Transient_N_H1,2.74835620972493e-05,0.0642134341733865,-0.007603236927017287,0.062276094704740714,0.06421344005491395,12.666666666666666,1.0705737679672978
Hydrophone,Looped,H1,Circumferential Crack,Transient,N,18,LO_CC_Transient_N_H1,0.0004581696371671599,0.0714410080736779,0.005589497298907103,-0.06272796350735543,0.07144247723868295,12.666666666666666,1.2903729270257878
Hydrophone,Looped,H1,Circumferential Crack,Transient,N,19,LO_CC_Transient_N_H1,0.0002745079943839885,0.0710442545278143,-0.020392247036555157,-0.06454976125123357,0.07104478486174648,12.666666666666666,1.137285691190172
Hydrophone,Looped,H1,Circumferential Crack,Transient,N,20,LO_CC_Transient_N_H1,-0.0002472861299904756,0.07090024803777355,-0.003840865899047079,-0.012342006568738295,0.0709006792791712,12.333333333333332,1.0955018212193688
Hydrophone,Looped,H1,Circumferential Crack,Transient,N,21,LO_CC_Transient_N_H1,-0.00021169967220925823,0.07420775106814653,-0.016370788580789653,-0.27641948998451404,0.07420805303565925,12.333333333333332,1.127604815991712
Hydrophone,Looped,H1,Circumferential Crack,Transient,N,22,LO_CC_Transient_N_H1,0.0003437577603501203,0.06928030347379867,-0.0956671104167201,-0.29054483253473506,0.06928115630400117,12.333333333333332,1.5075746417156546
Hydrophone,Looped,H1,Circumferential Crack,Transient,N,23,LO_CC_Transient_N_H1,9.056645420721894e-05,0.06713340808667573,-0.09140177812793643,-0.09897731116770725,0.06713346917607317,12.333333333333332,1.3336686254582524
Hydrophone,Looped,H2,Circumferential Crack,Transient,N,0,LO_CC_Transient_N_H2,5.2625477951956304e-05,0.10580231659419778,-0.05174461889973397,-1.129590013628154,0.10580232968200554,12.333333333333332,1.344323831763816
Hydrophone,Looped,H2,Circumferential Crack,Transient,N,1,LO_CC_Transient_N_H2,0.0003433414788397644,0.08914167886804161,-0.0668514224647085,-0.7788015420662662,0.08914234007913495,12.333333333333332,1.430852643401858
Hydrophone,Looped,H2,Circumferential Crack,Transient,N,2,LO_CC_Transient_N_H2,0.00025630634641994734,0.08806934316763072,0.00522862977401192,-0.12269705711032453,0.08806971612831008,12.0,1.0329660205660995
Hydrophone,Looped,H2,Circumferential Crack,Transient,N,3,LO_CC_Transient_N_H2,-0.0002643529289233372,0.09646581325925777,-0.03975545265096283,-0.5109303357904524,0.09646617547224012,12.333333333333332,1.1161517513044246
Hydrophone,Looped,H2,Circumferential Crack,Transient,N,4,LO_CC_Transient_N_H2,-0.0008028136571117841,0.07491934947211795,-0.09495594717141594,-0.2946938237667891,0.07492365070585781,12.0,1.8512942667304828
Hydrophone,Looped,H2,Circumferential Crack,Transient,N,5,LO_CC_Transient_N_H2,0.00048328818137297335,0.07894228490551625,0.02653870129408564,-0.5593350312963077,0.07894376424753226,12.0,1.444021280108436
Hydrophone,Looped,H2,Circumferential Crack,Transient,N,6,LO_CC_Transient_N_H2,0.0005810661254018606,0.09919490330271918,0.06052599876138695,-0.9744114918898092,0.09919660517919905,12.0,1.6325585240517155
Hydrophone,Looped,H2,Circumferential Crack,Transient,N,7,LO_CC_Transient_N_H2,0.0010831550113959863,0.11120347459973028,0.11469220943045717,-0.9625504050290754,0.11120874960106138,12.333333333333332,2.3301871524869786
Hydrophone,Looped,H2,Circumferential Crack,Transient,N,8,LO_CC_Transient_N_H2,-0.000680119518078186,0.10704614324181241,0.11889346989945423,-0.7336060650647043,0.10704830379555529,12.0,1.8513308319027804
Hydrophone,Looped,H2,Circumferential Crack,Transient,N,9,LO_CC_Transient_N_H2,-0.0011708005299443582,0.0882991604034456,0.07487532343995576,-0.3893114352443843,0.08830692216261607,12.333333333333332,2.23430838613988
Hydrophone,Looped,H2,Circumferential Crack,Transient,N,10,LO_CC_Transient_N_H2,0.0008955967148573685,0.08014314863465846,0.07291494473462322,-0.6934915963760502,0.08014815260848263,12.0,2.0261566032753318
Hydrophone,Looped,H2,Circumferential Crack,Transient,N,11,LO_CC_Transient_N_H2,-0.0002408981338974637,0.09472277319528671,-0.04379325394884457,-0.8715379304024276,0.0947230795198121,12.333333333333332,1.2908958279033098
Hydrophone,Looped,H2,Circumferential Crack,Transient,N,12,LO_CC_Transient_N_H2,-0.0005408357348345236,0.08691356806618468,-0.06224479515164838,-0.3980353851572813,0.08691525077503598,12.333333333333332,1.4149015347573979
Hydrophone,Looped,H2,Circumferential Crack,Transient,N,13,LO_CC_Transient_N_H2,0.0005274035417627061,0.05434831024663225,0.024911440070764342,0.07807900712553284,0.05435086918495469,12.333333333333332,1.5253159785952846
Hydrophone,Looped,H2,Circumferential Crack,Transient,N,14,LO_CC_Transient_N_H2,0.0010926109040845628,0.24780776445786262,-0.3449845886103906,5.698216207565055,0.2478101731652501,12.666666666666666,5.584453462180052
Hydrophone,Looped,H2,Circumferential Crack,Transient,N,15,LO_CC_Transient_N_H2,0.00020057564404158483,0.27091678349941534,-0.2522768907497092,3.3351462171109123,0.27091685774838387,12.666666666666666,4.05564997799809
Hydrophone,Looped,H2,Circumferential Crack,Transient,N,16,LO_CC_Transient_N_H2,-0.0007322776910363402,0.11994531107287722,0.06199803206794739,3.5649021518523503,0.11994754636500936,12.666666666666666,2.7694182413356834
Hydrophone,Looped,H2,Circumferential Crack,Transient,N,17,LO_CC_Transient_N_H2,7.489884165598978e-05,0.06585905629344972,-0.016621356548636963,-0.47023245328343144,0.06585909888314795,12.666666666666666,1.2407888056594314
Hydrophone,Looped,H2,Circumferential Crack,Transient,N,18,LO_CC_Transient_N_H2,-0.0006580214034453612,0.07920619740877881,-0.002734392859172687,-0.8093741780215309,0.07920893068414589,12.666666666666666,1.6237229962604205
Hydrophone,Looped,H2,Circumferential Crack,Transient,N,19,LO_CC_Transient_N_H2,-0.0006265180673856283,0.07580636410498758,-0.016100176936886937,-0.7472849809372115,0.07580895305771417,12.666666666666666,1.5965053502780717
Hydrophone,Looped,H2,Circumferential Crack,Transient,N,20,LO_CC_Transient_N_H2,3.370240375125899e-05,0.0709800828267283,-0.04674996311554795,-0.5943988318841562,0.07098009082793026,12.333333333333332,1.3022080107088212
Hydrophone,Looped,H2,Circumferential Crack,Transient,N,21,LO_CC_Transient_N_H2,0.0004200299681418751,0.08571140515781316,-0.017306108717060006,-0.7030826626381654,0.08571243433307058,12.333333333333332,1.3607763505964734
Hydrophone,Looped,H2,Circumferential Crack,Transient,N,22,LO_CC_Transient_N_H2,-0.00014639719556897986,0.07806164197680726,0.00208326465253518,-0.27774528794936515,0.07806177925370462,12.333333333333332,1.067963718222113
Hydrophone,Looped,H2,Circumferential Crack,Transient,N,23,LO_CC_Transient_N_H2,-0.00016487061353608247,0.06362554716786667,-0.016734821824719973,-0.10182327048053486,0.06362576077918153,12.333333333333332,1.159027236362057
Hydrophone,Looped,H1,Gasket Leak,0.18 LPS,N,0,LO_GL_0.18 LPS_N_H1,-0.0013234275495027398,0.17308519040015238,0.09715944001906253,-0.2611964486927456,0.17309024985924476,12.666666666666666,2.5542496191905166
Hydrophone,Looped,H1,Gasket Leak,0.18 LPS,N,1,LO_GL_0.18 LPS_N_H1,0.00012092013216341243,0.15381492169785063,0.10445329236245282,-0.1986554853221656,0.153814969227947,12.333333333333332,1.360295227846984
Hydrophone,Looped,H1,Gasket Leak,0.18 LPS,N,2,LO_GL_0.18 LPS_N_H1,-2.1241366293427433e-06,0.15004543878325882,-0.04065409111451007,-0.34837484489825643,0.15004543879829413,12.0,0.9851083657241534
Hydrophone,Looped,H1,Gasket Leak,0.18 LPS,N,3,LO_GL_0.18 LPS_N_H1,-0.0005123133197028131,0.1406353718793197,-0.06377078237052475,-0.10060590035229477,0.1406363050160665,12.0,1.2698871314146158
Hydrophone,Looped,H1,Gasket Leak,0.18 LPS,N,4,LO_GL_0.18 LPS_N_H1,0.001279452973346032,0.1478828709376541,0.07152260026102243,-0.186555950076829,0.14788840561948682,12.666666666666666,2.3496483022539567
Hydrophone,Looped,H1,Gasket Leak,0.18 LPS,N,5,LO_GL_0.18 LPS_N_H1,-2.3905406061265713e-05,0.1519034069566592,0.07688691771845864,-0.354955240350066,0.1519034088376849,12.333333333333332,1.17453320433506
Hydrophone,Looped,H1,Gasket Leak,0.18 LPS,N,6,LO_GL_0.18 LPS_N_H1,-0.0007041792039895404,0.12799007842970256,-0.07640306894105334,-0.16737312238138058,0.12799201555094264,12.333333333333332,1.5020514795323614
Hydrophone,Looped,H1,Gasket Leak,0.18 LPS,N,7,LO_GL_0.18 LPS_N_H1,-0.0010183735654425497,0.14255489026173435,-0.03642023282497787,0.27797746205191043,0.14255852770793445,12.333333333333332,1.8319560306090195
Hydrophone,Looped,H1,Gasket Leak,0.18 LPS,N,8,LO_GL_0.18 LPS_N_H1,0.0005310930910579911,0.16736862119337007,-0.10710476214416383,-0.07513223135405145,0.16736946382193252,12.333333333333332,1.6212430466232046
Hydrophone,Looped,H1,Gasket Leak,0.18 LPS,N,9,LO_GL_0.18 LPS_N_H1,0.0009397809981431551,0.16327547675506462,-0.11676317064169926,-0.22488375561858787,0.16327818132842528,12.333333333333332,2.083430496731327
Hydrophone,Looped,H1,Gasket Leak,0.18 LPS,N,10,LO_GL_0.18 LPS_N_H1,-0.0003252887115829536,0.1955692764364478,-0.03705630249120937,-0.4549111117192002,0.19556954696123224,12.333333333333332,1.4815232812122652
Hydrophone,Looped,H1,Gasket Leak,0.18 LPS,N,11,LO_GL_0.18 LPS_N_H1,-0.00025213121033151507,0.19588465347724826,-0.09018220742837449,-0.40796849650208555,0.19588481574141692,12.666666666666666,1.613028465444231
Hydrophone,Looped,H1,Gasket Leak,0.18 LPS,N,12,LO_GL_0.18 LPS_N_H1,-0.00034050401997890296,0.17165606072231254,-0.023692942462948948,-0.22420216694555473,0.17165639844086755,12.666666666666666,1.2028981193634456
Hydrophone,Looped,H1,Gasket Leak,0.18 LPS,N,13,LO_GL_0.18 LPS_N_H1,-3.9956130423941824e-05,0.20294121176154548,0.05654092817980223,-0.5010483252040716,0.20294121569493173,12.666666666666666,1.5138287595996829
Hydrophone,Looped,H1,Gasket Leak,0.18 LPS,N,14,LO_GL_0.18 LPS_N_H1,-0.0008264020317755783,0.19874066218864783,0.024702075920024304,-0.41747020971105897,0.19874238035079572,12.666666666666666,1.9272899517995281
Hydrophone,Looped,H1,Gasket Leak,0.18 LPS,N,15,LO_GL_0.18 LPS_N_H1,0.001628594435540857,0.17531020336772993,0.011896936082498368,-0.327187542171961,0.17531776785217837,13.0,2.852657873674782
Hydrophone,Looped,H1,Gasket Leak,0.18 LPS,N,16,LO_GL_0.18 LPS_N_H1,0.0009679490094717226,0.15385283116007617,0.12723849000075813,-0.19549226667846442,0.1538558760049672,12.333333333333332,2.1755505745839807
Hydrophone,Looped,H1,Gasket Leak,0.18 LPS,N,17,LO_GL_0.18 LPS_N_H1,-0.0006357115982416767,0.12875120140898316,0.09841277352081623,-0.13226798780484383,0.12875277081869999,12.666666666666666,1.5769119356612111
Hydrophone,Looped,H1,Gasket Leak,0.18 LPS,N,18,LO_GL_0.18 LPS_N_H1,0.00042959039912353423,0.12277574295928259,-0.03367801831087417,-0.07006087364625735,0.1227764945220169,24.333333333333332,0.8600303051987306
Hydrophone,Looped,H1,Gasket Leak,0.18 LPS,N,19,LO_GL_0.18 LPS_N_H1,0.0007090425315681587,0.15226913338948983,-0.10996729833627317,0.08587372988608255,0.15227078421186982,12.666666666666666,1.7116990486444577
Hydrophone,Looped,H1,Gasket Leak,0.18 LPS,N,20,LO_GL_0.18 LPS_N_H1,5.533821949794334e-05,0.16526955272360008,-0.029599448528777567,-0.309927105116393,0.16526956198821782,12.666666666666666,1.038244245952691
Hydrophone,Looped,H1,Gasket Leak,0.18 LPS,N,21,LO_GL_0.18 LPS_N_H1,-0.000829147998032191,0.15182330257027146,-0.08140075747916882,-0.3745028235475325,0.15182556665379796,13.0,1.7526412831408584
Hydrophone,Looped,H1,Gasket Leak,0.18 LPS,N,22,LO_GL_0.18 LPS_N_H1,-0.0008722968751474451,0.15597257140903395,-0.17874323622147367,-0.2535393432259525,0.15597501060677824,12.666666666666666,2.2986768719976465
Hydrophone,Looped,H2,Gasket Leak,0.18 LPS,N,0,LO_GL_0.18 LPS_N_H2,0.000781022689091788,0.21361712342752145,-0.010028548412147745,-0.5091676962212821,0.21361855120258122,12.666666666666666,1.9975008341003384
Hydrophone,Looped,H2,Gasket Leak,0.18 LPS,N,1,LO_GL_0.18 LPS_N_H2,-0.0002350987624302158,0.15854734230595915,0.013736857352162896,-0.77639888567625,0.15854751661161737,12.333333333333332,1.1498613153770754
Hydrophone,Looped,H2,Gasket Leak,0.18 LPS,N,2,LO_GL_0.18 LPS_N_H2,0.0003370414302733263,0.16931994483755627,0.014011695710219324,-0.6943036565127514,0.16932028028773993,12.0,1.27139712714168
Hydrophone,Looped,H2,Gasket Leak,0.18 LPS,N,3,LO_GL_0.18 LPS_N_H2,0.0002195930763666909,0.17646109022974252,-0.004433097482102085,-0.6343151861974423,0.17646122686354787,12.0,1.239792868183182
Hydrophone,Looped,H2,Gasket Leak,0.18 LPS,N,4,LO_GL_0.18 LPS_N_H2,-0.0018364771483806329,0.19672721624984005,-0.005487445361348571,-0.7040634717389156,0.1967357879536101,12.666666666666666,3.2741757674252994
Hydrophone,Looped,H2,Gasket Leak,0.18 LPS,N,5,LO_GL_0.18 LPS_N_H2,-3.7638942107833215e-05,0.19502907263281916,0.008967023686983195,-0.6315810987929522,0.195029076264816,12.333333333333332,1.3617496857474367
Hydrophone,Looped,H2,Gasket Leak,0.18 LPS,N,6,LO_GL_0.18 LPS_N_H2,0.0005126731628764052,0.13726761745217875,0.08203692919705383,0.28580345848120814,0.1372685748260308,12.333333333333332,1.4259852185795159
Hydrophone,Looped,H2,Gasket Leak,0.18 LPS,N,7,LO_GL_0.18 LPS_N_H2,0.0016561131300745293,0.1656193682273379,-0.0031602062956253827,0.34887999722695184,0.16562764818327327,12.333333333333332,2.8775167740818257
Hydrophone,Looped,H2,Gasket Leak,0.18 LPS,N,8,LO_GL_0.18 LPS_N_H2,-0.00011315436832066824,0.21209957299381935,-0.020472946965029132,-0.6172684147256757,0.21209960317754384,12.333333333333332,1.5745287098030236
Hydrophone,Looped,H2,Gasket Leak,0.18 LPS,N,9,LO_GL_0.18 LPS_N_H2,-0.0009890714654624193,0.2072410797210374,-0.024610782382219525,-0.7625886336800036,0.20724343991138822,12.333333333333332,2.2176852520509245
Hydrophone,Looped,H2,Gasket Leak,0.18 LPS,N,10,LO_GL_0.18 LPS_N_H2,3.0885839850224827e-05,0.2722967167351939,-0.011573230521237404,-0.7353342345383496,0.27229671848684023,12.333333333333332,2.3264177318137427
Hydrophone,Looped,H2,Gasket Leak,0.18 LPS,N,11,LO_GL_0.18 LPS_N_H2,-0.00031620967980827783,0.2599709127805197,-0.005439825309864695,-0.479646535968306,0.25997110508765814,12.666666666666666,2.21964252230837
Hydrophone,Looped,H2,Gasket Leak,0.18 LPS,N,12,LO_GL_0.18 LPS_N_H2,0.0009470485500475982,0.19172778812688218,-0.00551589177466806,-0.5978587718376875,0.19173012710834667,12.666666666666666,2.0115420467902827
Hydrophone,Looped,H2,Gasket Leak,0.18 LPS,N,13,LO_GL_0.18 LPS_N_H2,0.0004138033166149988,0.24899976277166228,-0.008566051449081851,-0.9438966689258099,0.2490001066134891,12.666666666666666,2.1296143631119517
Hydrophone,Looped,H2,Gasket Leak,0.18 LPS,N,14,LO_GL_0.18 LPS_N_H2,0.0012948769391089093,0.24230733199925397,-0.031812900247695654,-0.9104387923914974,0.2423107918498145,12.666666666666666,2.8569119403615932
Hydrophone,Looped,H2,Gasket Leak,0.18 LPS,N,15,LO_GL_0.18 LPS_N_H2,-0.0022845556043569405,0.21017353524404372,-0.03283750778011507,-0.8343139119343816,0.210185951270033,13.0,4.019564539324683
Hydrophone,Looped,H2,Gasket Leak,0.18 LPS,N,16,LO_GL_0.18 LPS_N_H2,-0.0013088014627407774,0.18368278887917602,-0.03862553955138,-0.3043319352269065,0.1836874516446369,12.333333333333332,2.4495124671451043
Hydrophone,Looped,H2,Gasket Leak,0.18 LPS,N,17,LO_GL_0.18 LPS_N_H2,0.0009779762662917367,0.11802558709593912,0.021336632852919004,0.6418687948254305,0.1180296388493947,12.666666666666666,1.7938672150141464
Hydrophone,Looped,H2,Gasket Leak,0.18 LPS,N,18,LO_GL_0.18 LPS_N_H2,-0.000940006109451852,0.08638633671962334,0.001253618645734135,-0.6974276845850782,0.08639145086941155,13.0,1.8672224304813623
Hydrophone,Looped,H2,Gasket Leak,0.18 LPS,N,19,LO_GL_0.18 LPS_N_H2,-0.0011387685066471473,0.16472015534699158,-0.04478412407842759,-0.29352814289368956,0.16472409165404062,12.666666666666666,2.1183939499629294
Hydrophone,Looped,H2,Gasket Leak,0.18 LPS,N,20,LO_GL_0.18 LPS_N_H2,0.0003250382281789359,0.19318079983583517,-0.02014768521404258,-0.9182025981235151,0.1931810732837531,12.666666666666666,1.497519222336846
Hydrophone,Looped,H2,Gasket Leak,0.18 LPS,N,21,LO_GL_0.18 LPS_N_H2,0.0013071574981627135,0.16667930926262609,0.01835512462677338,-0.38817634979552507,0.1666844347771895,13.0,2.354418978554795
Hydrophone,Looped,H2,Gasket Leak,0.18 LPS,N,22,LO_GL_0.18 LPS_N_H2,0.0013654818923056304,0.16968089674548523,-0.013453249988440743,-0.7175913112133481,0.16968639091320856,12.666666666666666,2.4814733621253233
Hydrophone,Looped,H1,Gasket Leak,0.47 LPS,N,0,LO_GL_0.47 LPS_N_H1,-0.0007486813233156597,0.15599452617057535,-0.043063839332595215,-0.33745307073319486,0.15599632277366735,12.666666666666666,1.5614693965328805
Hydrophone,Looped,H1,Gasket Leak,0.47 LPS,N,1,LO_GL_0.47 LPS_N_H1,0.0008174279883125474,0.1658133607712242,-0.019077683470374012,-0.36948399728681824,0.16581537564039175,12.333333333333332,1.6869676838865306
Hydrophone,Looped,H1,Gasket Leak,0.47 LPS,N,2,LO_GL_0.47 LPS_N_H1,0.00021737527747668986,0.17118969277641422,0.07339534030830414,-0.3738749626408926,0.17118983078703695,12.333333333333332,1.328683881845737
Hydrophone,Looped,H1,Gasket Leak,0.47 LPS,N,3,LO_GL_0.47 LPS_N_H1,-0.0005437075465228849,0.16565931173431978,-0.04320079678764191,-0.29547741744927425,0.16566020397845913,12.333333333333332,1.3884724971144653
Hydrophone,Looped,H1,Gasket Leak,0.47 LPS,N,4,LO_GL_0.47 LPS_N_H1,0.0001663556466806752,0.15808656332896814,-0.13285380677276928,-0.2869577567484405,0.1580866508575757,12.333333333333332,1.5328760816826843
Hydrophone,Looped,H1,Gasket Leak,0.47 LPS,N,5,LO_GL_0.47 LPS_N_H1,0.0008783891237052825,0.14419800438519356,-0.026531248373529645,-0.16780545828481586,0.14420067973530826,12.333333333333332,1.671132065143717
Hydrophone,Looped,H1,Gasket Leak,0.47 LPS,N,6,LO_GL_0.47 LPS_N_H1,0.0007127137332695567,0.14433281068689163,-0.03591513981366287,-0.06897006884598067,0.1443345703622098,12.333333333333332,1.453886734422042
Hydrophone,Looped,H1,Gasket Leak,0.47 LPS,N,7,LO_GL_0.47 LPS_N_H1,-0.000874774009397744,0.14687751932120113,-0.07248835468170774,-0.19549590403748196,0.14688012429024333,23.666666666666664,1.677672870021491
Hydrophone,Looped,H1,Gasket Leak,0.47 LPS,N,8,LO_GL_0.47 LPS_N_H1,0.0002359273701054073,0.16587646159637037,0.0026165520426456213,0.17182372347713049,0.16587662937694417,12.333333333333332,1.0914589931885337
Hydrophone,Looped,H1,Gasket Leak,0.47 LPS,N,9,LO_GL_0.47 LPS_N_H1,-0.001508436839205198,0.18260115994355258,0.18731997644277312,-0.10473755726766276,0.1826073903061668,12.333333333333332,3.213329396078525
Hydrophone,Looped,H1,Gasket Leak,0.47 LPS,N,10,LO_GL_0.47 LPS_N_H1,-0.00044722709850214434,0.1847773550187218,0.2843325134999765,-0.4997267708696236,0.18477789624246832,12.333333333333332,2.942610406701665
Hydrophone,Looped,H1,Gasket Leak,0.47 LPS,N,11,LO_GL_0.47 LPS_N_H1,0.0011494992640258478,0.18698453911106,0.03067227533583552,-0.572466587687829,0.18698807238734114,12.333333333333332,2.261434033510721
Hydrophone,Looped,H1,Gasket Leak,0.47 LPS,N,12,LO_GL_0.47 LPS_N_H1,-0.00021961471975241425,0.1688727456066784,-0.15599502779143773,-0.23807314308111582,0.16887288840830267,12.333333333333332,1.7604802930712569
Hydrophone,Looped,H1,Gasket Leak,0.47 LPS,N,13,LO_GL_0.47 LPS_N_H1,0.00047352954179244634,0.1427706793060645,-0.06467538334865273,-0.06185877919872995,0.14277146458498652,12.333333333333332,1.2449701896913192
Hydrophone,Looped,H1,Gasket Leak,0.47 LPS,N,14,LO_GL_0.47 LPS_N_H1,-0.00012593382611006445,0.16052469519932763,-0.0217338601072911,-0.2159462218710062,0.16052474459772736,34.0,1.2976384862975283
Hydrophone,Looped,H1,Gasket Leak,0.47 LPS,N,15,LO_GL_0.47 LPS_N_H1,-0.00017834875571798718,0.1718539654840279,-0.1277139883220856,-0.3144008371209748,0.17185405802850312,12.333333333333332,1.5869018681253058
Hydrophone,Looped,H1,Gasket Leak,0.47 LPS,N,16,LO_GL_0.47 LPS_N_H1,-0.00025257023119134024,0.15325829510912414,-0.17053296129500314,0.14531665108424807,0.15325850322731546,12.333333333333332,1.7549951716835077
Hydrophone,Looped,H1,Gasket Leak,0.47 LPS,N,17,LO_GL_0.47 LPS_N_H1,0.00019591934253190634,0.1584445814408645,-0.08272407897098635,-0.045461905623322085,0.15844470256957008,12.333333333333332,1.206844603773579
Hydrophone,Looped,H1,Gasket Leak,0.47 LPS,N,18,LO_GL_0.47 LPS_N_H1,0.0005978565389031365,0.16348270813627958,-0.10535044820736439,-0.08634614756931924,0.16348380131380932,12.666666666666666,1.6418440475583769
Hydrophone,Looped,H1,Gasket Leak,0.47 LPS,N,19,LO_GL_0.47 LPS_N_H1,-0.0006381619309776538,0.14394403934111474,-0.15938275356722412,0.3381781338939236,0.1439454539486626,12.333333333333332,1.8700294433437556
Hydrophone,Looped,H1,Gasket Leak,0.47 LPS,N,20,LO_GL_0.47 LPS_N_H1,2.581815564894304e-06,0.14830199788106274,-0.02237493977448473,0.26147970019729616,0.14830199790353638,12.0,0.8812343527656179
Hydrophone,Looped,H1,Gasket Leak,0.47 LPS,N,21,LO_GL_0.47 LPS_N_H1,0.000795486830083139,0.14792676945436134,0.0936763144622131,0.16197620914958755,0.14792890833268735,12.333333333333332,1.8089129353948534
Hydrophone,Looped,H1,Gasket Leak,0.47 LPS,N,22,LO_GL_0.47 LPS_N_H1,-0.0006754734142636367,0.15424811258473053,0.15350253972497402,0.21290865639835888,0.15424959157250656,12.666666666666666,2.029295792983196
Hydrophone,Looped,H2,Gasket Leak,0.47 LPS,N,0,LO_GL_0.47 LPS_N_H2,0.00019779307865118619,0.12658026267964598,-0.03942991230171624,-0.3162933928182192,0.12658041721431534,12.333333333333332,0.9382100486129462
Hydrophone,Looped,H2,Gasket Leak,0.47 LPS,N,1,LO_GL_0.47 LPS_N_H2,-0.001697844310252224,0.16612515403599679,-0.008192482300377208,-0.6517339070034165,0.16613383002502988,12.333333333333332,2.9475742517372416
Hydrophone,Looped,H2,Gasket Leak,0.47 LPS,N,2,LO_GL_0.47 LPS_N_H2,7.980103101857209e-05,0.18197104126801386,-0.054201923565417906,-0.947480053106712,0.1819710587658646,12.333333333333332,1.4119486197673727
Hydrophone,Looped,H2,Gasket Leak,0.47 LPS,N,3,LO_GL_0.47 LPS_N_H2,0.0008906633607700591,0.17112968165790188,-0.10419664367057208,-0.9231694259813867,0.17113199942020504,12.333333333333332,2.118919554897631
Hydrophone,Looped,H2,Gasket Leak,0.47 LPS,N,4,LO_GL_0.47 LPS_N_H2,-0.0007160422765130745,0.1555041144474378,-0.07681059277656016,-0.8121582732064354,0.15550576300132285,12.333333333333332,1.7291539884264822
Hydrophone,Looped,H2,Gasket Leak,0.47 LPS,N,5,LO_GL_0.47 LPS_N_H2,-0.0001282249916664689,0.13824251580162641,-0.025906901894765147,-0.6324206988470533,0.13824257526829936,12.0,1.0063985525306496
Hydrophone,Looped,H2,Gasket Leak,0.47 LPS,N,6,LO_GL_0.47 LPS_N_H2,-0.0005792101235939964,0.12535563496315327,0.00242406602566827,-0.5844145689597768,0.1253569730863928,12.333333333333332,1.2969884442765622
Hydrophone,Looped,H2,Gasket Leak,0.47 LPS,N,7,LO_GL_0.47 LPS_N_H2,0.00042884786612580893,0.11024826796879365,-0.03019437164588892,-0.394437691820706,0.11024910203993143,12.333333333333332,1.148622063620709
Hydrophone,Looped,H2,Gasket Leak,0.47 LPS,N,8,LO_GL_0.47 LPS_N_H2,-3.3047982851126534e-06,0.161805034986137,-0.049295402517929104,-0.01227759246186455,0.16180503501988652,12.333333333333332,1.0394132262088795
Hydrophone,Looped,H2,Gasket Leak,0.47 LPS,N,9,LO_GL_0.47 LPS_N_H2,0.0013339726487733065,0.20923649981813133,0.005922466208914883,-1.0167361506618569,0.20924075209951468,12.333333333333332,2.660374941786115
Hydrophone,Looped,H2,Gasket Leak,0.47 LPS,N,10,LO_GL_0.47 LPS_N_H2,5.585284110812753e-06,0.21714750249935885,0.06506106083478548,-1.0718120692885555,0.2171475025711888,12.333333333333332,1.751607186291904
Hydrophone,Looped,H2,Gasket Leak,0.47 LPS,N,11,LO_GL_0.47 LPS_N_H2,-0.00033791421943749175,0.2243306861308656,0.05837955484367289,-0.9658193203222143,0.22433094063451128,12.333333333333332,1.8812609032741552
Hydrophone,Looped,H2,Gasket Leak,0.47 LPS,N,12,LO_GL_0.47 LPS_N_H2,0.0004898437398766547,0.18323918512365342,0.027231968815088367,-0.2624036211727123,0.18323983985932216,12.333333333333332,1.459746998428044
Hydrophone,Looped,H2,Gasket Leak,0.47 LPS,N,13,LO_GL_0.47 LPS_N_H2,-0.0012690837659107108,0.11209990469930065,-0.012850689765570428,-0.050572274091099434,0.11210708812201477,12.333333333333332,2.1616385044371618
Hydrophone,Looped,H2,Gasket Leak,0.47 LPS,N,14,LO_GL_0.47 LPS_N_H2,-3.128298861183443e-05,0.13558902592831346,-0.0626724726608585,-0.32223938099286764,0.13558902953710614,12.333333333333332,0.9893308317571546
Hydrophone,Looped,H2,Gasket Leak,0.47 LPS,N,15,LO_GL_0.47 LPS_N_H2,-0.0001075376622998961,0.1681035893136183,-0.05492343905000898,-1.0083199226495283,0.1681036237101106,12.333333333333332,1.3456188136228686
Hydrophone,Looped,H2,Gasket Leak,0.47 LPS,N,16,LO_GL_0.47 LPS_N_H2,0.0006935197009554383,0.15910484082768211,0.0090912965891906,-0.7903786516412934,0.15910635230680664,12.333333333333332,1.567288100961222
Hydrophone,Looped,H2,Gasket Leak,0.47 LPS,N,17,LO_GL_0.47 LPS_N_H2,3.661831989248106e-05,0.15972194803540232,0.034845502131444016,-0.5801430164361392,0.1597219522330137,12.333333333333332,1.0800949028760898
Hydrophone,Looped,H2,Gasket Leak,0.47 LPS,N,18,LO_GL_0.47 LPS_N_H2,-0.001340132556326234,0.15631157390077896,-0.004706588906243018,-0.6405439294253736,0.15631731858820763,12.666666666666666,2.3822174328004784
Hydrophone,Looped,H2,Gasket Leak,0.47 LPS,N,19,LO_GL_0.47 LPS_N_H2,0.0010591215313144656,0.12089057326910592,-0.16945389810061187,-0.3396844684281213,0.12089521265852986,12.333333333333332,2.4255879356137293
Hydrophone,Looped,H2,Gasket Leak,0.47 LPS,N,20,LO_GL_0.47 LPS_N_H2,0.0007706361805836778,0.14580140030091238,-0.07354581953806606,-0.5834350058763573,0.14580343689306408,12.0,1.7147262402310999
Hydrophone,Looped,H2,Gasket Leak,0.47 LPS,N,21,LO_GL_0.47 LPS_N_H2,-0.0011373759949806846,0.13972258640176927,0.01921061391789623,-0.40042744582709044,0.1397272155843443,12.333333333333332,2.0301914483806285
Hydrophone,Looped,H2,Gasket Leak,0.47 LPS,N,22,LO_GL_0.47 LPS_N_H2,0.00025353541901568894,0.15987169262612472,0.11628814283114694,0.3470105205045688,0.1598718936628662,12.666666666666666,1.554546517261093
Hydrophone,Looped,H1,Gasket Leak,ND,NN,0,LO_GL_ND_NN_H1,0.00012208744385648287,0.16478185445137747,-0.010712501563711098,-0.2259566859780051,0.16478189967887522,12.666666666666666,1.0800277329527403
Hydrophone,Looped,H1,Gasket Leak,ND,NN,1,LO_GL_ND_NN_H1,-0.0006287056300708288,0.17031308332319495,-0.021266257023453725,-0.2108295733683887,0.17031424374321377,12.666666666666666,1.6159143640453113
Hydrophone,Looped,H1,Gasket Leak,ND,NN,2,LO_GL_ND_NN_H1,0.0009138451727377633,0.17461503857260166,0.028967205376015236,0.11593510982181154,0.17461742985369733,13.333333333333332,1.8821833429529962
Hydrophone,Looped,H1,Gasket Leak,ND,NN,3,LO_GL_ND_NN_H1,0.00013226275887163444,0.20977307628120725,0.043030092348216524,-0.085122348909771,0.20977311797730086,12.666666666666666,1.478250310442177
Hydrophone,Looped,H1,Gasket Leak,ND,NN,4,LO_GL_ND_NN_H1,-0.0013859271276009091,0.21543230228260388,0.027824769169358627,-0.4031430603849424,0.21543676023554162,12.666666666666666,2.994703156535937
Hydrophone,Looped,H1,Gasket Leak,ND,NN,5,LO_GL_ND_NN_H1,-0.001111321944795517,0.187899206007912,-0.0740598632239902,-0.5441318824306398,0.18790249241260407,12.666666666666666,2.517977559393934
Hydrophone,Looped,H1,Gasket Leak,ND,NN,6,LO_GL_ND_NN_H1,-0.0005758104729991186,0.2072302140421204,-0.09175578979827584,-0.5421165752992594,0.2072310140149004,12.666666666666666,2.0772318341109544
Hydrophone,Looped,H1,Gasket Leak,ND,NN,7,LO_GL_ND_NN_H1,0.002028729648501877,0.22167116542033288,-0.03825052930344565,-0.4548177457723952,0.22168044867059272,12.333333333333332,4.011739658130216
Hydrophone,Looped,H1,Gasket Leak,ND,NN,8,LO_GL_ND_NN_H1,0.0006003824516757226,0.21751346952892295,-0.02305957135685198,-0.47307511223865095,0.21751429811761333,12.666666666666666,1.948902272623545
Hydrophone,Looped,H1,Gasket Leak,ND,NN,9,LO_GL_ND_NN_H1,-0.0004259161724564079,0.2016301364428794,-0.06816161083487873,-0.3702816790482948,0.20163058628729946,12.333333333333332,1.7871737823884986
Hydrophone,Looped,H1,Gasket Leak,ND,NN,10,LO_GL_ND_NN_H1,0.0006527501022256281,0.16178020421583733,-0.09041086797499545,0.2230490205782112,0.16178152106719107,12.333333333333332,1.7373222636087229
Hydrophone,Looped,H1,Gasket Leak,ND,NN,11,LO_GL_ND_NN_H1,0.0004510499930748404,0.18628254461992214,-0.04017128719101847,-0.3492135211147054,0.18628309068772061,12.666666666666666,1.5814483880480206
Hydrophone,Looped,H1,Gasket Leak,ND,NN,12,LO_GL_ND_NN_H1,0.0002714225557328183,0.22754091995304207,-0.07297556897796639,-0.699403504151348,0.2275410818364026,12.666666666666666,2.0422190970925063
Hydrophone,Looped,H1,Gasket Leak,ND,NN,13,LO_GL_ND_NN_H1,0.0001717204967947783,0.2183688890390751,-0.04327240216316862,-0.5479988009609209,0.21836895655767763,12.666666666666666,1.7563129281968968
Hydrophone,Looped,H1,Gasket Leak,ND,NN,14,LO_GL_ND_NN_H1,5.756396091058491e-05,0.22012116834834738,-0.026894556204020325,-0.7006741752984369,0.22012117587513264,12.666666666666666,1.7412331083955725
Hydrophone,Looped,H1,Gasket Leak,ND,NN,15,LO_GL_ND_NN_H1,-0.0013874379282952194,0.20804344441253575,-0.05758044629780766,-0.5645176426608796,0.20804807076018927,12.666666666666666,2.9912810062242055
Hydrophone,Looped,H1,Gasket Leak,ND,NN,16,LO_GL_ND_NN_H1,-0.0015361159701215146,0.17811061770421757,-0.023770004727945975,-0.4391961822147423,0.1781172417012222,12.333333333333332,3.053838867339327
Hydrophone,Looped,H1,Gasket Leak,ND,NN,17,LO_GL_ND_NN_H1,0.0007687062460843964,0.16687773442069884,-0.07645799673281112,-0.12614517091705713,0.1668795048970306,12.333333333333332,1.9224440808208012
Hydrophone,Looped,H1,Gasket Leak,ND,NN,18,LO_GL_ND_NN_H1,0.00043390566857375685,0.1690584710993563,-0.06447298597054113,-0.06938952947379873,0.16905902792983613,13.0,1.4587216382322987
Hydrophone,Looped,H1,Gasket Leak,ND,NN,19,LO_GL_ND_NN_H1,-0.001222405892660616,0.16294437592271124,0.013592543467402815,0.015159154870825198,0.16294896109214152,13.333333333333332,2.4530719392165383
Hydrophone,Looped,H1,Gasket Leak,ND,NN,20,LO_GL_ND_NN_H1,0.000369536744848328,0.14374220939466772,0.0823633219085457,0.08617417746504863,0.1437426844019072,13.0,1.1872756290631152
Hydrophone,Looped,H1,Gasket Leak,ND,NN,21,LO_GL_ND_NN_H1,-9.007583668094732e-07,0.14626250877074604,-0.004575108952566648,-0.22198392552693402,0.14626250877351968,12.666666666666666,0.917548680887018
Hydrophone,Looped,H1,Gasket Leak,ND,NN,22,LO_GL_ND_NN_H1,-0.0003874687767495512,0.1489572599060999,-0.03060515339822528,-0.31111506798534405,0.14895776384863713,12.666666666666666,1.2512800128870623
Hydrophone,Looped,H2,Gasket Leak,ND,NN,0,LO_GL_ND_NN_H2,-0.0005061752740712154,0.16397240981234812,0.009862250909954543,-0.8490371509882011,0.1639731910803614,12.666666666666666,1.5467271621563508
Hydrophone,Looped,H2,Gasket Leak,ND,NN,1,LO_GL_ND_NN_H2,0.0008995739305495123,0.170626047434201,-0.004063661867055652,-0.8664065451099257,0.17062841878267154,12.666666666666666,2.0336334442542996
Hydrophone,Looped,H2,Gasket Leak,ND,NN,2,LO_GL_ND_NN_H2,-0.0008500653358260705,0.17585953752668265,-0.0322591077387252,0.09680729688184098,0.1758615920267239,13.333333333333332,1.9004392526918101
Hydrophone,Looped,H2,Gasket Leak,ND,NN,3,LO_GL_ND_NN_H2,-0.000441879998693605,0.2592743088824742,-0.0007733884270462425,-0.6953511950963578,0.2592746854292141,12.666666666666666,2.249698464341745
Hydrophone,Looped,H2,Gasket Leak,ND,NN,4,LO_GL_ND_NN_H2,0.0014117598079605325,0.2829085513686116,-0.00024024877252786612,-1.1105679880096428,0.2829120738025186,12.666666666666666,3.4696692730196044
Hydrophone,Looped,H2,Gasket Leak,ND,NN,5,LO_GL_ND_NN_H2,0.0017275306454117797,0.24767908560395294,0.009574969843750978,-1.0667962564111069,0.24768511018577816,12.666666666666666,3.6496255203280756
Hydrophone,Looped,H2,Gasket Leak,ND,NN,6,LO_GL_ND_NN_H2,0.0006683357008038528,0.2641110231111776,-0.0067086069786067805,-1.087402773240243,0.26411186872505743,12.666666666666666,2.5188825392278007
Hydrophone,Looped,H2,Gasket Leak,ND,NN,7,LO_GL_ND_NN_H2,-0.0029668954189055238,0.2823381137339312,0.0003375964413167533,-1.1191824339612186,0.2823537018267354,12.666666666666666,5.879368244130355
Hydrophone,Looped,H2,Gasket Leak,ND,NN,8,LO_GL_ND_NN_H2,-0.0012040887231698357,0.2905692149925953,0.007217711748117313,-1.244884824463583,0.2905717097913462,12.666666666666666,3.358915264415577
Hydrophone,Looped,H2,Gasket Leak,ND,NN,9,LO_GL_ND_NN_H2,0.001044020817338968,0.2594136934127765,0.01620088509237266,-0.95552755521024,0.2594157942561035,12.333333333333332,2.786046958271154
Hydrophone,Looped,H2,Gasket Leak,ND,NN,10,LO_GL_ND_NN_H2,-0.0006306679408740811,0.17489412244619354,0.03386033745009612,0.17920820940788307,0.17489525953631727,12.333333333333332,1.6651602780748096
Hydrophone,Looped,H2,Gasket Leak,ND,NN,11,LO_GL_ND_NN_H2,-0.000967910050682675,0.23079303060041784,-0.0015742193726420307,-0.35603339030533965,0.23079506022354898,12.666666666666666,2.477199301821293
Hydrophone,Looped,H2,Gasket Leak,ND,NN,12,LO_GL_ND_NN_H2,9.246524143298214e-05,0.3129560413135193,-0.006837727518982194,-0.9933274448931928,0.3129560549732982,12.666666666666666,2.746711319704533
Hydrophone,Looped,H2,Gasket Leak,ND,NN,13,LO_GL_ND_NN_H2,-0.0004896979835895579,0.2935752454245552,-0.0037871562172347843,-0.8400444502211073,0.29357565384446127,12.666666666666666,2.659702676918347
Hydrophone,Looped,H2,Gasket Leak,ND,NN,14,LO_GL_ND_NN_H2,-0.00045847316622748597,0.28571820309596324,0.0018417454978577222,-1.3059232488559482,0.28571857093656033,12.666666666666666,2.649890247725125
Hydrophone,Looped,H2,Gasket Leak,ND,NN,15,LO_GL_ND_NN_H2,0.0022235052308995505,0.27054880504631296,-0.012844265264364527,-1.2125727945104623,0.27055794183039555,12.666666666666666,4.5927029103096055
Hydrophone,Looped,H2,Gasket Leak,ND,NN,16,LO_GL_ND_NN_H2,0.002634932679375796,0.20675350662100433,-0.010281909588568549,-1.1947685299323967,0.20677029615084105,12.333333333333332,4.992322988404259
Hydrophone,Looped,H2,Gasket Leak,ND,NN,17,LO_GL_ND_NN_H2,-0.0013153635174451151,0.17508949058137127,0.002505503495657313,-1.0075710687200758,0.175094431359844,12.333333333333332,2.7681044324274104
Hydrophone,Looped,H2,Gasket Leak,ND,NN,18,LO_GL_ND_NN_H2,-0.0012359081966851202,0.16440213978827334,0.0025371369660029744,-0.5939673129645793,0.16440678524937347,13.0,2.5284134148835613
Hydrophone,Looped,H2,Gasket Leak,ND,NN,19,LO_GL_ND_NN_H2,0.0020177495946562024,0.13794195626474792,0.019644490873182846,-0.15999331144926687,0.13795671281808786,13.0,3.6287282386268296
Hydrophone,Looped,H2,Gasket Leak,ND,NN,20,LO_GL_ND_NN_H2,-0.0003485270324134067,0.12326264704009064,0.008295287606355289,-0.8260829855685929,0.12326313977188108,13.0,1.1943628277526588
Hydrophone,Looped,H2,Gasket Leak,ND,NN,21,LO_GL_ND_NN_H2,-8.388826119681169e-06,0.15644517669108368,-0.010499527341874568,-1.0076201452439209,0.1564451769159944,12.666666666666666,1.2787652199400543
Hydrophone,Looped,H2,Gasket Leak,ND,NN,22,LO_GL_ND_NN_H2,0.0007270201752191649,0.15628838635063227,-0.01621001370095419,-0.993382896385905,0.15629007731273178,12.666666666666666,1.8133057604174578
Hydrophone,Looped,H1,Gasket Leak,ND,N,0,LO_GL_ND_N_H1,-0.0009305911791022122,0.1751740427632268,-0.0004681949032324542,-0.5255604208648408,0.17517651457303127,12.666666666666666,1.8782711460837358
Hydrophone,Looped,H1,Gasket Leak,ND,N,1,LO_GL_ND_N_H1,0.0012785602969308313,0.17656516879777842,-0.028286386799537818,-0.4637556891489121,0.1765697979525968,12.333333333333332,2.375301327273854
Hydrophone,Looped,H1,Gasket Leak,ND,N,2,LO_GL_ND_N_H1,0.0005999932604149375,0.18024471437676798,-0.07484360123876846,-0.2900390540068507,0.18024571299388847,12.666666666666666,1.641432265929613
Hydrophone,Looped,H1,Gasket Leak,ND,N,3,LO_GL_ND_N_H1,-0.0006181328586792203,0.1675833681390389,0.012279933258008392,-0.19509463047468367,0.1675845081296467,13.0,1.4177276450568765
Hydrophone,Looped,H1,Gasket Leak,ND,N,4,LO_GL_ND_N_H1,0.0003709265333232112,0.1612828765150924,-0.005629905092208909,-0.44227112251408807,0.16128330305234845,12.666666666666666,1.1654991773739405
Hydrophone,Looped,H1,Gasket Leak,ND,N,5,LO_GL_ND_N_H1,3.071192207417628e-05,0.16124582654413872,0.0020459508918923503,-0.3926899978877785,0.1612458294689343,12.666666666666666,0.9876646840912737
Hydrophone,Looped,H1,Gasket Leak,ND,N,6,LO_GL_ND_N_H1,-0.0010075927116598325,0.15346398323270505,0.04151617134197666,-0.2353659553958969,0.15346729095387254,12.333333333333332,1.9012361723465983
Hydrophone,Looped,H1,Gasket Leak,ND,N,7,LO_GL_ND_N_H1,-0.0006062090523722387,0.18744762518462735,0.05556540786262225,0.19530742350405417,0.1874486054276524,12.666666666666666,1.6861168174015344
Hydrophone,Looped,H1,Gasket Leak,ND,N,8,LO_GL_ND_N_H1,0.0012326980470764837,0.18760368525632737,0.04735166908050687,0.11250694045010778,0.18760773509168113,12.666666666666666,2.4002123326093274
Hydrophone,Looped,H1,Gasket Leak,ND,N,9,LO_GL_ND_N_H1,0.0004958394911728413,0.16650797968962183,0.06513793032437902,-0.3237638322424683,0.16650871796131433,12.666666666666666,1.4384348162501228
Hydrophone,Looped,H1,Gasket Leak,ND,N,10,LO_GL_ND_N_H1,-0.0002732757336470185,0.17054299566624265,0.022432057133107235,-0.19862897371700639,0.170543214612727,13.0,1.1464736912607556
Hydrophone,Looped,H1,Gasket Leak,ND,N,11,LO_GL_ND_N_H1,-8.029520547707092e-05,0.17224782612744557,0.05740481997626832,-0.3396049949810789,0.17224784484268807,12.666666666666666,1.2111095343882272
Hydrophone,Looped,H1,Gasket Leak,ND,N,12,LO_GL_ND_N_H1,-0.0002648809573424491,0.1825471395455073,0.052723401767527156,-0.4195709953239519,0.18254733172021023,12.666666666666666,1.354507287985722
Hydrophone,Looped,H1,Gasket Leak,ND,N,13,LO_GL_ND_N_H1,-9.349088895048278e-05,0.1630040670050725,-0.026584156858732708,-0.013127518852834807,0.16300409381589312,12.666666666666666,0.9894712535752422
Hydrophone,Looped,H1,Gasket Leak,ND,N,14,LO_GL_ND_N_H1,0.0005536310452483065,0.1452385236897038,-0.03590004285758604,0.11658582736014411,0.1452395788719415,12.666666666666666,1.2399207330080098
Hydrophone,Looped,H1,Gasket Leak,ND,N,15,LO_GL_ND_N_H1,-0.0006856499327592998,0.1721387991940026,0.005147421944006903,0.3087867253911978,0.1721401647024408,13.0,1.5397807831922221
Hydrophone,Looped,H1,Gasket Leak,ND,N,16,LO_GL_ND_N_H1,-0.0007404191668285432,0.16936981813244356,0.05941685193310769,0.2890642139933033,0.1693714365374505,13.0,1.6946273559226728
Hydrophone,Looped,H1,Gasket Leak,ND,N,17,LO_GL_ND_N_H1,0.000539407366033738,0.13484737111452055,0.01852568613314154,-0.1371202363991162,0.13484844996070128,12.666666666666666,1.1977524659319438
Hydrophone,Looped,H1,Gasket Leak,ND,N,18,LO_GL_ND_N_H1,-0.0001242300421275108,0.1407389008980926,-0.06943165900962385,0.02567284663232572,0.14073895572692904,12.666666666666666,0.9749374493070236
Hydrophone,Looped,H1,Gasket Leak,ND,N,19,LO_GL_ND_N_H1,0.00028559715659085715,0.14839232367459917,-0.015516507421028196,-0.1742846939561038,0.14839259850573025,12.666666666666666,0.9788272196352107
Hydrophone,Looped,H1,Gasket Leak,ND,N,20,LO_GL_ND_N_H1,0.0011815690610679776,0.15856697485753635,-0.07563740843449017,-0.2926426904530084,0.15857137705436197,13.0,2.2267154325481973
Hydrophone,Looped,H1,Gasket Leak,ND,N,21,LO_GL_ND_N_H1,0.0003073171196054677,0.18063614548952545,-0.06739437360696601,-0.3878857450347448,0.1806364069093631,12.666666666666666,1.3994854330600373
Hydrophone,Looped,H1,Gasket Leak,ND,N,22,LO_GL_ND_N_H1,-0.0014617247241780925,0.18198299525859687,-0.0423774245026108,-0.30686633958693665,0.18198886560023328,12.333333333333332,2.660859511586936
Hydrophone,Looped,H2,Gasket Leak,ND,N,0,LO_GL_ND_N_H2,0.0005583148977133628,0.21744653765680402,-0.014126439313424607,-1.2963015932178394,0.2174472544192198,12.666666666666666,1.947354735124089
Hydrophone,Looped,H2,Gasket Leak,ND,N,1,LO_GL_ND_N_H2,-0.001641570592670507,0.21967607621505914,0.001963591919662057,-1.1072831404039059,0.21968220960117638,12.333333333333332,3.1630886889936387
Hydrophone,Looped,H2,Gasket Leak,ND,N,2,LO_GL_ND_N_H2,-0.0005671929507861343,0.20948324803152377,0.012105161668736307,-0.49485883951556486,0.2094840158906649,12.666666666666666,1.7653129620618302
Hydrophone,Looped,H2,Gasket Leak,ND,N,3,LO_GL_ND_N_H2,0.0007675438991382799,0.15269358723412624,0.026997401845372995,1.0630378918803967,0.152695516325997,12.666666666666666,1.7205144165281843
Hydrophone,Looped,H2,Gasket Leak,ND,N,4,LO_GL_ND_N_H2,-0.0010186171223669348,0.15456458832478037,-0.0004368689973367053,-0.6300195009954033,0.15456794475197894,12.666666666666666,1.9171273219649225
Hydrophone,Looped,H2,Gasket Leak,ND,N,5,LO_GL_ND_N_H2,0.0001371688878515962,0.18799498480503601,-0.02241718277919277,-1.0589889378906767,0.1879950348470659,12.666666666666666,1.417840129911177
Hydrophone,Looped,H2,Gasket Leak,ND,N,6,LO_GL_ND_N_H2,0.0016197604185934228,0.1508250314973967,-0.02934427185568347,-0.4016710120838076,0.15083372882085871,12.333333333333332,2.793845617995393
Hydrophone,Looped,H2,Gasket Leak,ND,N,7,LO_GL_ND_N_H2,0.000775591091864484,0.20823774540579887,-0.006993198650082081,-0.010751459745025116,0.20823918976319536,12.666666666666666,1.945746059945953
Hydrophone,Looped,H2,Gasket Leak,ND,N,8,LO_GL_ND_N_H2,-0.0016671090730621262,0.2037914205887984,0.017658752437448633,0.20102522055746608,0.20379823934043695,12.666666666666666,3.0683809961411406
Hydrophone,Looped,H2,Gasket Leak,ND,N,9,LO_GL_ND_N_H2,-0.000511638552815286,0.16578889889448423,-0.008093319328280092,0.46758655225090484,0.1657896883725108,12.666666666666666,1.322160100144603
Hydrophone,Looped,H2,Gasket Leak,ND,N,10,LO_GL_ND_N_H2,0.0005453791088797582,0.18643007847192086,-0.010690520959436612,-0.2149895753399389,0.18643087619120113,13.0,1.4963745941573185
Hydrophone,Looped,H2,Gasket Leak,ND,N,11,LO_GL_ND_N_H2,-0.00021758255818997218,0.1837870273523031,-0.004337328787519094,-0.6993303885437223,0.18378715614853458,12.666666666666666,1.2972322460954906
Hydrophone,Looped,H2,Gasket Leak,ND,N,12,LO_GL_ND_N_H2,0.00018612330973297655,0.21071157256266082,-0.006026629743205606,-1.1021498840281103,0.21071165476478965,12.666666666666666,1.6351583103170821
Hydrophone,Looped,H2,Gasket Leak,ND,N,13,LO_GL_ND_N_H2,0.0005193376870492799,0.17197259212969623,0.0035891094756718067,-0.2883891374517855,0.17197337629830978,12.666666666666666,1.361336232705013
Hydrophone,Looped,H2,Gasket Leak,ND,N,14,LO_GL_ND_N_H2,-0.0007729640218484848,0.13909837024223756,0.04349121969790663,0.5871174845445446,0.1391005178905732,12.0,1.585095318559285
Hydrophone,Looped,H2,Gasket Leak,ND,N,15,LO_GL_ND_N_H2,0.0008095565197417726,0.17620050283991612,-0.014932973173397587,-0.3120917357064332,0.17620236259141916,12.666666666666666,1.7219117802607595
Hydrophone,Looped,H2,Gasket Leak,ND,N,16,LO_GL_ND_N_H2,0.0011947395360922832,0.1703289223286152,-0.045684247108171976,-0.48270052850837075,0.17033311241266783,13.0,2.2436240164862276
Hydrophone,Looped,H2,Gasket Leak,ND,N,17,LO_GL_ND_N_H2,-0.0006268886094668178,0.11414789095838845,-0.03410872753520648,-0.1858250487009263,0.11414961234965636,11.666666666666666,1.312542692066259
Hydrophone,Looped,H2,Gasket Leak,ND,N,18,LO_GL_ND_N_H2,0.0004412250349755282,0.11548565956369686,0.0019033658335669626,-0.1565029339439139,0.11548650243380641,12.666666666666666,1.0566361519122858
Hydrophone,Looped,H2,Gasket Leak,ND,N,19,LO_GL_ND_N_H2,-0.0005348861198060544,0.13360567658454425,0.011163447753833261,-0.8154832897649444,0.13360674728012426,12.666666666666666,1.318520618854012
Hydrophone,Looped,H2,Gasket Leak,ND,N,20,LO_GL_ND_N_H2,-0.0022263347824776577,0.143109479242077,0.002167394466845268,-0.25666915344790775,0.1431267955887441,13.0,3.674412748487562
Hydrophone,Looped,H2,Gasket Leak,ND,N,21,LO_GL_ND_N_H2,6.904021355032105e-05,0.19035044230418388,0.005962222853583155,-0.7354147528038406,0.1903504548246458,12.666666666666666,1.3237276652773222
Hydrophone,Looped,H2,Gasket Leak,ND,N,22,LO_GL_ND_N_H2,0.0016273135070243206,0.19943599721347324,0.007266709883249179,-0.7548303760714576,0.19944263619843838,12.333333333333332,2.983049810211043
Hydrophone,Looped,H1,Gasket Leak,Transient,NN,0,LO_GL_Transient_NN_H1,0.0004240584882326505,0.16723246735552721,-0.10380690156494392,-0.2993974820758507,0.16723300500624544,12.333333333333332,1.7358960253840676
Hydrophone,Looped,H1,Gasket Leak,Transient,NN,1,LO_GL_Transient_NN_H1,0.00020332216931025988,0.20641163998720752,-0.08917598693579662,-0.4147685423060783,0.20641174012665342,12.333333333333332,1.827619206563221
Hydrophone,Looped,H1,Gasket Leak,Transient,NN,2,LO_GL_Transient_NN_H1,-0.0009491000506836147,0.19612753499514166,-0.056380146527991046,-0.18930767755838263,0.19612983142341384,12.333333333333332,2.244939906530673
Hydrophone,Looped,H1,Gasket Leak,Transient,NN,3,LO_GL_Transient_NN_H1,-3.718363848835423e-05,0.15436064854508005,0.006678019074580602,-0.32380989244865965,0.15436065302362745,12.333333333333332,1.007738254560311
Hydrophone,Looped,H1,Gasket Leak,Transient,NN,4,LO_GL_Transient_NN_H1,0.0009003464129812991,0.14385419174049655,-0.12226362037054164,-0.16287986317561298,0.143857009231302,12.333333333333332,2.246983178545539
Hydrophone,Looped,H1,Gasket Leak,Transient,NN,5,LO_GL_Transient_NN_H1,0.00012186779653463361,0.13286858332861842,-0.016205358320286706,0.10120941570881659,0.1328686392175138,33.666666666666664,0.8923883303202548
Hydrophone,Looped,H1,Gasket Leak,Transient,NN,6,LO_GL_Transient_NN_H1,-0.000294083907982446,0.14519662393800015,0.05445245774301242,-0.12604047985461708,0.14519692175916807,12.333333333333332,1.1621335409059423
Hydrophone,Looped,H1,Gasket Leak,Transient,NN,7,LO_GL_Transient_NN_H1,-0.0006245128066994482,0.14392446269340706,0.010333173495434302,-0.1445132328211054,0.14392581762085513,12.333333333333332,1.4784023345722452
Hydrophone,Looped,H1,Gasket Leak,Transient,NN,8,LO_GL_Transient_NN_H1,-4.43538537465115e-05,0.13718310068344822,0.09246617128650181,-0.018699035083161064,0.1371831078536619,24.333333333333332,0.9699277004402364
Hydrophone,Looped,H1,Gasket Leak,Transient,NN,9,LO_GL_Transient_NN_H1,8.435929884709522e-05,0.14441395816275104,0.0828650395558859,-0.00033760275921324023,0.14441398280195764,21.0,0.8889334781326266
Hydrophone,Looped,H1,Gasket Leak,Transient,NN,10,LO_GL_Transient_NN_H1,0.00023825646520803082,0.1483026555088982,-0.0338245141142703,-0.11917260759581172,0.14830284689490678,12.333333333333332,1.0739315921378836
Hydrophone,Looped,H1,Gasket Leak,Transient,NN,11,LO_GL_Transient_NN_H1,0.0005997532850849218,0.14353528163518964,-0.10654459466850648,-0.27166872669750086,0.14353653464569982,24.333333333333332,1.6447569037283778
Hydrophone,Looped,H1,Gasket Leak,Transient,NN,12,LO_GL_Transient_NN_H1,-0.00030206062992199477,0.1392339652592972,-0.027096463928751327,-0.18882726378834214,0.13923429291109046,24.0,0.8372398918512378
Hydrophone,Looped,H1,Gasket Leak,Transient,NN,13,LO_GL_Transient_NN_H1,-0.000781308088415645,0.14188823544904225,-0.04195268727248177,-0.04904467431873094,0.1418903865706619,33.33333333333333,1.7138803766555644
Hydrophone,Looped,H1,Gasket Leak,Transient,NN,14,LO_GL_Transient_NN_H1,0.001917008797632589,0.30524365889783056,-0.27011702761787976,2.399700940289904,0.3052496784929762,12.666666666666666,4.833180123365587
Hydrophone,Looped,H1,Gasket Leak,Transient,NN,15,LO_GL_Transient_NN_H1,0.0004926990023788071,0.3285462785516292,-0.21708133273727429,1.2022979301401575,0.3285466479853838,12.666666666666666,3.411490267757814
Hydrophone,Looped,H1,Gasket Leak,Transient,NN,16,LO_GL_Transient_NN_H1,-0.0016813476350781085,0.1848846057110995,-0.07204480724404172,-0.20434682717388775,0.18489225067270587,12.666666666666666,3.310004401735125
Hydrophone,Looped,H1,Gasket Leak,Transient,NN,17,LO_GL_Transient_NN_H1,-0.0009252890288432285,0.14054092952302047,-0.10891215715926604,-0.12915698223678085,0.14054397543467134,12.666666666666666,2.0781130233001104
Hydrophone,Looped,H1,Gasket Leak,Transient,NN,18,LO_GL_Transient_NN_H1,-0.000727721694032805,0.140187363758445,-0.022702832558608416,-0.2262625268347902,0.1401892525709676,12.666666666666666,1.6175149621871525
Hydrophone,Looped,H1,Gasket Leak,Transient,NN,19,LO_GL_Transient_NN_H1,0.0012127031587632173,0.1509225695684991,0.08118013128357218,-0.1750163891694374,0.15092744168675795,12.666666666666666,2.3018856840097577
Hydrophone,Looped,H1,Gasket Leak,Transient,NN,20,LO_GL_Transient_NN_H1,0.0015005435237787671,0.16675731002527322,0.13019728634531091,-0.46844305098872097,0.1667640611094964,13.0,2.863770945797916
Hydrophone,Looped,H1,Gasket Leak,Transient,NN,21,LO_GL_Transient_NN_H1,-3.930635106590893e-05,0.16010792752478328,0.10148520343102835,-0.45415105075278905,0.16010793234961998,12.666666666666666,1.2671809326983503
Hydrophone,Looped,H1,Gasket Leak,Transient,NN,22,LO_GL_Transient_NN_H1,-0.0014381802158418408,0.1357273599619164,-0.02472363121306447,-0.11404489332027046,0.1357349792962922,12.666666666666666,2.740017331072738
Hydrophone,Looped,H1,Gasket Leak,Transient,NN,23,LO_GL_Transient_NN_H1,-0.0002658971986032442,0.12703661012873704,0.01802098087505692,-0.1708559725070513,0.12703688839986976,13.0,0.9458850389217323
Hydrophone,Looped,H2,Gasket Leak,Transient,NN,0,LO_GL_Transient_NN_H2,-6.601573772780597e-05,0.1825397760189372,-0.0714305987151218,-0.35717492547788465,0.18253978795627376,12.333333333333332,1.4813632537480577
Hydrophone,Looped,H2,Gasket Leak,Transient,NN,1,LO_GL_Transient_NN_H2,-0.0005329263440293425,0.25789644011196367,-0.052224603080529015,-1.077732127450794,0.25789699074031835,12.333333333333332,2.4948438832961553
Hydrophone,Looped,H2,Gasket Leak,Transient,NN,2,LO_GL_Transient_NN_H2,0.0007051349083909454,0.21828014194242118,-0.06313399311632387,-0.3431434838581331,0.21828128087777607,12.333333333333332,2.1699949552519353
Hydrophone,Looped,H2,Gasket Leak,Transient,NN,3,LO_GL_Transient_NN_H2,0.00040578370408070325,0.13052075505574431,-0.09212710485742252,-0.9889310910737397,0.130521385836713,12.333333333333332,1.7742164038850272
Hydrophone,Looped,H2,Gasket Leak,Transient,NN,4,LO_GL_Transient_NN_H2,-0.0017014733944918099,0.11711887240713528,-0.14252787597339428,-0.4905940943498135,0.11713123104292465,12.333333333333332,3.3812683694351255
Hydrophone,Looped,H2,Gasket Leak,Transient,NN,5,LO_GL_Transient_NN_H2,0.00023096580497528808,0.10707125749932984,-0.0924480650938422,0.043481507601665914,0.10707150660979264,12.0,1.2047702173031047
Hydrophone,Looped,H2,Gasket Leak,Transient,NN,6,LO_GL_Transient_NN_H2,0.0012766165845703086,0.13726492706587204,0.022266861884583763,-0.5858727316061643,0.1372708634499804,12.333333333333332,2.4088327496142137
Hydrophone,Looped,H2,Gasket Leak,Transient,NN,7,LO_GL_Transient_NN_H2,0.0002514208361016792,0.13241303581862476,0.07482587616672937,-0.5300170770482997,0.13241327451257004,12.333333333333332,1.0617999648506133
Hydrophone,Looped,H2,Gasket Leak,Transient,NN,8,LO_GL_Transient_NN_H2,-0.000922592310052439,0.08962443136042694,0.020154311138713292,-0.02629449732498612,0.08962917980909146,12.333333333333332,1.8913050123943447
Hydrophone,Looped,H2,Gasket Leak,Transient,NN,9,LO_GL_Transient_NN_H2,0.0004001677420885469,0.10027382623601276,-0.15263268355759954,0.3641680549963304,0.10027462471748219,13.0,1.6205339145505127
Hydrophone,Looped,H2,Gasket Leak,Transient,NN,10,LO_GL_Transient_NN_H2,0.00034045290135660013,0.1288222273134701,-0.037280533183417036,-0.3825340328962903,0.12882267718915566,12.333333333333332,1.1654845869836066
Hydrophone,Looped,H2,Gasket Leak,Transient,NN,11,LO_GL_Transient_NN_H2,-0.0007862088140305678,0.11933710455450869,-0.04865159497758354,-0.11485513684825754,0.11933969435084456,12.333333333333332,1.678572648573441
Hydrophone,Looped,H2,Gasket Leak,Transient,NN,12,LO_GL_Transient_NN_H2,-0.00011599436755044697,0.10593981471059734,-0.035845928144726875,0.15224010149223366,0.10593987821216806,12.0,0.8163920521933696
Hydrophone,Looped,H2,Gasket Leak,Transient,NN,13,LO_GL_Transient_NN_H2,0.000806318813744419,0.10166988897888327,0.0987373105586761,0.02461659337169353,0.10167308628643004,12.333333333333332,1.6923007020262635
Hydrophone,Looped,H2,Gasket Leak,Transient,NN,14,LO_GL_Transient_NN_H2,-0.0016176244389023511,0.3388973632308104,-0.07760240055587778,1.9046823375849886,0.3389012238302204,12.666666666666666,4.158456705054519
Hydrophone,Looped,H2,Gasket Leak,Transient,NN,15,LO_GL_Transient_NN_H2,-0.00042120915608910564,0.3942691601947841,-0.05275924783534424,-0.03285999692042463,0.3942693851896867,12.666666666666666,3.6956110587554116
Hydrophone,Looped,H2,Gasket Leak,Transient,NN,16,LO_GL_Transient_NN_H2,0.0018562689265762444,0.23592461580398882,-0.011105276300742118,-0.5265816321784129,0.23593191830820076,12.666666666666666,3.7508796308357946
Hydrophone,Looped,H2,Gasket Leak,Transient,NN,17,LO_GL_Transient_NN_H2,0.0013085785173165565,0.15691169739651936,-0.03435272923664017,-0.9856820781364366,0.15691715380286772,12.666666666666666,2.703687745646376
Hydrophone,Looped,H2,Gasket Leak,Transient,NN,18,LO_GL_Transient_NN_H2,0.0004707527456565003,0.1443608498327292,-0.03658812222791275,-1.003208697130404,0.14436161738002015,12.666666666666666,1.5626542692790635
Hydrophone,Looped,H2,Gasket Leak,Transient,NN,19,LO_GL_Transient_NN_H2,-0.0016662371937714816,0.1471929152625721,0.000961439895409137,-0.886801174510341,0.1472023459387813,12.666666666666666,3.2350361549172484
Hydrophone,Looped,H2,Gasket Leak,Transient,NN,20,LO_GL_Transient_NN_H2,-0.0013358997937637958,0.1878988631289676,0.014174643658894693,-1.1214467485852848,0.18790361197544206,13.0,2.8577983861173752
Hydrophone,Looped,H2,Gasket Leak,Transient,NN,21,LO_GL_Transient_NN_H2,-0.00018188250678218796,0.19195559768310572,-0.001324250022840586,-1.1858873249192663,0.19195568385209283,12.666666666666666,1.6167174961881394
Hydrophone,Looped,H2,Gasket Leak,Transient,NN,22,LO_GL_Transient_NN_H2,0.0017655276738332425,0.1458336471064407,-0.032763773898884206,-0.7327545094694385,0.1458443338506263,12.666666666666666,3.363760981283432
Hydrophone,Looped,H2,Gasket Leak,Transient,NN,23,LO_GL_Transient_NN_H2,0.0007710264598664817,0.12073359579647693,-0.0018438861405955592,-0.6894795750183178,0.12073605772820681,13.0,1.6335058278545633
Hydrophone,Looped,H1,Gasket Leak,Transient,N,0,LO_GL_Transient_N_H1,-0.0009200533413290735,0.19034503614324444,0.021708462940850548,-0.400558371868478,0.19034725971897765,12.333333333333332,1.9723639157300776
Hydrophone,Looped,H1,Gasket Leak,Transient,N,1,LO_GL_Transient_N_H1,-0.0011922255318361783,0.19619242346481908,0.11645142254457362,-0.4832454113419482,0.19619604589980313,12.333333333333332,2.579337632268206
Hydrophone,Looped,H1,Gasket Leak,Transient,N,2,LO_GL_Transient_N_H1,0.0008102882209690335,0.17554586266759808,0.12162221603077164,-0.19667023861352995,0.17554773273019578,12.666666666666666,2.0535199331573337
Hydrophone,Looped,H1,Gasket Leak,Transient,N,3,LO_GL_Transient_N_H1,0.0005466789387746687,0.15307237613018984,0.03554829052142453,-0.017409917091363525,0.15307335232497005,12.666666666666666,1.3075874346087328
Hydrophone,Looped,H1,Gasket Leak,Transient,N,4,LO_GL_Transient_N_H1,5.452251833144624e-05,0.14728809841955362,0.09179091495563024,0.0636447602635184,0.147288108511017,24.333333333333332,1.0923852191082024
Hydrophone,Looped,H1,Gasket Leak,Transient,N,5,LO_GL_Transient_N_H1,-0.0004577403075469882,0.15158090994161358,-0.03550059698979594,-0.30480817691320894,0.1515816010765051,12.666666666666666,1.1892881990469122
Hydrophone,Looped,H1,Gasket Leak,Transient,N,6,LO_GL_Transient_N_H1,0.00025420477464828465,0.16737267483555746,0.05022122208137856,-0.18574402320149241,0.16737286787791117,12.333333333333332,1.2137462420187783
Hydrophone,Looped,H1,Gasket Leak,Transient,N,7,LO_GL_Transient_N_H1,0.001181260160240715,0.17258177870763688,-0.018328248381571835,-0.14322295124828566,0.17258582131061032,12.333333333333332,2.1978635319879825
Hydrophone,Looped,H1,Gasket Leak,Transient,N,8,LO_GL_Transient_N_H1,-0.0007911251452804272,0.16245965266025247,-0.02608699904841957,-0.2101642500100036,0.1624615789086311,12.666666666666666,1.6076612791249125
Hydrophone,Looped,H1,Gasket Leak,Transient,N,9,LO_GL_Transient_N_H1,-0.0006561893031465177,0.15495718675390258,0.007457664919070422,-0.06672820051547035,0.1549585761133775,12.333333333333332,1.3906822192553598
Hydrophone,Looped,H1,Gasket Leak,Transient,N,10,LO_GL_Transient_N_H1,0.00026313809167586704,0.1533379907525347,-0.07315195126871554,-0.06417073802393025,0.15333821653351687,12.333333333333332,1.1625415877066587
Hydrophone,Looped,H1,Gasket Leak,Transient,N,11,LO_GL_Transient_N_H1,6.772897054589544e-05,0.15789282673752472,0.10936882635387324,-0.13705644964300134,0.15789284126387573,12.333333333333332,1.4036689953042112
Hydrophone,Looped,H1,Gasket Leak,Transient,N,12,LO_GL_Transient_N_H1,4.45981911148771e-05,0.1603981299377773,0.11565132065048586,-0.2490150540674234,0.16039813613796997,12.333333333333332,1.4557686025101988
Hydrophone,Looped,H1,Gasket Leak,Transient,N,13,LO_GL_Transient_N_H1,0.00021284733913034973,0.15016062182269618,-0.007110919606719472,-0.3372242365285709,0.15016077267438577,12.333333333333332,0.976058605680428
Hydrophone,Looped,H1,Gasket Leak,Transient,N,14,LO_GL_Transient_N_H1,-8.031079289741687e-05,0.2770613299925078,-0.3366514515612094,3.5857111301537987,0.2770613416322111,13.0,4.6031983108476675
Hydrophone,Looped,H1,Gasket Leak,Transient,N,15,LO_GL_Transient_N_H1,-0.0002196562384363115,0.2742015482793512,-0.3390372649843489,3.834335761571559,0.27420163625999106,12.666666666666666,4.695660927856001
Hydrophone,Looped,H1,Gasket Leak,Transient,N,16,LO_GL_Transient_N_H1,-0.0003721273668327793,0.1387481333977499,0.041883459438650836,-0.3169935379456845,0.1387486324261863,12.666666666666666,1.0978915306329746
Hydrophone,Looped,H1,Gasket Leak,Transient,N,17,LO_GL_Transient_N_H1,-0.00013057554301162282,0.1297657072895965,0.04923047299050958,-0.1467408623995885,0.12976577298479622,12.666666666666666,0.9313669988566143
Hydrophone,Looped,H1,Gasket Leak,Transient,N,18,LO_GL_Transient_N_H1,0.00027990492206848595,0.12312451486650225,0.01517057308379821,-0.3920896982895026,0.12312483302679818,13.0,0.9496944050856201
Hydrophone,Looped,H1,Gasket Leak,Transient,N,19,LO_GL_Transient_N_H1,2.207745896397754e-05,0.12659070858396315,0.02769419386846343,-0.4984231375093797,0.126590710509121,12.666666666666666,0.9083924643555918
Hydrophone,Looped,H1,Gasket Leak,Transient,N,20,LO_GL_Transient_N_H1,0.0002464242634295061,0.11737775289878814,0.0437351980761772,-0.4696307895216534,0.11737801157153148,12.666666666666666,1.0477354829332364
Hydrophone,Looped,H1,Gasket Leak,Transient,N,21,LO_GL_Transient_N_H1,9.762176910572451e-05,0.12320781499646535,-0.11963040640876235,-0.2871435380972436,0.12320785367099386,12.666666666666666,1.3121716229693794
Hydrophone,Looped,H1,Gasket Leak,Transient,N,22,LO_GL_Transient_N_H1,-0.0007582242975461724,0.12188424622669983,-0.18103461100291593,-0.20989398343823984,0.12188660460582279,13.0,2.1225796968119117
Hydrophone,Looped,H2,Gasket Leak,Transient,N,0,LO_GL_Transient_N_H2,0.0008224786100719626,0.20358378284676804,0.04206130964079489,-0.8277757943999569,0.20358544424703853,12.333333333333332,2.013518563487927
Hydrophone,Looped,H2,Gasket Leak,Transient,N,1,LO_GL_Transient_N_H2,0.0012314915803151917,0.22355444817026146,0.04091864274991687,-1.0847268378301067,0.2235578400956283,12.333333333333332,2.6506197898705772
Hydrophone,Looped,H2,Gasket Leak,Transient,N,2,LO_GL_Transient_N_H2,-0.0007404579901882104,0.18188193937798403,0.02777330418334188,-0.7549629208915571,0.1818834466077985,12.666666666666666,1.739071880962414
Hydrophone,Looped,H2,Gasket Leak,Transient,N,3,LO_GL_Transient_N_H2,-0.00048430005718377145,0.12282719053766071,0.024884812480853717,-0.6829580008956926,0.12282814531661788,12.666666666666666,1.2383343011361119
Hydrophone,Looped,H2,Gasket Leak,Transient,N,4,LO_GL_Transient_N_H2,0.0002672431079916268,0.1042267119424982,0.07766203965402688,-0.5200108445889473,0.10422705455505912,12.0,1.2934745283683573
Hydrophone,Looped,H2,Gasket Leak,Transient,N,5,LO_GL_Transient_N_H2,0.00016259921878752987,0.12392504864370489,-0.03763116369020721,-0.7693237336605492,0.12392515531501493,12.666666666666666,1.077845122884807
Hydrophone,Looped,H2,Gasket Leak,Transient,N,6,LO_GL_Transient_N_H2,-0.0007606200449142214,0.1516356250047425,0.030787500219064158,-0.8645057333699779,0.15163753266731694,12.333333333333332,1.6500286334106382
Hydrophone,Looped,H2,Gasket Leak,Transient,N,7,LO_GL_Transient_N_H2,-0.0006505587312404832,0.1776593536776262,-0.006861941657552331,-0.7222914328496941,0.17766054479206875,12.333333333333332,1.6002077230202019
Hydrophone,Looped,H2,Gasket Leak,Transient,N,8,LO_GL_Transient_N_H2,0.001072539382149865,0.16364347868914605,-0.03970161805575002,-0.4005529143047819,0.16364699342857253,12.666666666666666,2.035881648051798
Hydrophone,Looped,H2,Gasket Leak,Transient,N,9,LO_GL_Transient_N_H2,0.0003930172127081127,0.13482440347981134,0.03792028421454258,-0.7257966170025805,0.13482497630712362,12.333333333333332,1.2208882743134777
Hydrophone,Looped,H2,Gasket Leak,Transient,N,10,LO_GL_Transient_N_H2,1.134262982990079e-05,0.13660778473779212,-0.014053274841695123,-0.7963383236155273,0.13660778520868494,12.333333333333332,1.0199673436901402
Hydrophone,Looped,H2,Gasket Leak,Transient,N,11,LO_GL_Transient_N_H2,-0.0008009332302128958,0.14955062462834695,-0.07264582333822543,-0.7577806324963867,0.14955276935171744,12.333333333333332,1.7764171924610206
Hydrophone,Looped,H2,Gasket Leak,Transient,N,12,LO_GL_Transient_N_H2,0.00011666175967703326,0.1586491150524178,-0.04185747248978068,-0.902146623454875,0.1586491579457057,12.333333333333332,1.2140186753785782
Hydrophone,Looped,H2,Gasket Leak,Transient,N,13,LO_GL_Transient_N_H2,0.0008532215427755885,0.1457275139913187,0.06113725353939408,-0.7764496783026735,0.1457300117377716,12.333333333333332,1.8060238538855455
Hydrophone,Looped,H2,Gasket Leak,Transient,N,14,LO_GL_Transient_N_H2,-0.001074733603805743,0.27489178147182647,-0.21578445102371113,3.3499647406047863,0.2748938823856827,12.333333333333332,4.313352285145719
Hydrophone,Looped,H2,Gasket Leak,Transient,N,15,LO_GL_Transient_N_H2,6.359166190111158e-05,0.277068940941223,-0.2289048069244834,3.153992799989215,0.27706894823886413,12.666666666666666,3.9414249600560862
Hydrophone,Looped,H2,Gasket Leak,Transient,N,16,LO_GL_Transient_N_H2,0.0011054078225025603,0.16289251664196386,-0.02335444362680268,-1.0557147660037156,0.16289626731268747,12.666666666666666,2.1662039171570826
Hydrophone,Looped,H2,Gasket Leak,Transient,N,17,LO_GL_Transient_N_H2,0.0005622124367610635,0.14119007208294107,-0.017272050785610605,-0.41153032042117754,0.14119119143066305,12.666666666666666,1.2692584564136586
Hydrophone,Looped,H2,Gasket Leak,Transient,N,18,LO_GL_Transient_N_H2,-0.00010139217382960005,0.12653883377905462,0.04961642522897731,0.10009319243323933,0.12653887440046294,13.0,0.8845541342976608
Hydrophone,Looped,H2,Gasket Leak,Transient,N,19,LO_GL_Transient_N_H2,-0.0005503053917499705,0.12997227266307756,0.008310611313346457,0.3082087428323521,0.1299734376602757,12.666666666666666,1.1416096755003733
Hydrophone,Looped,H2,Gasket Leak,Transient,N,20,LO_GL_Transient_N_H2,-0.001037915048529475,0.1054931259855595,-0.10197340449124362,0.3415299995696741,0.10549823172856071,12.666666666666666,1.9615842213967105
Hydrophone,Looped,H2,Gasket Leak,Transient,N,21,LO_GL_Transient_N_H2,0.00020241621617760072,0.11795336589147432,-0.0016370091631667672,-0.37757597912572916,0.1179535395715304,12.666666666666666,0.8947643847234884
Hydrophone,Looped,H2,Gasket Leak,Transient,N,22,LO_GL_Transient_N_H2,0.0009860275888002041,0.10059125678695707,0.006227010683629519,0.35872790469994964,0.10059608934936494,13.0,1.7714122454998342
Hydrophone,Looped,H1,Longitudinal Crack,0.18 LPS,N,0,LO_LC_0.18 LPS_N_H1,-3.44149394244031e-05,0.1727528343902034,-0.2235362707045997,-0.04374522659083757,0.1727528378181878,11.666666666666666,2.254255971132541
Hydrophone,Looped,H1,Longitudinal Crack,0.18 LPS,N,1,LO_LC_0.18 LPS_N_H1,-0.0006538634168499497,0.17498167981078117,-0.09061138735455974,-0.38037521633454263,0.17498290146974543,11.666666666666666,1.7457832475775368
Hydrophone,Looped,H1,Longitudinal Crack,0.18 LPS,N,2,LO_LC_0.18 LPS_N_H1,0.0011437282762111341,0.20004136875854622,0.040770663478241105,-0.5293336807550331,0.2000446383414524,11.666666666666666,2.3542898562847836
Hydrophone,Looped,H1,Longitudinal Crack,0.18 LPS,N,3,LO_LC_0.18 LPS_N_H1,0.00026958543238190174,0.23217202407082088,0.007245532755407148,-0.7041938485466233,0.2321721805846841,11.666666666666666,1.8608614724371315
Hydrophone,Looped,H1,Longitudinal Crack,0.18 LPS,N,4,LO_LC_0.18 LPS_N_H1,-0.0009241056023334629,0.19726358189946777,-0.018421097844521048,-0.13677450984980233,0.19726574643098152,11.666666666666666,2.0320777839861024
Hydrophone,Looped,H1,Longitudinal Crack,0.18 LPS,N,5,LO_LC_0.18 LPS_N_H1,0.000738342780206109,0.15498636597272664,0.15468560396292572,-0.25038726778960685,0.1549881246660306,11.666666666666666,2.1052978692288957
Hydrophone,Looped,H1,Longitudinal Crack,0.18 LPS,N,6,LO_LC_0.18 LPS_N_H1,-0.001145287886232672,0.1427369629849944,0.23038456094443574,0.11669055461349354,0.14274155767162558,12.0,2.9531309119891898
Hydrophone,Looped,H1,Longitudinal Crack,0.18 LPS,N,7,LO_LC_0.18 LPS_N_H1,-0.001230044576078531,0.1262565732372849,0.024606474740937304,0.060892989106790196,0.12626256490061108,58.666666666666664,3.4273648793879072
Hydrophone,Looped,H1,Longitudinal Crack,0.18 LPS,N,8,LO_LC_0.18 LPS_N_H1,0.0009243187184945176,0.18667214686747688,0.013700021286664133,0.006799058124427049,0.18667443526419525,12.0,1.9550145409131667
Hydrophone,Looped,H1,Longitudinal Crack,0.18 LPS,N,9,LO_LC_0.18 LPS_N_H1,0.0018073715969030137,0.27598288066513654,0.052724368229934246,-0.6508277905219386,0.27598879870805676,11.666666666666666,3.7694225973194224
Hydrophone,Looped,H1,Longitudinal Crack,0.18 LPS,N,10,LO_LC_0.18 LPS_N_H1,-0.00014746741606793087,0.24892186559956486,0.08208047207746874,-0.10326474250512652,0.24892190928121743,12.0,2.1909029899927024
Hydrophone,Looped,H1,Longitudinal Crack,0.18 LPS,N,11,LO_LC_0.18 LPS_N_H1,-0.00013124714912653878,0.1361370144443521,-0.030221862364277412,-0.2711679437242065,0.13613707771079814,11.666666666666666,0.9124719059151419
Hydrophone,Looped,H1,Longitudinal Crack,0.18 LPS,N,12,LO_LC_0.18 LPS_N_H1,-0.00014052963679979635,0.13861153307797552,0.033729526257945106,0.006597172073787849,0.13861160431509884,11.666666666666666,0.9340134375421613
Hydrophone,Looped,H1,Longitudinal Crack,0.18 LPS,N,13,LO_LC_0.18 LPS_N_H1,-0.0010224561025295722,0.17017795143001826,0.06497047476204772,-0.42520419298462553,0.17018102294145274,11.666666666666666,2.0707586479847544
Hydrophone,Looped,H1,Longitudinal Crack,0.18 LPS,N,14,LO_LC_0.18 LPS_N_H1,0.00023001785224647354,0.16580173772990653,0.016007785304558438,-0.4401849052659452,0.16580189728247705,11.666666666666666,1.1471088568517112
Hydrophone,Looped,H1,Longitudinal Crack,0.18 LPS,N,15,LO_LC_0.18 LPS_N_H1,-0.00034061998312908813,0.1623867861842121,-0.0013321899316722206,-0.5205255203130457,0.16238714342339394,11.666666666666666,1.1909559041505304
Hydrophone,Looped,H1,Longitudinal Crack,0.18 LPS,N,16,LO_LC_0.18 LPS_N_H1,0.0002596853452350595,0.16027079885871998,0.024314317441392088,-0.3863139403857132,0.1602710092415057,11.666666666666666,1.1311109647226925
Hydrophone,Looped,H1,Longitudinal Crack,0.18 LPS,N,17,LO_LC_0.18 LPS_N_H1,0.0002672004762622313,0.13666931834846488,0.0844025826022736,-0.06090040703583721,0.13666957954837117,11.666666666666666,1.2537977321853013
Hydrophone,Looped,H1,Longitudinal Crack,0.18 LPS,N,18,LO_LC_0.18 LPS_N_H1,-0.0012180367316224835,0.14240155724308232,-0.0015482446923585885,0.3131998132264395,0.1424067664078306,12.0,2.1201147477149185
Hydrophone,Looped,H1,Longitudinal Crack,0.18 LPS,N,19,LO_LC_0.18 LPS_N_H1,0.0005941281759098418,0.15559562165757995,-0.09996291558600637,0.3501342114278687,0.15559675596649877,11.666666666666666,1.5891669220100642
Hydrophone,Looped,H1,Longitudinal Crack,0.18 LPS,N,20,LO_LC_0.18 LPS_N_H1,0.0010086715844500132,0.20896084409910348,0.008231199758200101,-0.23935693673966307,0.2089632785562456,11.666666666666666,2.2232599062237024
Hydrophone,Looped,H1,Longitudinal Crack,0.18 LPS,N,21,LO_LC_0.18 LPS_N_H1,-0.0010219950417327333,0.20655043249271554,0.08853883079446997,-0.26495602550106856,0.2065529608521581,11.666666666666666,2.3674582485870137
Hydrophone,Looped,H1,Longitudinal Crack,0.18 LPS,N,22,LO_LC_0.18 LPS_N_H1,0.0005337633935537027,0.1733324418184094,0.0978199528872466,-0.034809455955535196,0.1733332636573043,11.666666666666666,1.693750173002994
Hydrophone,Looped,H2,Longitudinal Crack,0.18 LPS,N,0,LO_LC_0.18 LPS_N_H2,-0.000127961228600913,0.21901220306862937,0.020519016739884342,-0.7339889142611735,0.21901224045027842,11.666666666666666,1.6772619775732442
Hydrophone,Looped,H2,Longitudinal Crack,0.18 LPS,N,1,LO_LC_0.18 LPS_N_H2,0.0007558346801767314,0.2258491605283001,-0.002869566419837322,-1.1370124776634718,0.22585042527611415,11.666666666666666,2.1615227930518013
Hydrophone,Looped,H2,Longitudinal Crack,0.18 LPS,N,2,LO_LC_0.18 LPS_N_H2,-0.0021467399601650308,0.28649690242823145,-0.0033123813598075666,-0.8803252979112468,0.28650494514655095,11.666666666666666,4.308154051907377
Hydrophone,Looped,H2,Longitudinal Crack,0.18 LPS,N,3,LO_LC_0.18 LPS_N_H2,-0.0004262576428082732,0.3368491929208165,-0.0058756162116255775,-1.2541727764562691,0.33684946261940735,11.666666666666666,3.2908152336746612
Hydrophone,Looped,H2,Longitudinal Crack,0.18 LPS,N,4,LO_LC_0.18 LPS_N_H2,0.0015593511296159205,0.26777517081682034,-0.01316950336909414,-0.7752700112940127,0.2677797111095662,11.666666666666666,3.3759763194674877
Hydrophone,Looped,H2,Longitudinal Crack,0.18 LPS,N,5,LO_LC_0.18 LPS_N_H2,-0.0010649345459083101,0.17897830767979506,-0.007309270238049175,-1.0667633935705412,0.17898147587253396,11.666666666666666,2.1793729280026195
Hydrophone,Looped,H2,Longitudinal Crack,0.18 LPS,N,6,LO_LC_0.18 LPS_N_H2,0.0009388258873603357,0.15229165685831894,-0.0035569348899353007,-0.8832961271347655,0.15229455060079708,12.0,1.8800604759451098
Hydrophone,Looped,H2,Longitudinal Crack,0.18 LPS,N,7,LO_LC_0.18 LPS_N_H2,0.0016358236775258135,0.1155878951108416,0.004560961812014467,-0.16599148294242339,0.11559946978796604,11.666666666666666,2.788641386959631
Hydrophone,Looped,H2,Longitudinal Crack,0.18 LPS,N,8,LO_LC_0.18 LPS_N_H2,-0.0006175204676458891,0.2530049028841108,-0.00581869388216197,0.7574268160649211,0.2530056564880048,12.0,2.4724881995815906
Hydrophone,Looped,H2,Longitudinal Crack,0.18 LPS,N,9,LO_LC_0.18 LPS_N_H2,-0.002339046208954019,0.4200236213638431,0.006340016459314598,-0.9864284239914118,0.42003013420558843,11.666666666666666,5.820090610204036
Hydrophone,Looped,H2,Longitudinal Crack,0.18 LPS,N,10,LO_LC_0.18 LPS_N_H2,9.741840166243894e-05,0.36755251305710906,-0.009333759268984948,-0.3483854724435318,0.36755252596729804,12.0,3.6853010025156228
Hydrophone,Looped,H2,Longitudinal Crack,0.18 LPS,N,11,LO_LC_0.18 LPS_N_H2,0.0004889180947952686,0.1480575961330662,0.009150905057834937,-0.895756857620714,0.14805840338733073,11.666666666666666,1.3636486460814723
Hydrophone,Looped,H2,Longitudinal Crack,0.18 LPS,N,12,LO_LC_0.18 LPS_N_H2,0.0003773394062124623,0.1423228563021208,-0.0060031513011179465,-0.6092729565157837,0.14232335651965775,11.666666666666666,1.1603562885385417
Hydrophone,Looped,H2,Longitudinal Crack,0.18 LPS,N,13,LO_LC_0.18 LPS_N_H2,0.0014115372763558428,0.1852068375285271,-0.017036644208387172,-1.0942764743630344,0.18521221640270055,11.666666666666666,2.67396998450744
Hydrophone,Looped,H2,Longitudinal Crack,0.18 LPS,N,14,LO_LC_0.18 LPS_N_H2,-0.0005712779870860599,0.2004699170355722,0.003522976459867802,-1.0888783056593614,0.20047073101774168,11.666666666666666,1.7823302244008097
Hydrophone,Looped,H2,Longitudinal Crack,0.18 LPS,N,15,LO_LC_0.18 LPS_N_H2,0.00016641078175771659,0.2239096712124391,0.0071592632416031185,-1.129391669792415,0.22390973305109108,11.666666666666666,1.7871135505552138
Hydrophone,Looped,H2,Longitudinal Crack,0.18 LPS,N,16,LO_LC_0.18 LPS_N_H2,5.706595544441558e-05,0.2077269391790519,0.0073153955620409205,-1.0566742575993355,0.20772694701752298,11.666666666666666,1.586243524944274
Hydrophone,Looped,H2,Longitudinal Crack,0.18 LPS,N,17,LO_LC_0.18 LPS_N_H2,-0.0001986843292164333,0.13536301281691449,-0.032427018181933026,-1.028003534223828,0.1353631586301636,11.666666666666666,1.2264565369683709
Hydrophone,Looped,H2,Longitudinal Crack,0.18 LPS,N,18,LO_LC_0.18 LPS_N_H2,0.0016288391923852939,0.16062020012658254,-0.015632286147405593,1.303452660254357,0.16062845889137478,12.0,2.954359364537011
Hydrophone,Looped,H2,Longitudinal Crack,0.18 LPS,N,19,LO_LC_0.18 LPS_N_H2,-0.001190466735538001,0.1930833535464464,0.010377006634644376,-0.0945326417034531,0.19308702345779336,11.666666666666666,2.3369183667189524
Hydrophone,Looped,H2,Longitudinal Crack,0.18 LPS,N,20,LO_LC_0.18 LPS_N_H2,-0.0017134291392518239,0.2944346781266003,0.004987032290977709,-0.4956555493195416,0.29443966363744195,11.666666666666666,3.8411782931958247
Hydrophone,Looped,H2,Longitudinal Crack,0.18 LPS,N,21,LO_LC_0.18 LPS_N_H2,0.001465394260083411,0.3052162623379545,-0.015222207635971666,-0.7037048642651946,0.3052197801189965,11.666666666666666,3.6303429950309205
Hydrophone,Looped,H2,Longitudinal Crack,0.18 LPS,N,22,LO_LC_0.18 LPS_N_H2,-0.0009479629026780367,0.2378363829073261,-0.0048528966288558005,-0.6626066661515431,0.23783827208442523,11.666666666666666,2.4341033128705507
Hydrophone,Looped,H1,Longitudinal Crack,0.47 LPS,N,0,LO_LC_0.47 LPS_N_H1,0.0009564399978522572,0.1827005381270657,-0.035573919192149674,-0.23523970019006413,0.18270304159862497,12.0,1.9783248648283227
Hydrophone,Looped,H1,Longitudinal Crack,0.47 LPS,N,1,LO_LC_0.47 LPS_N_H1,0.0011635390798910815,0.15164865469829855,0.038791667748305655,-0.5157979414405474,0.15165311831609074,11.666666666666666,2.163165250267421
Hydrophone,Looped,H1,Longitudinal Crack,0.47 LPS,N,2,LO_LC_0.47 LPS_N_H1,0.0005227642677741803,0.15975125284232758,-0.08910574069878614,-0.5891266963664648,0.15975210817755403,12.0,1.5681763521204783
Hydrophone,Looped,H1,Longitudinal Crack,0.47 LPS,N,3,LO_LC_0.47 LPS_N_H1,-0.0008001202105364073,0.15831556123105262,-0.023047985741204504,-0.21908844713226694,0.15831758310514496,12.0,1.6111324316522448
Hydrophone,Looped,H1,Longitudinal Crack,0.47 LPS,N,4,LO_LC_0.47 LPS_N_H1,-0.0011270440017439123,0.14587156595091588,0.09887451191556047,0.0757369992613861,0.14587591981253886,34.0,2.3435089500103228
Hydrophone,Looped,H1,Longitudinal Crack,0.47 LPS,N,5,LO_LC_0.47 LPS_N_H1,3.600910103097917e-05,0.14041427151449418,-0.07334148626666183,-0.12544720426491063,0.1404142761317433,33.666666666666664,1.2441827394462452
Hydrophone,Looped,H1,Longitudinal Crack,0.47 LPS,N,6,LO_LC_0.47 LPS_N_H1,0.0006805917872859855,0.14379721952156205,0.0090892486566899,-0.1595952962984799,0.14379883013193542,25.0,1.2820102573477872
Hydrophone,Looped,H1,Longitudinal Crack,0.47 LPS,N,7,LO_LC_0.47 LPS_N_H1,-0.0006462010037462029,0.13550000210834678,0.09452691825921382,-0.21136579177562487,0.13550154296944084,12.0,1.5992075011895706
Hydrophone,Looped,H1,Longitudinal Crack,0.47 LPS,N,8,LO_LC_0.47 LPS_N_H1,-0.0004176212606204593,0.17626485551174662,0.08024323999371737,0.03935865989732168,0.17626535024245185,12.0,1.5295192067725758
Hydrophone,Looped,H1,Longitudinal Crack,0.47 LPS,N,9,LO_LC_0.47 LPS_N_H1,0.0003214134252690545,0.18400425056979575,0.07074998990874941,-0.19042608582374898,0.18400453128752597,12.0,1.4818279894535722
Hydrophone,Looped,H1,Longitudinal Crack,0.47 LPS,N,10,LO_LC_0.47 LPS_N_H1,0.0005625564420714401,0.14747698522667857,-0.1098052802127004,-0.32706569628279425,0.1474780581690052,12.0,1.6080311483901142
Hydrophone,Looped,H1,Longitudinal Crack,0.47 LPS,N,11,LO_LC_0.47 LPS_N_H1,0.00019167324293822635,0.13788065484078738,-0.2519190684513718,-0.17054291533208366,0.1378807880669254,11.666666666666666,2.400468540334062
Hydrophone,Looped,H1,Longitudinal Crack,0.47 LPS,N,12,LO_LC_0.47 LPS_N_H1,-0.00033097990412086836,0.12287538657181481,-0.1557981524316495,-0.15070097816440686,0.12287583233846215,58.33333333333333,3.1263856253779023
Hydrophone,Looped,H1,Longitudinal Crack,0.47 LPS,N,13,LO_LC_0.47 LPS_N_H1,0.0012511182850901217,0.128108677770926,0.053187288888878595,-0.2949617070397501,0.12811478687949426,11.666666666666666,2.269746924675261
Hydrophone,Looped,H1,Longitudinal Crack,0.47 LPS,N,14,LO_LC_0.47 LPS_N_H1,-0.0008725464732033971,0.16844923692000535,-0.0831547719391577,-0.38248474450862036,0.1684514967469271,11.666666666666666,1.9157289795197563
Hydrophone,Looped,H1,Longitudinal Crack,0.47 LPS,N,15,LO_LC_0.47 LPS_N_H1,-0.0008501401686026099,0.18183859339230368,-0.158224429039261,-0.41810255632383697,0.18184058068868408,11.666666666666666,2.314181845702476
Hydrophone,Looped,H1,Longitudinal Crack,0.47 LPS,N,16,LO_LC_0.47 LPS_N_H1,0.000733256307927397,0.15434461244981607,-0.2059438313419409,0.04685539061100341,0.15434635420733797,12.0,2.3399095807320145
Hydrophone,Looped,H1,Longitudinal Crack,0.47 LPS,N,17,LO_LC_0.47 LPS_N_H1,0.000812263215222882,0.14027959442551635,0.01813266447701232,0.07141962186389472,0.14028194603625285,12.333333333333332,1.565938788349064
Hydrophone,Looped,H1,Longitudinal Crack,0.47 LPS,N,18,LO_LC_0.47 LPS_N_H1,0.0007450961326799686,0.1699707250198504,0.006422812869190201,-0.019990900497793618,0.169972358141024,12.0,1.6141933659297263
Hydrophone,Looped,H1,Longitudinal Crack,0.47 LPS,N,19,LO_LC_0.47 LPS_N_H1,-0.0008479504695053729,0.1688751266459954,-0.03899296211069973,-0.19465179451314363,0.16887725548367882,12.0,1.7493835477617834
Hydrophone,Looped,H1,Longitudinal Crack,0.47 LPS,N,20,LO_LC_0.47 LPS_N_H1,-0.0005236669947927535,0.1342492568120452,-0.017592251062716367,-0.5528850704760471,0.13425027814387536,58.33333333333333,2.9989827053845084
Hydrophone,Looped,H1,Longitudinal Crack,0.47 LPS,N,21,LO_LC_0.47 LPS_N_H1,-0.00018256022613757716,0.15032367201257663,0.1744289361692296,-0.3444347172148774,0.1503237828674521,12.0,1.877862244876739
Hydrophone,Looped,H1,Longitudinal Crack,0.47 LPS,N,22,LO_LC_0.47 LPS_N_H1,-0.00020516197822313087,0.15656695189742217,0.15567034066476146,-0.30113150570904024,0.15656708631729407,12.0,1.7616563652349408
Hydrophone,Looped,H2,Longitudinal Crack,0.47 LPS,N,0,LO_LC_0.47 LPS_N_H2,-0.0006963098443295581,0.22172539659586796,0.015266430462191352,-0.7235398966685977,0.22172648994424246,12.0,2.0300371244198643
Hydrophone,Looped,H2,Longitudinal Crack,0.47 LPS,N,1,LO_LC_0.47 LPS_N_H2,-0.001590216276528973,0.16696152898843253,0.03166808827420134,-1.1466357991049463,0.16696910178221994,11.666666666666666,2.8786444424056086
Hydrophone,Looped,H2,Longitudinal Crack,0.47 LPS,N,2,LO_LC_0.47 LPS_N_H2,-0.00019644623497829924,0.17049406812361628,0.02350188421674989,-1.002774042924725,0.17049418129796554,12.0,1.2946339835162595
Hydrophone,Looped,H2,Longitudinal Crack,0.47 LPS,N,3,LO_LC_0.47 LPS_N_H2,0.0012261523306312863,0.1381790980712664,0.02935021625158919,-0.1934792112364705,0.1381845381847281,12.0,2.1852996527587667
Hydrophone,Looped,H2,Longitudinal Crack,0.47 LPS,N,4,LO_LC_0.47 LPS_N_H2,0.0009252559065941067,0.09152159868977443,0.04333666844712822,-0.3436696204714056,0.09152627560009644,12.333333333333332,1.8499726102078975
Hydrophone,Looped,H2,Longitudinal Crack,0.47 LPS,N,5,LO_LC_0.47 LPS_N_H2,2.678406100596198e-05,0.09719376668121164,0.032664818629027675,-0.6118109719762233,0.09719377037170504,12.0,1.0946414798698583
Hydrophone,Looped,H2,Longitudinal Crack,0.47 LPS,N,6,LO_LC_0.47 LPS_N_H2,-0.0007921096886111485,0.11038587253609265,-0.07010379709011576,-0.5773873592862961,0.11038871451970661,12.0,1.696398746961026
Hydrophone,Looped,H2,Longitudinal Crack,0.47 LPS,N,7,LO_LC_0.47 LPS_N_H2,-0.00013690618449075628,0.11192438403798342,-0.048045489571785054,-0.40976568183034523,0.11192446776994452,12.0,0.9917015350847921
Hydrophone,Looped,H2,Longitudinal Crack,0.47 LPS,N,8,LO_LC_0.47 LPS_N_H2,0.0009473983751019823,0.21311674201604608,0.0016263946966655464,-0.19929020161823452,0.2131188478084824,12.0,2.180915341120545
Hydrophone,Looped,H2,Longitudinal Crack,0.47 LPS,N,9,LO_LC_0.47 LPS_N_H2,0.0001646365255277072,0.22354130451874946,0.0018088464996059792,-0.5817665673526018,0.2235413651455359,12.0,1.7115114075827833
Hydrophone,Looped,H2,Longitudinal Crack,0.47 LPS,N,10,LO_LC_0.47 LPS_N_H2,-0.001294181329447641,0.14919153357787593,-0.009283803184774703,-0.9090899343969583,0.14919714674427248,12.0,2.3568214657713344
Hydrophone,Looped,H2,Longitudinal Crack,0.47 LPS,N,11,LO_LC_0.47 LPS_N_H2,-0.00026404883045984164,0.12054191472746255,-0.05886469397354331,0.05191977698910977,0.12054220392853168,11.666666666666666,0.9811881541627855
Hydrophone,Looped,H2,Longitudinal Crack,0.47 LPS,N,12,LO_LC_0.47 LPS_N_H2,0.0007683030545785945,0.08010196104052816,0.08068551940519646,0.9681856938171332,0.08010564556959744,11.333333333333332,1.8578810037620896
Hydrophone,Looped,H2,Longitudinal Crack,0.47 LPS,N,13,LO_LC_0.47 LPS_N_H2,-0.0014129010417613117,0.11585538240599064,0.09432433593632268,-0.04424423625461671,0.1158639975220609,11.666666666666666,2.5653640733400223
Hydrophone,Looped,H2,Longitudinal Crack,0.47 LPS,N,14,LO_LC_0.47 LPS_N_H2,0.0013024560918241048,0.19873613487604236,0.006060150450499828,-0.8730096673780552,0.19874040278046037,11.666666666666666,2.552294612268579
Hydrophone,Looped,H2,Longitudinal Crack,0.47 LPS,N,15,LO_LC_0.47 LPS_N_H2,0.0007925300169170661,0.2237668625602478,-0.006936180022226401,-1.2412786799531736,0.22376826603404815,11.666666666666666,2.1962136199018474
Hydrophone,Looped,H2,Longitudinal Crack,0.47 LPS,N,16,LO_LC_0.47 LPS_N_H2,-0.0014970282018559194,0.16678659019505654,-0.019535070363426256,-0.6955468838458936,0.1667933085058597,12.0,2.6665635047202563
Hydrophone,Looped,H2,Longitudinal Crack,0.47 LPS,N,17,LO_LC_0.47 LPS_N_H2,-0.0003509827419916284,0.13440931043399243,-0.018115227423869687,-0.5001565623988298,0.1344097686934492,11.666666666666666,1.0836003418150644
Hydrophone,Looped,H2,Longitudinal Crack,0.47 LPS,N,18,LO_LC_0.47 LPS_N_H2,-0.0005634727402679767,0.1831057559557733,-0.03695178234879677,-0.4982973299713831,0.1831066229432028,12.0,1.5604776763873511
Hydrophone,Looped,H2,Longitudinal Crack,0.47 LPS,N,19,LO_LC_0.47 LPS_N_H2,0.0007887496957339081,0.17004702820739814,-0.044861007321799,-0.05974975281042516,0.17004885747411003,12.0,1.700526101159046
Hydrophone,Looped,H2,Longitudinal Crack,0.47 LPS,N,20,LO_LC_0.47 LPS_N_H2,0.0007205937114578875,0.10750195998914674,0.12683306832849034,-0.4693756407917262,0.10750437505890215,12.333333333333332,1.9046494949504913
Hydrophone,Looped,H2,Longitudinal Crack,0.47 LPS,N,21,LO_LC_0.47 LPS_N_H2,0.00042628842305864783,0.15300906924027025,-0.03485865224074341,-0.5943895543083713,0.15300966306607386,12.0,1.262195379853361
Hydrophone,Looped,H2,Longitudinal Crack,0.47 LPS,N,22,LO_LC_0.47 LPS_N_H2,-3.1811749768914466e-05,0.16221842808134745,-0.03636544988238449,-0.8957620145232186,0.1622184312005597,12.0,1.2107414564434278
Hydrophone,Looped,H1,Longitudinal Crack,ND,NN,0,LO_LC_ND_NN_H1,-0.0005514502196362175,0.1434798789822022,0.09392807787322807,-0.1833046579268358,0.14348093869950856,12.0,1.622919553979484
Hydrophone,Looped,H1,Longitudinal Crack,ND,NN,1,LO_LC_ND_NN_H1,0.00044883937918603666,0.12957714494201153,0.01844170609574731,-0.12563971795846118,0.12957792230203172,59.0,2.6836883674145477
Hydrophone,Looped,H1,Longitudinal Crack,ND,NN,2,LO_LC_ND_NN_H1,0.00034810313749542623,0.16454317395047216,-0.059304489698645914,-0.18372513094197584,0.16454354216890332,12.666666666666666,1.3708223338953385
Hydrophone,Looped,H1,Longitudinal Crack,ND,NN,3,LO_LC_ND_NN_H1,-0.0009316749129627325,0.1785753277663053,-0.07753829425320989,-0.43976012393662467,0.17857775814749946,12.333333333333332,2.2204902585900834
Hydrophone,Looped,H1,Longitudinal Crack,ND,NN,4,LO_LC_ND_NN_H1,-0.0005210877577951293,0.16187925583861743,-0.06284552762393222,-0.22111451094376688,0.1618800945246693,12.666666666666666,1.5281389666311704
Hydrophone,Looped,H1,Longitudinal Crack,ND,NN,5,LO_LC_ND_NN_H1,0.0005472935764693638,0.16385327757946647,-0.08158454471672211,-0.4138023881317676,0.16385419159665257,12.333333333333332,1.747631788441907
Hydrophone,Looped,H1,Longitudinal Crack,ND,NN,6,LO_LC_ND_NN_H1,-0.00033921690737296885,0.17739647213645218,0.11935810743683588,-0.3270968170972153,0.17739679646084172,12.333333333333332,1.6607158439479777
Hydrophone,Looped,H1,Longitudinal Crack,ND,NN,7,LO_LC_ND_NN_H1,-0.0005145740438268467,0.17019065471775635,0.2878308471438969,-0.09246863421349927,0.17019143262721875,12.666666666666666,2.9399615807851927
Hydrophone,Looped,H1,Longitudinal Crack,ND,NN,8,LO_LC_ND_NN_H1,0.000389132302333724,0.14820156504836948,0.1450041769302624,-0.1954646967805571,0.14820207591911394,12.0,1.5552316858562971
Hydrophone,Looped,H1,Longitudinal Crack,ND,NN,9,LO_LC_ND_NN_H1,0.00014663760143007062,0.13593874153419588,-0.04390247922064468,-0.08946933619081054,0.1359388206234226,59.0,2.5974471096772005
Hydrophone,Looped,H1,Longitudinal Crack,ND,NN,10,LO_LC_ND_NN_H1,-0.0001423565374742209,0.14041166457902504,-0.09213787992219138,-0.22762763480244663,0.1404117367431811,59.0,2.6936493805726296
Hydrophone,Looped,H1,Longitudinal Crack,ND,NN,11,LO_LC_ND_NN_H1,-3.65275011431699e-05,0.15973048921287938,-0.014190641858470975,-0.4107350896786093,0.15973049338947187,12.333333333333332,1.1052997623957102
Hydrophone,Looped,H1,Longitudinal Crack,ND,NN,12,LO_LC_ND_NN_H1,0.00012044883766718206,0.15268424799397046,0.005026794715025947,-0.24161726894070767,0.15268429550352178,12.666666666666666,0.9662626288221978
Hydrophone,Looped,H1,Longitudinal Crack,ND,NN,13,LO_LC_ND_NN_H1,-0.0003930638695406833,0.1416282605889772,0.08730745056737667,-0.22232059431049045,0.1416288060271101,12.333333333333332,1.3865277244508307
Hydrophone,Looped,H1,Longitudinal Crack,ND,NN,14,LO_LC_ND_NN_H1,0.000591416115605529,0.1422999224538006,0.057621677568338574,-0.3003872231439084,0.14230115144783426,12.333333333333332,1.3545245377113657
Hydrophone,Looped,H1,Longitudinal Crack,ND,NN,15,LO_LC_ND_NN_H1,0.00014520848591587413,0.1380946085619162,0.004640332479517308,-0.15926744822546102,0.13809468490631072,59.0,2.5942227824869555
Hydrophone,Looped,H1,Longitudinal Crack,ND,NN,16,LO_LC_ND_NN_H1,-0.000136916598141982,0.15086364589282392,0.046138329491330225,-0.13105751366009777,0.1508637080222749,12.333333333333332,1.0398874788309662
Hydrophone,Looped,H1,Longitudinal Crack,ND,NN,17,LO_LC_ND_NN_H1,-0.000534573043625815,0.15516780773920139,0.05757888589602306,-0.07177311964148192,0.15516872857289488,12.333333333333332,1.496968467357218
Hydrophone,Looped,H1,Longitudinal Crack,ND,NN,18,LO_LC_ND_NN_H1,0.0006760845556314387,0.15889779212056124,0.11600177319966437,0.3253060446095821,0.15889923042958845,12.333333333333332,1.7461181443535077
Hydrophone,Looped,H1,Longitudinal Crack,ND,NN,19,LO_LC_ND_NN_H1,0.0006942800485506424,0.1630013059392917,0.018353832955351656,0.09007076551971283,0.16300278452437675,12.333333333333332,1.5367017977039747
Hydrophone,Looped,H1,Longitudinal Crack,ND,NN,20,LO_LC_ND_NN_H1,-0.0014755802752066758,0.1519049498506047,0.009498370948422668,-0.41682103810207893,0.15191211645640154,12.666666666666666,2.8762695848768436
Hydrophone,Looped,H1,Longitudinal Crack,ND,NN,21,LO_LC_ND_NN_H1,8.852907819181354e-05,0.14325143113442618,-0.006445717864227928,-0.45032651136732493,0.1432514584898141,12.333333333333332,0.9939541181803081
Hydrophone,Looped,H2,Longitudinal Crack,ND,NN,0,LO_LC_ND_NN_H2,0.00047411598699264034,0.12624934465813192,-0.02362081482700548,0.26577731106161684,0.12625023490107612,12.0,1.1265108852490353
Hydrophone,Looped,H2,Longitudinal Crack,ND,NN,1,LO_LC_ND_NN_H2,-0.00011099498102345458,0.0759435684126515,0.01179785682143454,-0.6621638718674183,0.07594364952471597,12.333333333333332,1.0185822574202918
Hydrophone,Looped,H2,Longitudinal Crack,ND,NN,2,LO_LC_ND_NN_H2,-0.0005760713788820997,0.17316647304861943,-0.0085801283443957,0.05027596965219372,0.1731674312517565,12.666666666666666,1.526020111713378
Hydrophone,Looped,H2,Longitudinal Crack,ND,NN,3,LO_LC_ND_NN_H2,0.0007794998730003413,0.19643783650797075,-0.01969102956868034,-0.7280853599434014,0.1964393830981564,12.333333333333332,2.0415585758275703
Hydrophone,Looped,H2,Longitudinal Crack,ND,NN,4,LO_LC_ND_NN_H2,0.0008899161865499833,0.1581121736161045,-0.0008317025492218238,-0.6022050901394458,0.15811467799172935,12.666666666666666,1.89811589405466
Hydrophone,Looped,H2,Longitudinal Crack,ND,NN,5,LO_LC_ND_NN_H2,-0.000787919023757365,0.17905567495546143,0.01511676487876571,-0.966412104417623,0.17905740853185567,12.333333333333332,2.0089995297223866
Hydrophone,Looped,H2,Longitudinal Crack,ND,NN,6,LO_LC_ND_NN_H2,0.000489616733514978,0.19837009199894517,-0.010184373702766886,-0.9868714376726966,0.19837069623363152,12.333333333333332,1.7997250978536206
Hydrophone,Looped,H2,Longitudinal Crack,ND,NN,7,LO_LC_ND_NN_H2,0.0008568142952756825,0.1790810225068618,-0.032080747416684686,-0.6796728934566629,0.1790830722118641,11.666666666666666,2.0796750267380366
Hydrophone,Looped,H2,Longitudinal Crack,ND,NN,8,LO_LC_ND_NN_H2,-0.0011194672788019206,0.15589427483479487,-0.002446447273077447,-0.9120303973902697,0.1558982941961036,12.0,2.390095898257838
Hydrophone,Looped,H2,Longitudinal Crack,ND,NN,9,LO_LC_ND_NN_H2,-0.00033994641105139967,0.13086728068004935,0.013141630716757707,-0.36568813852910953,0.13086772220892823,12.0,1.1149862341990846
Hydrophone,Looped,H2,Longitudinal Crack,ND,NN,10,LO_LC_ND_NN_H2,0.0004526207197618763,0.1257492303604098,0.010137047884479711,-0.39156913498340673,0.12575004493737316,12.666666666666666,1.1262093612905322
Hydrophone,Looped,H2,Longitudinal Crack,ND,NN,11,LO_LC_ND_NN_H2,8.40020040018703e-05,0.15223021274052956,-0.010646707343646734,-0.8416439868954382,0.15223023591705942,12.333333333333332,1.2029239091312522
Hydrophone,Looped,H2,Longitudinal Crack,ND,NN,12,LO_LC_ND_NN_H2,-0.00018513953861204157,0.1358230582572526,-0.017048257880086584,-0.7613295147174797,0.13582318443845218,12.666666666666666,1.1457488875193835
Hydrophone,Looped,H2,Longitudinal Crack,ND,NN,13,LO_LC_ND_NN_H2,0.0005359177228726628,0.1333728776217623,-0.008604172571879379,-1.154775353707451,0.13337395432735458,12.333333333333332,1.550132825610159
Hydrophone,Looped,H2,Longitudinal Crack,ND,NN,14,LO_LC_ND_NN_H2,-0.0006773110064091826,0.1280833579112905,0.007245718572207972,-1.0328764393418786,0.12808514872549098,12.333333333333332,1.6882418056401436
Hydrophone,Looped,H2,Longitudinal Crack,ND,NN,15,LO_LC_ND_NN_H2,-0.0004134700100624434,0.10786948909202139,0.016940886722050276,-0.9425655365233898,0.10787028151637941,12.666666666666666,1.2892256471534347
Hydrophone,Looped,H2,Longitudinal Crack,ND,NN,16,LO_LC_ND_NN_H2,-0.0002991655592378534,0.14816660812435728,0.004477659983342064,-0.4528380670775025,0.1481669101490231,12.333333333333332,1.158309488778099
Hydrophone,Looped,H2,Longitudinal Crack,ND,NN,17,LO_LC_ND_NN_H2,0.00071592494635924,0.15953967439323274,-0.017753579240128856,-0.7888928235947246,0.15954128072078255,12.333333333333332,1.7661448929652266
Hydrophone,Looped,H2,Longitudinal Crack,ND,NN,18,LO_LC_ND_NN_H2,-0.0006716705213399579,0.17462273397865785,-0.026135826983814586,-0.4364088282908227,0.17462402573377567,12.333333333333332,1.7546814033996252
Hydrophone,Looped,H2,Longitudinal Crack,ND,NN,19,LO_LC_ND_NN_H2,-0.0006340548750842935,0.18271591798619335,0.01360415990818763,-0.5063066356932615,0.18271701812125205,12.333333333333332,1.7453889966945353
Hydrophone,Looped,H2,Longitudinal Crack,ND,NN,20,LO_LC_ND_NN_H2,0.0020321463252346056,0.1487470341721593,0.016164173882668498,-0.6501112071379676,0.1487609148724916,12.666666666666666,3.7147931655714843
Hydrophone,Looped,H2,Longitudinal Crack,ND,NN,21,LO_LC_ND_NN_H2,-3.4864738522386587e-05,0.13380327721710306,-0.002206209083638532,-0.96564218874048,0.13380328175940576,12.333333333333332,1.1406068149324273
Hydrophone,Looped,H1,Longitudinal Crack,ND,N,0,LO_LC_ND_N_H1,-0.00020341801738041343,0.12622018661125334,-0.06652581801690134,-0.29972935650901267,0.1262203505266461,59.0,2.9151853042210494
Hydrophone,Looped,H1,Longitudinal Crack,ND,N,1,LO_LC_ND_N_H1,0.0004200750380742903,0.13371731666533762,-0.029289903964432363,-0.3386470244422566,0.1337179764998551,12.0,1.1232877933732726
Hydrophone,Looped,H1,Longitudinal Crack,ND,N,2,LO_LC_ND_N_H1,0.0007679204903728634,0.13068056191327587,0.07023587445568386,-0.25580712033576924,0.1306828181661578,59.0,3.139021646905194
Hydrophone,Looped,H1,Longitudinal Crack,ND,N,3,LO_LC_ND_N_H1,-0.0001718764676722917,0.14197719101162165,-0.017521629004989273,-0.04787230414357513,0.14197729504773163,12.0,0.8766999257423045
Hydrophone,Looped,H1,Longitudinal Crack,ND,N,4,LO_LC_ND_N_H1,-4.7871326674088885e-05,0.1645923588924413,-0.02171412346637298,-0.11159673985053198,0.16459236585407636,12.333333333333332,1.0081160178737318
Hydrophone,Looped,H1,Longitudinal Crack,ND,N,5,LO_LC_ND_N_H1,-0.000849651696049927,0.19759833355090078,-0.042397694723129174,-0.49511786496155263,0.19760016024815782,12.333333333333332,1.9784774588941139
Hydrophone,Looped,H1,Longitudinal Crack,ND,N,6,LO_LC_ND_N_H1,-0.0005236435219107443,0.19609547815809217,-0.09750811157261814,-0.6652741057966498,0.19609617731253418,12.333333333333332,1.848972826422085
Hydrophone,Looped,H1,Longitudinal Crack,ND,N,7,LO_LC_ND_N_H1,0.00046916588458601404,0.16021673836903616,-0.13439668196160132,-0.5780038132081287,0.16021742530149286,12.333333333333332,1.7646826992784725
Hydrophone,Looped,H1,Longitudinal Crack,ND,N,8,LO_LC_ND_N_H1,0.00031734233139846897,0.16160327364262045,-0.14322475926883238,-0.22401005719292133,0.1616035852268351,12.333333333333332,1.6729676537045515
Hydrophone,Looped,H1,Longitudinal Crack,ND,N,9,LO_LC_ND_N_H1,-1.0605657490484255e-05,0.17216867535472322,-0.08022527198746772,-0.2696333383342342,0.17216867568137953,12.333333333333332,1.2830971829044344
Hydrophone,Looped,H1,Longitudinal Crack,ND,N,10,LO_LC_ND_N_H1,0.0003242920079896653,0.15375856436951046,-0.03497104786095336,-0.1301311800691165,0.15375890635107722,12.333333333333332,1.0815608399292516
Hydrophone,Looped,H1,Longitudinal Crack,ND,N,11,LO_LC_ND_N_H1,-2.9906352682765053e-05,0.15064272616913,-0.12622614800976964,-0.23163166750280828,0.15064272913770985,12.333333333333332,1.4149110475231448
Hydrophone,Looped,H1,Longitudinal Crack,ND,N,12,LO_LC_ND_N_H1,-0.0011991679860830515,0.15515139692996102,-0.06792191901268109,-0.36876894364528523,0.1551560310564084,12.333333333333332,2.224925824890858
Hydrophone,Looped,H1,Longitudinal Crack,ND,N,13,LO_LC_ND_N_H1,6.334554919821208e-05,0.13384478336471656,0.19200772194401478,-0.14306592005513696,0.13384479835468582,59.0,3.327683611960807
Hydrophone,Looped,H1,Longitudinal Crack,ND,N,14,LO_LC_ND_N_H1,0.00039438791253237334,0.11787316493615795,0.16768566599415055,0.09442009331587631,0.11787382471902849,59.0,3.2198593097898973
Hydrophone,Looped,H1,Longitudinal Crack,ND,N,15,LO_LC_ND_N_H1,-0.00040281450192689304,0.1510968755112596,-0.12422124495030351,0.6496248310578485,0.15109741244901598,12.333333333333332,1.511572679863626
Hydrophone,Looped,H1,Longitudinal Crack,ND,N,16,LO_LC_ND_N_H1,0.0008307680715602617,0.1844137186814328,-0.10754027910009925,-0.4285864264707189,0.18441558994158647,12.333333333333332,2.052576359523708
Hydrophone,Looped,H1,Longitudinal Crack,ND,N,17,LO_LC_ND_N_H1,5.4113486185786524e-05,0.19071357651659365,-0.1181387016737944,-0.6640199921841821,0.1907135841937328,12.333333333333332,1.708524933395574
Hydrophone,Looped,H1,Longitudinal Crack,ND,N,18,LO_LC_ND_N_H1,-0.0010060467469641243,0.18123259986506832,-0.22725627154504072,-0.27419993587671865,0.18123539219454085,12.333333333333332,2.847088081611571
Hydrophone,Looped,H1,Longitudinal Crack,ND,N,19,LO_LC_ND_N_H1,0.00046634034349387157,0.20047381109847445,-0.24643581531295103,-0.5258430804762928,0.2004743534960589,12.333333333333332,2.7425214504228097
Hydrophone,Looped,H1,Longitudinal Crack,ND,N,20,LO_LC_ND_N_H1,-0.00013802478695568106,0.23347784943533936,-0.18842673603061671,-0.7982949567436806,0.23347789023329987,12.333333333333332,2.5369981280643623
Hydrophone,Looped,H1,Longitudinal Crack,ND,N,21,LO_LC_ND_N_H1,0.00020806640269083778,0.2056904279188256,-0.1371284789135874,-0.3183155314738193,0.2056905331537101,12.333333333333332,1.9324993797268115
Hydrophone,Looped,H1,Longitudinal Crack,ND,N,22,LO_LC_ND_N_H1,0.0006474464178767522,0.1577725870540812,0.07112607430503566,0.002428314893955452,0.15777391550126926,12.0,1.5842616266123757
Hydrophone,Looped,H1,Longitudinal Crack,ND,N,23,LO_LC_ND_N_H1,-6.440432875439036e-05,0.15192043385539888,-0.038002150119371365,-0.14883931792324967,0.15192044750701003,12.333333333333332,0.9413454646190951
Hydrophone,Looped,H2,Longitudinal Crack,ND,N,0,LO_LC_ND_N_H2,-6.513669849989156e-05,0.11203305917128822,-0.00990705128161946,-0.15282775879106314,0.11203307810672194,11.666666666666666,0.8284614565840818
Hydrophone,Looped,H2,Longitudinal Crack,ND,N,1,LO_LC_ND_N_H2,-0.0005119179360716631,0.12382688216998626,0.004931781353031229,-0.7477010638457928,0.12382794033622999,12.0,1.2896141305213313
Hydrophone,Looped,H2,Longitudinal Crack,ND,N,2,LO_LC_ND_N_H2,-0.0002989018845083197,0.10674536882889359,-0.01931336948521475,-0.40811637995083183,0.10674578731150515,12.666666666666666,0.9950203028986069
Hydrophone,Looped,H2,Longitudinal Crack,ND,N,3,LO_LC_ND_N_H2,0.0002547121340288001,0.12356661919818734,-0.03421900218218657,-0.21271250087521487,0.12356688172136199,12.0,0.9484693651496188
Hydrophone,Looped,H2,Longitudinal Crack,ND,N,4,LO_LC_ND_N_H2,-0.0005762088160873701,0.17169344501834857,-0.0253912746734142,-0.0384307490220861,0.1716944119034409,12.0,1.4291577433628897
Hydrophone,Looped,H2,Longitudinal Crack,ND,N,5,LO_LC_ND_N_H2,0.0012883887303299193,0.2479135565873142,-0.015235987359718942,-1.0240573050535868,0.24791690439599293,12.333333333333332,2.893482550084673
Hydrophone,Looped,H2,Longitudinal Crack,ND,N,6,LO_LC_ND_N_H2,0.000912614364870047,0.24897152529137373,-0.004324545279825193,-1.222713987605015,0.24897319789666542,12.333333333333332,2.5233926906819972
Hydrophone,Looped,H2,Longitudinal Crack,ND,N,7,LO_LC_ND_N_H2,-0.0008566157463863488,0.17927621658347262,0.015208854052022241,-1.1186188608675978,0.17927826310799963,12.333333333333332,1.925528924864041
Hydrophone,Looped,H2,Longitudinal Crack,ND,N,8,LO_LC_ND_N_H2,-0.0003778134719276768,0.17954607720610266,0.001904923280477989,-0.8688855623042948,0.17954647471649043,12.333333333333332,1.3998803305906171
Hydrophone,Looped,H2,Longitudinal Crack,ND,N,9,LO_LC_ND_N_H2,0.00017989940686778075,0.2060903223068852,0.009943482831422415,-1.1474216041528709,0.20609040082534757,12.333333333333332,1.6001381897396676
Hydrophone,Looped,H2,Longitudinal Crack,ND,N,10,LO_LC_ND_N_H2,-0.0005477203918198163,0.1689631892045283,0.028860663029823305,-0.7481371950302136,0.16896407696250954,12.333333333333332,1.4629087427538336
Hydrophone,Looped,H2,Longitudinal Crack,ND,N,11,LO_LC_ND_N_H2,5.283099991526245e-05,0.15193941599193822,-0.0013522308548355691,-0.671716633553237,0.15193942517689676,12.333333333333332,1.015556784946389
Hydrophone,Looped,H2,Longitudinal Crack,ND,N,12,LO_LC_ND_N_H2,0.0015633746821789882,0.15025978891233838,-0.004829469839009755,-0.6884695618151038,0.15026792174106013,12.333333333333332,2.725491187632904
Hydrophone,Looped,H2,Longitudinal Crack,ND,N,13,LO_LC_ND_N_H2,-0.0003115476162042297,0.10739401185132384,-0.02541128588936416,-0.43469524499784207,0.10739446374669157,12.0,1.0503050324396277
Hydrophone,Looped,H2,Longitudinal Crack,ND,N,14,LO_LC_ND_N_H2,-0.0003613629833729305,0.08291680297145004,-0.03406173027316594,0.06193685555790962,0.08291759040283321,12.0,1.0906418832043536
Hydrophone,Looped,H2,Longitudinal Crack,ND,N,15,LO_LC_ND_N_H2,0.0008172491405331715,0.15333337171732542,0.022664173522884138,2.1515070863351013,0.15333554962356635,12.333333333333332,2.1991310789353955
Hydrophone,Looped,H2,Longitudinal Crack,ND,N,16,LO_LC_ND_N_H2,-0.0012433671195937136,0.22182966947029542,0.00789717934537968,-0.7621095662184172,0.22183315401241221,12.333333333333332,2.625168662045073
Hydrophone,Looped,H2,Longitudinal Crack,ND,N,17,LO_LC_ND_N_H2,-0.0006012604746831188,0.2349230035180552,0.007245284626196745,-1.23795520592286,0.2349237729479556,12.333333333333332,2.1424389261772943
Hydrophone,Looped,H2,Longitudinal Crack,ND,N,18,LO_LC_ND_N_H2,0.001047286972930376,0.2054413236885437,0.006105527951557485,-0.969537820080197,0.20544399307087238,12.333333333333332,2.2717678784146353
Hydrophone,Looped,H2,Longitudinal Crack,ND,N,19,LO_LC_ND_N_H2,-5.220262079546674e-05,0.24207484486300493,0.01117501706764287,-0.7294445197617172,0.2420748504916641,12.333333333333332,1.9295801251515217
Hydrophone,Looped,H2,Longitudinal Crack,ND,N,20,LO_LC_ND_N_H2,8.079844258597469e-05,0.30729759705488846,0.0018476351571785625,-1.201562639726408,0.30729760767714565,12.333333333333332,2.80310184378867
Hydrophone,Looped,H2,Longitudinal Crack,ND,N,21,LO_LC_ND_N_H2,-0.0009838316326777278,0.25860357409804197,-0.0002826561904604029,-0.7365201454682211,0.25860544553617376,12.333333333333332,2.6774973499263406
Hydrophone,Looped,H2,Longitudinal Crack,ND,N,22,LO_LC_ND_N_H2,2.8020149326337082e-05,0.15436650755062026,-0.008728468710735612,-0.7467095523666045,0.15436651009368732,12.0,1.0667685472989772
Hydrophone,Looped,H2,Longitudinal Crack,ND,N,23,LO_LC_ND_N_H2,0.0006300298121479545,0.13811105954215563,0.03693293376286432,-1.0385939641661532,0.1381124965577737,12.333333333333332,1.5508579766606845
Hydrophone,Looped,H1,Longitudinal Crack,Transient,NN,0,LO_LC_Transient_NN_H1,-0.00039896005798620955,0.1716275472981657,0.0035551927683486768,-0.32707465096016053,0.17162801100260985,58.666666666666664,2.7690546012785386
Hydrophone,Looped,H1,Longitudinal Crack,Transient,NN,1,LO_LC_Transient_NN_H1,-0.0009036561492528734,0.20126651770738804,-0.03926975748028095,-0.2954867576051807,0.2012685463367151,12.0,2.2170027737386144
Hydrophone,Looped,H1,Longitudinal Crack,Transient,NN,2,LO_LC_Transient_NN_H1,0.00022671194585775778,0.22701541907950726,0.019665608578103778,-0.26498322755836945,0.22701553228391816,12.0,1.7029659661531455
Hydrophone,Looped,H1,Longitudinal Crack,Transient,NN,3,LO_LC_Transient_NN_H1,0.0011912850499284672,0.20650382298640788,0.12742875438953438,0.09405532963303109,0.2065072591171358,58.666666666666664,3.61270398888287
Hydrophone,Looped,H1,Longitudinal Crack,Transient,NN,4,LO_LC_Transient_NN_H1,-0.00012012068308311008,0.18457863477949,0.09333345441922063,-0.05553776464807969,0.1845786738657499,58.666666666666664,2.873831837346412
Hydrophone,Looped,H1,Longitudinal Crack,Transient,NN,5,LO_LC_Transient_NN_H1,-0.0005577818601845562,0.18029715129305543,0.01591140437629648,-0.14727009818312675,0.1802980140905453,58.666666666666664,2.894979660487232
Hydrophone,Looped,H1,Longitudinal Crack,Transient,NN,6,LO_LC_Transient_NN_H1,-0.0006824862994570677,0.16544693545313993,0.029509914192728602,-0.21830970632090851,0.16544834311163226,58.666666666666664,2.9594672898425127
Hydrophone,Looped,H1,Longitudinal Crack,Transient,NN,7,LO_LC_Transient_NN_H1,-0.00023783047701366922,0.22002578478406487,-0.16902365449186768,-0.09303400186468513,0.2200259133219981,12.0,2.269811669560764
Hydrophone,Looped,H1,Longitudinal Crack,Transient,NN,8,LO_LC_Transient_NN_H1,0.0013713098618562084,0.2652042855923007,-0.2251424885507232,-0.4689485992560538,0.2652078309312525,12.0,4.0647561485981285
Hydrophone,Looped,H1,Longitudinal Crack,Transient,NN,9,LO_LC_Transient_NN_H1,0.00028930966329375766,0.2351712795866243,-0.11110947857520359,-0.08264974464662078,0.23517145754213348,12.0,2.142774387132663
Hydrophone,Looped,H1,Longitudinal Crack,Transient,NN,10,LO_LC_Transient_NN_H1,-0.0001433499043813485,0.2008481947649669,0.16146905203344453,-0.3049825430379287,0.20084824592099668,58.666666666666664,3.1672158996488853
Hydrophone,Looped,H1,Longitudinal Crack,Transient,NN,11,LO_LC_Transient_NN_H1,4.048188027296643e-05,0.19939176280943982,0.04780296979042004,-0.18582994193491809,0.19939176691889396,58.666666666666664,2.803822999228397
Hydrophone,Looped,H1,Longitudinal Crack,Transient,NN,12,LO_LC_Transient_NN_H1,0.0009604313646183088,0.24359250977268612,-0.6302918879494107,4.737498267823671,0.24359440314950245,58.666666666666664,5.766977087401768
Hydrophone,Looped,H1,Longitudinal Crack,Transient,NN,13,LO_LC_Transient_NN_H1,0.0007892382980247872,0.33475243684937417,-0.26584212458018275,1.6583827324412894,0.33475336723278126,12.333333333333332,3.8536084214097195
Hydrophone,Looped,H1,Longitudinal Crack,Transient,NN,14,LO_LC_Transient_NN_H1,-0.0008726077598241335,0.2893769777791387,-0.027670176748796092,1.8843008901961564,0.2893782934376568,12.333333333333332,2.9267631365851563
Hydrophone,Looped,H1,Longitudinal Crack,Transient,NN,15,LO_LC_Transient_NN_H1,-0.00011717705428058345,0.1549538030460984,0.0844672861084214,-0.20783398924555074,0.15495384735111004,58.666666666666664,2.751934642163532
Hydrophone,Looped,H1,Longitudinal Crack,Transient,NN,16,LO_LC_Transient_NN_H1,0.0002023905865606836,0.1821929062653283,0.07738455511478035,-0.2790832383309678,0.18219301867897197,59.0,2.817075015972262
Hydrophone,Looped,H1,Longitudinal Crack,Transient,NN,17,LO_LC_Transient_NN_H1,-0.0005190619376474329,0.2100856293481327,0.017962909227618926,-0.4281760400576937,0.21008627057448595,12.333333333333332,1.8114639810636148
Hydrophone,Looped,H1,Longitudinal Crack,Transient,NN,18,LO_LC_Transient_NN_H1,-0.0009159004970614072,0.19078359475034654,-0.04730690973371683,-0.14871225074908478,0.1907857932331047,59.0,3.213652227046242
Hydrophone,Looped,H1,Longitudinal Crack,Transient,NN,19,LO_LC_Transient_NN_H1,-0.0006748553328064464,0.17051638877983147,0.003729555915050726,-0.4175718368368093,0.17051772421726386,59.0,2.968100021799975
Hydrophone,Looped,H1,Longitudinal Crack,Transient,NN,20,LO_LC_Transient_NN_H1,0.0011653647805468287,0.17432653411049567,-0.01704408777418337,-0.4335201986014936,0.17433042927168377,59.0,3.3846926848988086
Hydrophone,Looped,H1,Longitudinal Crack,Transient,NN,21,LO_LC_Transient_NN_H1,9.871440007646252e-05,0.1826386308870032,-0.031247558563784437,-0.29730817471610216,0.18263865756408684,59.0,2.728857287295225
Hydrophone,Looped,H1,Longitudinal Crack,Transient,NN,22,LO_LC_Transient_NN_H1,-0.0011722175196463608,0.20096569887673224,-0.008011190540508868,-0.4097077858553684,0.20096911757513092,59.0,3.5335780844549665
Hydrophone,Looped,H2,Longitudinal Crack,Transient,NN,0,LO_LC_Transient_NN_H2,0.0006885021310952263,0.1050785903017657,0.01698019175428696,0.4688411319618311,0.10508084589967315,12.0,1.378876463285104
Hydrophone,Looped,H2,Longitudinal Crack,Transient,NN,1,LO_LC_Transient_NN_H2,0.0008861279382850421,0.20531650277834343,0.0006074383884391973,-0.6208488985726515,0.20531841499449707,12.0,2.168083328757455
Hydrophone,Looped,H2,Longitudinal Crack,Transient,NN,2,LO_LC_Transient_NN_H2,-0.0007488264084886295,0.24846547810122582,0.013919721683771024,-1.2343267556234268,0.2484666065069123,12.0,2.51914610197614
Hydrophone,Looped,H2,Longitudinal Crack,Transient,NN,3,LO_LC_Transient_NN_H2,-0.0014293632169364164,0.1829305123893924,-0.007491002607799495,-0.2491090063357122,0.18293609660821886,12.0,2.8868033732690366
Hydrophone,Looped,H2,Longitudinal Crack,Transient,NN,4,LO_LC_Transient_NN_H2,-0.00012214041750775132,0.11525860878707556,-0.12951898728751668,-0.37739183175276914,0.11525867350361846,12.0,1.5521675974450984
Hydrophone,Looped,H2,Longitudinal Crack,Transient,NN,5,LO_LC_Transient_NN_H2,0.0003736568814569067,0.11548737460247094,-0.019881903452595634,-0.6102947811976418,0.11548797908023375,12.333333333333332,1.1790881186159705
Hydrophone,Looped,H2,Longitudinal Crack,Transient,NN,6,LO_LC_Transient_NN_H2,0.0008741717018838952,0.09770492889342058,0.03821454924879967,0.27166683790120505,0.09770883944778357,12.666666666666666,1.6614553016252727
Hydrophone,Looped,H2,Longitudinal Crack,Transient,NN,7,LO_LC_Transient_NN_H2,0.0009307564058661418,0.22475422508996726,0.04151893355960696,-0.17835361422809592,0.22475615231463347,12.0,2.271757151845072
Hydrophone,Looped,H2,Longitudinal Crack,Transient,NN,8,LO_LC_Transient_NN_H2,-0.001299340374755142,0.3008028275642577,0.03696495439221054,-1.3780440573922736,0.30080563385026887,12.0,3.5788667218484327
Hydrophone,Looped,H2,Longitudinal Crack,Transient,NN,9,LO_LC_Transient_NN_H2,-0.00017853499504493175,0.23174104092485467,0.023726393893608526,-0.6822043601923675,0.23174110969717832,12.0,1.8268739827457094
Hydrophone,Looped,H2,Longitudinal Crack,Transient,NN,10,LO_LC_Transient_NN_H2,0.0004416225478518685,0.15986174989066948,-0.001153915056896198,-0.7545490189887256,0.15986235988681557,12.333333333333332,1.3990543534114877
Hydrophone,Looped,H2,Longitudinal Crack,Transient,NN,11,LO_LC_Transient_NN_H2,-0.0006484485777465887,0.1776977795881164,0.017293917253973824,-1.0392814473318857,0.177698962732214,12.0,1.8521558033594414
Hydrophone,Looped,H2,Longitudinal Crack,Transient,NN,12,LO_LC_Transient_NN_H2,0.0012275421519919786,0.20693376419577927,-0.5082504572176423,6.07340080696434,0.2069374050865848,12.0,4.793496504536559
Hydrophone,Looped,H2,Longitudinal Crack,Transient,NN,13,LO_LC_Transient_NN_H2,-0.0005598447229564959,0.3631971241424163,-0.023811366516956863,0.8219916612739748,0.36319755562425743,12.333333333333332,3.3602926038954903
Hydrophone,Looped,H2,Longitudinal Crack,Transient,NN,14,LO_LC_Transient_NN_H2,-0.0015210674118091851,0.33951362100483445,0.09544796001863134,0.8608684866904532,0.3395170282826557,12.333333333333332,4.221741840795242
Hydrophone,Looped,H2,Longitudinal Crack,Transient,NN,15,LO_LC_Transient_NN_H2,0.0002626895892840831,0.1144218126301862,0.04614639344380846,-0.33907883529646465,0.11442211417115906,12.333333333333332,0.9275913181348633
Hydrophone,Looped,H2,Longitudinal Crack,Transient,NN,16,LO_LC_Transient_NN_H2,-0.0008932735156921116,0.1423718373358436,-0.02714088420118846,-0.07498337905841979,0.14237463960957986,12.666666666666666,1.855965871352838
Hydrophone,Looped,H2,Longitudinal Crack,Transient,NN,17,LO_LC_Transient_NN_H2,0.0006524765035645881,0.1903945378092478,-0.003980680539893616,-1.0546181494236553,0.19039565581489723,12.333333333333332,1.9005911602257002
Hydrophone,Looped,H2,Longitudinal Crack,Transient,NN,18,LO_LC_Transient_NN_H2,0.0013220606634051185,0.14691550208380627,0.025205952058485383,0.06222513974885757,0.14692145043163238,12.333333333333332,2.4493849023669525
Hydrophone,Looped,H2,Longitudinal Crack,Transient,NN,19,LO_LC_Transient_NN_H2,0.00010922530423482487,0.09809067224828368,-0.041823691119911674,-0.6521143744483666,0.09809073306019939,12.333333333333332,1.1125161436775768
Hydrophone,Looped,H2,Longitudinal Crack,Transient,NN,20,LO_LC_Transient_NN_H2,-0.0009317025589880735,0.11059916767566523,-0.024577769784578266,-0.9716410804806657,0.11060309200112055,12.333333333333332,2.0483477444901546
Hydrophone,Looped,H2,Longitudinal Crack,Transient,NN,21,LO_LC_Transient_NN_H2,0.00021164544842763503,0.13600235729574978,0.0029793315482407427,-0.813262344661613,0.1360025219758686,12.333333333333332,1.114691770503751
Hydrophone,Looped,H2,Longitudinal Crack,Transient,NN,22,LO_LC_Transient_NN_H2,0.0013456179241138522,0.13383868309596822,-0.006471416573923215,-0.7014702053110664,0.13384544736546217,12.333333333333332,2.583570376596789
Hydrophone,Looped,H1,Longitudinal Crack,Transient,N,0,LO_LC_Transient_N_H1,-0.0006203851051883329,0.18636050077405006,0.15748457081161774,-0.4341773596858238,0.1863615333872134,58.666666666666664,3.5458771647192417
Hydrophone,Looped,H1,Longitudinal Crack,Transient,N,1,LO_LC_Transient_N_H1,0.0005865946376141592,0.1892014432478183,-0.020133727173801658,-0.35400569443119245,0.18920235257608792,58.666666666666664,3.2079451792226577
Hydrophone,Looped,H1,Longitudinal Crack,Transient,N,2,LO_LC_Transient_N_H1,-0.00020194706565232945,0.1931185684031032,-0.039303904336541566,-0.3269050165664411,0.19311867399265503,58.666666666666664,3.1477324225746717
Hydrophone,Looped,H1,Longitudinal Crack,Transient,N,3,LO_LC_Transient_N_H1,-0.0010052796289488856,0.18476119062054275,-0.08089692314220892,-0.3786703219906533,0.18476392544718495,58.666666666666664,3.5713238539999246
Hydrophone,Looped,H1,Longitudinal Crack,Transient,N,4,LO_LC_Transient_N_H1,0.0008566966421780462,0.18451307003987072,-0.04218892065725307,-0.43350728377760506,0.18451505885611327,58.666666666666664,3.356157914215412
Hydrophone,Looped,H1,Longitudinal Crack,Transient,N,5,LO_LC_Transient_N_H1,0.00097397854607153,0.186561761360264,0.0101746174640049,-0.5580039907099885,0.18656430375624458,58.666666666666664,3.4396818586935503
Hydrophone,Looped,H1,Longitudinal Crack,Transient,N,6,LO_LC_Transient_N_H1,-0.0004554793080305948,0.17858066036871978,-0.002574396039748438,-0.30086198625854577,0.1785812412296658,58.666666666666664,3.1150025610702503
Hydrophone,Looped,H1,Longitudinal Crack,Transient,N,7,LO_LC_Transient_N_H1,0.00024753105173990576,0.1479375880061219,-0.022495992632697227,0.26039039864669977,0.14793779509202723,58.666666666666664,2.8171851692064243
Hydrophone,Looped,H1,Longitudinal Crack,Transient,N,8,LO_LC_Transient_N_H1,3.8516934625024335e-05,0.11226370373810088,-0.08261697461928051,0.5766849198503676,0.11226371034555349,58.666666666666664,2.7285498540648434
Hydrophone,Looped,H1,Longitudinal Crack,Transient,N,9,LO_LC_Transient_N_H1,-0.000836054767718399,0.10540157919895922,-0.13736519907451153,0.5909054194640322,0.1054048949774587,36.666666666666664,2.0375628613277073
Hydrophone,Looped,H1,Longitudinal Crack,Transient,N,10,LO_LC_Transient_N_H1,0.0004259698129716587,0.19084176316368467,-0.04435309782709653,1.0356613055443145,0.19084223855767748,35.666666666666664,1.8661594913020876
Hydrophone,Looped,H1,Longitudinal Crack,Transient,N,11,LO_LC_Transient_N_H1,-0.0010344341937315773,0.4197316062738819,0.10974004796526692,0.07742127511248498,0.41973288096044387,38.33333333333333,5.197934087284028
Hydrophone,Looped,H1,Longitudinal Crack,Transient,N,12,LO_LC_Transient_N_H1,0.0007520376712595842,0.5768442641335321,0.0352732199183401,-0.9989443532817348,0.5768447543528632,27.333333333333332,6.826991259077568
Hydrophone,Looped,H1,Longitudinal Crack,Transient,N,13,LO_LC_Transient_N_H1,0.0006933682724775149,0.5023254922253263,-0.011424336961242598,-0.5350889571449144,0.5023259707590059,27.333333333333332,5.797008230548262
Hydrophone,Looped,H1,Longitudinal Crack,Transient,N,14,LO_LC_Transient_N_H1,-0.0006582090105161173,0.31526356931122784,-0.006279942082331967,0.17692975498411956,0.31526425641667166,25.333333333333332,3.231173562318571
Hydrophone,Looped,H1,Longitudinal Crack,Transient,N,15,LO_LC_Transient_N_H1,-0.0008308140533729181,0.23571792691294627,0.07086162845255177,0.29170520510858644,0.2357193910566722,25.333333333333332,2.433066539340689
Hydrophone,Looped,H1,Longitudinal Crack,Transient,N,16,LO_LC_Transient_N_H1,-0.00021754619955165476,0.2928628307627306,0.03407568775536044,-0.2096374155823426,0.2928629115622337,24.666666666666664,2.700735663162197
Hydrophone,Looped,H1,Longitudinal Crack,Transient,N,17,LO_LC_Transient_N_H1,0.0014693664133378864,0.3135387400176447,-0.009483161299484842,-0.7792442646050461,0.3135421830145169,24.666666666666664,3.7375794731441587
Hydrophone,Looped,H1,Longitudinal Crack,Transient,N,18,LO_LC_Transient_N_H1,-0.0009200354494509716,0.34506660254045046,-0.0023626504776661874,-0.10338637192940503,0.34506782906268946,24.333333333333332,3.752487975541585
Hydrophone,Looped,H1,Longitudinal Crack,Transient,N,19,LO_LC_Transient_N_H1,-0.0004384839006867911,0.37819465810412656,-0.003887050211765978,-0.08534154208895695,0.37819491229606506,24.333333333333332,3.9837926291238794
Hydrophone,Looped,H1,Longitudinal Crack,Transient,N,20,LO_LC_Transient_N_H1,0.0014971034180982486,0.3028567654166368,-0.004098027227187094,0.6084531907119781,0.3028604656888585,25.0,3.764856785750066
Hydrophone,Looped,H1,Longitudinal Crack,Transient,N,21,LO_LC_Transient_N_H1,-0.00011044351721451824,0.231285218563126,0.035521174489134485,0.14694234612511758,0.23128524493266633,26.0,1.8662194735411501
Hydrophone,Looped,H1,Longitudinal Crack,Transient,N,22,LO_LC_Transient_N_H1,0.0023470322703420883,0.3308046209059742,-0.06983209344138211,1.1984186485666504,0.33081294680411666,20.666666666666664,5.118250962746389
Hydrophone,Looped,H1,Longitudinal Crack,Transient,N,23,LO_LC_Transient_N_H1,-0.0006697001104971178,0.4652628124869148,0.0816939469097346,0.1994314218799853,0.4652632944704236,15.333333333333332,5.3556809107340575
Hydrophone,Looped,H2,Longitudinal Crack,Transient,N,0,LO_LC_Transient_N_H2,0.00021425393483449502,0.0845037955932435,0.09449042838922812,-0.013778272693659499,0.0845040672063379,11.333333333333332,1.4004566818631285
Hydrophone,Looped,H2,Longitudinal Crack,Transient,N,1,LO_LC_Transient_N_H2,-0.0009897217358204224,0.12624638702722746,-0.07166319721071612,-0.6965119683842436,0.12625026648107662,11.666666666666666,1.974248437939006
Hydrophone,Looped,H2,Longitudinal Crack,Transient,N,2,LO_LC_Transient_N_H2,1.203852005102668e-05,0.13609424892239486,-0.08724309668540749,-0.9628472752512676,0.13609424945484191,11.666666666666666,1.3777710051495724
Hydrophone,Looped,H2,Longitudinal Crack,Transient,N,3,LO_LC_Transient_N_H2,0.001721666994237295,0.10144131571029553,-0.09397315915932943,-0.2647491713311845,0.10145592476674242,11.333333333333332,3.0567592331364972
Hydrophone,Looped,H2,Longitudinal Crack,Transient,N,4,LO_LC_Transient_N_H2,-0.0005648751429323457,0.07860787339897522,0.07090260889238795,0.0852835639389995,0.07860990296544336,11.666666666666666,1.5042168946150247
Hydrophone,Looped,H2,Longitudinal Crack,Transient,N,5,LO_LC_Transient_N_H2,-0.0008132675554916385,0.07660260408146785,0.2108826064133489,0.17945342536994113,0.07660692107230867,11.333333333333332,2.5854954188423345
Hydrophone,Looped,H2,Longitudinal Crack,Transient,N,6,LO_LC_Transient_N_H2,0.00017854687282013027,0.07740177201175763,0.08724685623546947,-0.44904021807012606,0.07740197794336978,11.0,1.4807514219581772
Hydrophone,Looped,H2,Longitudinal Crack,Transient,N,7,LO_LC_Transient_N_H2,-0.00012625251065881237,0.07186346607617582,-0.010210423245196365,-0.7991489825621994,0.07186357697873187,10.666666666666666,1.4021724942466782
Hydrophone,Looped,H2,Longitudinal Crack,Transient,N,8,LO_LC_Transient_N_H2,-0.00018896180338988158,0.053943800810692735,-0.11829040382365069,-0.5972264109048626,0.05394413177044223,9.666666666666666,1.859074330175265
Hydrophone,Looped,H2,Longitudinal Crack,Transient,N,9,LO_LC_Transient_N_H2,0.0003510817549059847,0.03848638807261661,0.0969376064111839,-0.15940886498631013,0.038487989363886935,16.333333333333332,1.7418938185987165
Hydrophone,Looped,H2,Longitudinal Crack,Transient,N,10,LO_LC_Transient_N_H2,-0.00010895203565857063,0.040396805114957544,-0.07399684398674676,0.6526045563497123,0.04039695203900826,28.0,1.1356217766343097
Hydrophone,Looped,H2,Longitudinal Crack,Transient,N,11,LO_LC_Transient_N_H2,0.00047597127247153,0.09469897217808654,-0.3194201503634729,10.380889507167858,0.09470016832212194,28.333333333333332,6.839244364227919
Hydrophone,Looped,H2,Longitudinal Crack,Transient,N,12,LO_LC_Transient_N_H2,-0.00013760812104226305,0.18055560243313867,-0.006809104219301671,0.9275495952893125,0.18055565487125738,27.333333333333332,1.2875139224220378
Hydrophone,Looped,H2,Longitudinal Crack,Transient,N,13,LO_LC_Transient_N_H2,-0.0004355181711498179,0.17367861150915198,0.045904030420259145,0.6294970214319773,0.17367915756308913,27.333333333333332,1.409603908236932
Hydrophone,Looped,H2,Longitudinal Crack,Transient,N,14,LO_LC_Transient_N_H2,0.0005167420054106556,0.09170864419989425,-0.04963249750283653,0.530930876676837,0.0917101000069401,25.333333333333332,0.9528557059563879
Hydrophone,Looped,H2,Longitudinal Crack,Transient,N,15,LO_LC_Transient_N_H2,-5.5358729946792546e-05,0.08760770704599034,-0.21471494200850152,0.43802802088563153,0.08760772453639602,13.0,1.9626586874002103
Hydrophone,Looped,H2,Longitudinal Crack,Transient,N,16,LO_LC_Transient_N_H2,0.00016174505718075157,0.09896300834114775,-0.12877971973922794,-0.17706935286383496,0.09896314051905185,13.333333333333332,1.3814482278829
Hydrophone,Looped,H2,Longitudinal Crack,Transient,N,17,LO_LC_Transient_N_H2,-0.00013433017675986133,0.09050480651365508,-0.020360334952183826,-0.3702763500921731,0.09050490620220834,24.666666666666664,0.7875028646610694
Hydrophone,Looped,H2,Longitudinal Crack,Transient,N,18,LO_LC_Transient_N_H2,-0.00015943949552198116,0.09005741138987534,-0.018314803252666514,-0.2135940300733541,0.09005755252724772,24.333333333333332,0.6990399555942963
Hydrophone,Looped,H2,Longitudinal Crack,Transient,N,19,LO_LC_Transient_N_H2,-8.783281216641366e-06,0.0960831598712238,-0.018141049958253747,0.12884123481838516,0.09608316027267827,24.333333333333332,0.3932483815928488
Hydrophone,Looped,H2,Longitudinal Crack,Transient,N,20,LO_LC_Transient_N_H2,-0.00046532815374121755,0.08658865060888353,-0.014582302457949003,0.42216347763274875,0.08658990093860815,25.0,0.8260170428375658
Hydrophone,Looped,H2,Longitudinal Crack,Transient,N,21,LO_LC_Transient_N_H2,-0.0001924166488597973,0.0809872420361563,-0.010440968407818985,-0.5519980085940568,0.08098747061607567,26.0,1.0193319156527523
Hydrophone,Looped,H2,Longitudinal Crack,Transient,N,22,LO_LC_Transient_N_H2,0.0005003025697367832,0.13227029448272296,-0.13354372111774107,1.4860931499565702,0.13227124065800372,19.333333333333332,1.5592581285356477
Hydrophone,Looped,H2,Longitudinal Crack,Transient,N,23,LO_LC_Transient_N_H2,0.002058360366023946,0.23767576506736018,0.04943288774963986,0.6381147780683403,0.23768467798272444,21.666666666666664,3.8678655252916276
Hydrophone,Looped,H1,No Leak,0.18 LPS,N,0,LO_NL_0.18 LPS_N_H1,-0.00016844045197210062,0.11852088848602238,0.08456056283107351,0.9524961274332688,0.11852100817872759,23.666666666666664,1.042461087639814
Hydrophone,Looped,H1,No Leak,0.18 LPS,N,1,LO_NL_0.18 LPS_N_H1,0.0006139481000787003,0.13489731881773576,0.08972304728983095,-0.21856148522726881,0.13489871591858624,14.0,1.5059629543088968
Hydrophone,Looped,H1,No Leak,0.18 LPS,N,2,LO_NL_0.18 LPS_N_H1,-5.2941917369752435e-05,0.12405353198807512,0.06718506699740136,-0.3689731775893623,0.12405354328499846,35.33333333333333,1.3597623462887558
Hydrophone,Looped,H1,No Leak,0.18 LPS,N,3,LO_NL_0.18 LPS_N_H1,-0.0003560781823559036,0.1239217042384,0.05740595207282207,-0.31929401839409755,0.12392221581710615,25.0,1.0061598836371095
Hydrophone,Looped,H1,No Leak,0.18 LPS,N,4,LO_NL_0.18 LPS_N_H1,0.0008826176902290793,0.14325519182922467,-0.012237997148817296,-0.2601574942574736,0.14325791077638633,24.333333333333332,1.5703387473470152
Hydrophone,Looped,H1,No Leak,0.18 LPS,N,5,LO_NL_0.18 LPS_N_H1,0.0005486902147812266,0.13658500625314654,-0.009004123647759326,-0.1808508131576576,0.13658610834972887,24.333333333333332,1.057587941294134
Hydrophone,Looped,H1,No Leak,0.18 LPS,N,6,LO_NL_0.18 LPS_N_H1,-0.00024225419855294399,0.13137801547557965,0.07004900840062193,-0.6374375335987943,0.13137823882743427,24.666666666666664,1.0969788261631515
Hydrophone,Looped,H1,No Leak,0.18 LPS,N,7,LO_NL_0.18 LPS_N_H1,-0.00042804741908368006,0.13492308018336752,-0.007955785254217,-0.5786407730887158,0.13492375917813884,14.0,1.0878689299771744
Hydrophone,Looped,H1,No Leak,0.18 LPS,N,8,LO_NL_0.18 LPS_N_H1,0.00014892433519236953,0.13282258690806997,-0.01607509851566172,-0.281593054340199,0.13282267039707268,14.0,0.7810324170747994
Hydrophone,Looped,H1,No Leak,0.18 LPS,N,9,LO_NL_0.18 LPS_N_H1,-0.0007149863178019604,0.1204846322042335,0.0032364806321895164,-0.021559464612162405,0.12048675364048973,14.0,1.3052039683139125
Hydrophone,Looped,H1,No Leak,0.18 LPS,N,10,LO_NL_0.18 LPS_N_H1,-0.00010846234706024009,0.11423212939325053,-0.045697136469195244,-0.4345096198595262,0.11423218088523507,35.33333333333333,1.2901004981247775
Hydrophone,Looped,H1,No Leak,0.18 LPS,N,11,LO_NL_0.18 LPS_N_H1,0.0009893514486615004,0.1443904505187687,-0.003953357688520516,-0.3944866164519736,0.14439383995621824,24.333333333333332,1.7509184090778251
Hydrophone,Looped,H1,No Leak,0.18 LPS,N,12,LO_NL_0.18 LPS_N_H1,-0.00042609113730565987,0.14758665951091152,0.01963448718712132,-0.3994246513204547,0.14758727458438625,14.0,1.0957398246768684
Hydrophone,Looped,H1,No Leak,0.18 LPS,N,13,LO_NL_0.18 LPS_N_H1,-0.0007789187601290752,0.13770641773023012,0.02119231712595289,-0.38152468667690975,0.13770862063984055,24.333333333333332,1.449133377579915
Hydrophone,Looped,H1,No Leak,0.18 LPS,N,14,LO_NL_0.18 LPS_N_H1,-0.0005741726490376906,0.13634518043208327,-0.005881136833669669,-0.28557167775305015,0.1363463893958628,24.0,1.114564087565004
Hydrophone,Looped,H1,No Leak,0.18 LPS,N,15,LO_NL_0.18 LPS_N_H1,0.00037876012949018513,0.12450775824059787,0.0059158448518340165,-0.15271149464256117,0.12450833434487373,25.0,0.8101581793667745
Hydrophone,Looped,H1,No Leak,0.18 LPS,N,16,LO_NL_0.18 LPS_N_H1,0.0007808360263679323,0.11953951473728276,-0.07284032257539985,-0.17238912569028786,0.11954206493333265,24.0,1.4807272110039498
Hydrophone,Looped,H1,No Leak,0.18 LPS,N,17,LO_NL_0.18 LPS_N_H1,-1.2678269455291971e-05,0.12171364153781222,-0.112758389202934,0.08696487039738932,0.12171364219812653,24.333333333333332,1.0067017031763454
Hydrophone,Looped,H1,No Leak,0.18 LPS,N,18,LO_NL_0.18 LPS_N_H1,-0.00025158026273746465,0.11946537279660892,-0.03916500833535959,0.021990603675148712,0.11946563769578825,24.333333333333332,0.6220688901918233
Hydrophone,Looped,H1,No Leak,0.18 LPS,N,19,LO_NL_0.18 LPS_N_H1,-1.20101046417694e-06,0.14076095218140616,0.014885377157924333,0.046341014138074677,0.14076095218652981,24.333333333333332,0.5810822881425202
Hydrophone,Looped,H1,No Leak,0.18 LPS,N,20,LO_NL_0.18 LPS_N_H1,0.00037111110663484194,0.14831139932106185,0.05287761421537472,-0.1596571725329201,0.14831186362535176,24.333333333333332,1.0433766375616185
Hydrophone,Looped,H1,No Leak,0.18 LPS,N,21,LO_NL_0.18 LPS_N_H1,-0.00034117919085573334,0.11466856007992181,0.08518333654513388,-0.05153260339994992,0.11466906764268607,24.0,1.0784585215022908
Hydrophone,Looped,H1,No Leak,0.18 LPS,N,22,LO_NL_0.18 LPS_N_H1,-0.000377895073641031,0.13168483468981346,0.033762429555749776,0.29582380073759174,0.13168537691015728,24.333333333333332,0.8280370392679821
Hydrophone,Looped,H2,No Leak,0.18 LPS,N,0,LO_NL_0.18 LPS_N_H2,-0.0006692719602385904,0.18918119960340962,-0.029383132756391726,0.3775753488784299,0.1891823834513718,13.666666666666666,1.674323085927529
Hydrophone,Looped,H2,No Leak,0.18 LPS,N,1,LO_NL_0.18 LPS_N_H2,-0.000311823302800745,0.21368046792746143,0.05025123537472675,0.1614375466334108,0.21368069544877247,14.0,1.7134454464636903
Hydrophone,Looped,H2,No Leak,0.18 LPS,N,2,LO_NL_0.18 LPS_N_H2,0.0014393950759357987,0.20610273335990859,0.021725789177983276,-0.04962468260342945,0.2061077595739913,13.666666666666666,2.738858339825299
Hydrophone,Looped,H2,No Leak,0.18 LPS,N,3,LO_NL_0.18 LPS_N_H2,0.0001231927247767836,0.20699483450350956,-0.012413620880189102,-0.20422886073220026,0.20699487116250673,25.0,1.4571727643392198
Hydrophone,Looped,H2,No Leak,0.18 LPS,N,4,LO_NL_0.18 LPS_N_H2,0.00011052666603899934,0.22560458857681526,-0.05727135502290435,-0.24774531498698948,0.22560461565105,24.333333333333332,1.771305394220009
Hydrophone,Looped,H2,No Leak,0.18 LPS,N,5,LO_NL_0.18 LPS_N_H2,-0.00022082902003099154,0.20667465013280456,-0.1373335677387413,-0.2172808426966948,0.20667476810915567,24.333333333333332,1.917075335656287
Hydrophone,Looped,H2,No Leak,0.18 LPS,N,6,LO_NL_0.18 LPS_N_H2,-0.0010671167661571686,0.19224181852575384,-0.11420974624370205,-0.35270214054789983,0.19224478023676347,14.0,2.3639246572502715
Hydrophone,Looped,H2,No Leak,0.18 LPS,N,7,LO_NL_0.18 LPS_N_H2,0.00017582078870687851,0.2039646145752331,-0.06638744884165912,-0.18523435000609645,0.20396469035539738,14.0,1.5359200544509903
Hydrophone,Looped,H2,No Leak,0.18 LPS,N,8,LO_NL_0.18 LPS_N_H2,0.00041794549737793313,0.21355396364836615,-0.09036535792468406,-0.1845313077959445,0.21355437262759686,14.0,1.8415852471719898
Hydrophone,Looped,H2,No Leak,0.18 LPS,N,9,LO_NL_0.18 LPS_N_H2,0.00012247827942306214,0.19524476097348706,-0.1555553214820066,-0.027025159358625928,0.19524479938918482,14.0,1.8849040591726758
Hydrophone,Looped,H2,No Leak,0.18 LPS,N,10,LO_NL_0.18 LPS_N_H2,-1.894689259956983e-05,0.1953987113157032,0.05059041489324956,-0.21162003027970266,0.19539871223429864,26.333333333333332,1.4047495037627726
Hydrophone,Looped,H2,No Leak,0.18 LPS,N,11,LO_NL_0.18 LPS_N_H2,9.651057299778723e-05,0.2268157741650007,0.07448618051694054,-0.2853980529174316,0.22681579469772228,24.333333333333332,1.8401319779137495
Hydrophone,Looped,H2,No Leak,0.18 LPS,N,12,LO_NL_0.18 LPS_N_H2,-8.094998978531498e-06,0.21756863876021476,0.08457955859645673,-0.21429065886626208,0.21756863891080863,14.0,1.7589866839019097
Hydrophone,Looped,H2,No Leak,0.18 LPS,N,13,LO_NL_0.18 LPS_N_H2,0.000575290190127742,0.1968390205989247,0.1035746244246529,-0.41290808414203406,0.19683986128105954,24.333333333333332,1.8499136062584787
Hydrophone,Looped,H2,No Leak,0.18 LPS,N,14,LO_NL_0.18 LPS_N_H2,0.00018678085518290393,0.19525099469568444,-0.03572110470093229,-0.12745206506409712,0.19525108403474245,24.0,1.324059036954126
Hydrophone,Looped,H2,No Leak,0.18 LPS,N,15,LO_NL_0.18 LPS_N_H2,-8.259129246121821e-06,0.19670732537584082,-0.07582737617717399,0.3188093787654265,0.1967073255492284,25.0,1.4527310726240479
Hydrophone,Looped,H2,No Leak,0.18 LPS,N,16,LO_NL_0.18 LPS_N_H2,-0.0005206717600874542,0.19160292778771296,-0.14954484197893927,0.3924804679641518,0.19160363523666585,26.333333333333332,1.9962841606984232
Hydrophone,Looped,H2,No Leak,0.18 LPS,N,17,LO_NL_0.18 LPS_N_H2,-0.0007329531280422294,0.19661979886659656,-0.11699438520442454,0.25300549878760714,0.19662116500170776,13.666666666666666,2.042972461250137
Hydrophone,Looped,H2,No Leak,0.18 LPS,N,18,LO_NL_0.18 LPS_N_H2,0.0003869092629173745,0.19120968046545533,-0.00033706051824682184,0.18747943867318506,0.1912100719169345,14.0,1.407040064861186
Hydrophone,Looped,H2,No Leak,0.18 LPS,N,19,LO_NL_0.18 LPS_N_H2,-0.000287948198270253,0.2107156923131616,0.15098637956668937,0.04146717242348208,0.2107158890572324,24.333333333333332,2.101989554641013
Hydrophone,Looped,H2,No Leak,0.18 LPS,N,20,LO_NL_0.18 LPS_N_H2,-0.0004319392939688793,0.22234748507071522,0.1693238049098265,-0.21728817641611942,0.22234790461982232,24.333333333333332,2.366520358816203
Hydrophone,Looped,H2,No Leak,0.18 LPS,N,21,LO_NL_0.18 LPS_N_H2,0.000719203103500623,0.1833094836368463,-0.003678434692575386,-0.24077658321104645,0.18331089450524019,35.33333333333333,1.9222128821084135
Hydrophone,Looped,H2,No Leak,0.18 LPS,N,22,LO_NL_0.18 LPS_N_H2,0.0008982310633232314,0.20092912047626751,-0.09154953765714302,-0.035614690631915025,0.20093112818677333,24.333333333333332,2.115627446411182
Hydrophone,Looped,H1,No Leak,0.47 LPS,N,0,LO_NL_0.47 LPS_N_H1,2.8706534067650817e-05,0.13932054047468942,0.065266695223778,-0.12591927180599338,0.13932054343213235,24.0,0.8603546113072562
Hydrophone,Looped,H1,No Leak,0.47 LPS,N,1,LO_NL_0.47 LPS_N_H1,-0.0006597384645569782,0.12901238367093315,0.048736156927304215,-0.09223568016658845,0.12901407053223954,24.333333333333332,1.2725936487064682
Hydrophone,Looped,H1,No Leak,0.47 LPS,N,2,LO_NL_0.47 LPS_N_H1,-0.00020397320680509657,0.11474845905410229,0.008926623537164795,-0.34267044549470915,0.11474864034209767,35.0,1.2115922859408175
Hydrophone,Looped,H1,No Leak,0.47 LPS,N,3,LO_NL_0.47 LPS_N_H1,0.0009752654736388213,0.11638891911718581,0.022089462643263405,-0.5099226272010982,0.11639300509915058,24.333333333333332,1.7384572013825628
Hydrophone,Looped,H1,No Leak,0.47 LPS,N,4,LO_NL_0.47 LPS_N_H1,0.00010074412597558302,0.11944785379299273,-0.0019419867979125092,-0.5720133787127666,0.11944789627754474,24.333333333333332,0.7579856191097184
Hydrophone,Looped,H1,No Leak,0.47 LPS,N,5,LO_NL_0.47 LPS_N_H1,-0.0008751440886009515,0.12292655860312955,-0.07301481774300383,0.14423835817050135,0.12292967374553818,24.333333333333332,1.5595407961519592
Hydrophone,Looped,H1,No Leak,0.47 LPS,N,6,LO_NL_0.47 LPS_N_H1,0.0004986256339619344,0.12826691476955393,-0.12669074283039586,0.21369797976993254,0.1282678839461494,24.666666666666664,1.3827085128646175
Hydrophone,Looped,H1,No Leak,0.47 LPS,N,7,LO_NL_0.47 LPS_N_H1,-3.759679401626788e-05,0.14048957863560205,-0.021154829911623697,-0.11885206485741229,0.14048958366629155,24.333333333333332,0.6098821334558677
Hydrophone,Looped,H1,No Leak,0.47 LPS,N,8,LO_NL_0.47 LPS_N_H1,0.00016477013052852867,0.13914498426476912,0.10343241434040473,-0.08223976328607874,0.13914508182195576,14.0,1.2560380614312199
Hydrophone,Looped,H1,No Leak,0.47 LPS,N,9,LO_NL_0.47 LPS_N_H1,1.093372497520965e-05,0.1351976848613995,0.09722650694549141,-0.07150620925129614,0.13519768530351634,34.33333333333333,1.4259669870103329
Hydrophone,Looped,H1,No Leak,0.47 LPS,N,10,LO_NL_0.47 LPS_N_H1,-0.00045970168110480165,0.13804774515571813,0.05991514027102891,-0.2511221032122952,0.1380485105613737,24.333333333333332,1.1307962050613818
Hydrophone,Looped,H1,No Leak,0.47 LPS,N,11,LO_NL_0.47 LPS_N_H1,2.9641361211990236e-05,0.11937970624716676,0.09341630836769928,-0.10876375318255738,0.11937970992706474,25.0,1.025663836350293
Hydrophone,Looped,H1,No Leak,0.47 LPS,N,12,LO_NL_0.47 LPS_N_H1,-5.7609986874996745e-05,0.12722618994598417,-0.011085917492927309,0.3991406331102594,0.1272262029893301,25.0,0.3728312351912774
Hydrophone,Looped,H1,No Leak,0.47 LPS,N,13,LO_NL_0.47 LPS_N_H1,-0.00012655571861223472,0.126000000290302,-0.02885131586152668,0.24305354350064157,0.12600006384722995,34.666666666666664,1.0311099307854843
Hydrophone,Looped,H1,No Leak,0.47 LPS,N,14,LO_NL_0.47 LPS_N_H1,-6.317819105199914e-05,0.10484433779279904,0.013180467859563873,-0.3764827166169109,0.10484435682808291,24.0,0.6673697476021674
Hydrophone,Looped,H1,No Leak,0.47 LPS,N,15,LO_NL_0.47 LPS_N_H1,0.0009033195180457225,0.11300574102557792,0.13142187515781387,0.0792695959017351,0.11300935134267283,24.0,1.9653130780576251
Hydrophone,Looped,H1,No Leak,0.47 LPS,N,16,LO_NL_0.47 LPS_N_H1,0.000293609995145448,0.11605125515375063,0.024031665306981604,-0.032589342369209184,0.11605162657020443,24.0,0.6830037437247144
Hydrophone,Looped,H1,No Leak,0.47 LPS,N,17,LO_NL_0.47 LPS_N_H1,-0.0007398470114978018,0.16061652175139976,-0.0269253520115859,-0.2356825742352724,0.16061822571899587,24.333333333333332,1.4797997608109381
Hydrophone,Looped,H1,No Leak,0.47 LPS,N,18,LO_NL_0.47 LPS_N_H1,-0.00019553407210265084,0.17828582710075716,0.011752973329070802,-0.5853934082775489,0.1782859343262234,24.333333333333332,1.1750440060334213
Hydrophone,Looped,H1,No Leak,0.47 LPS,N,19,LO_NL_0.47 LPS_N_H1,-3.811620306570044e-06,0.13471561612315688,0.02135068497411387,0.05130803292708164,0.13471561617707956,24.0,0.5375594069454401
Hydrophone,Looped,H1,No Leak,0.47 LPS,N,20,LO_NL_0.47 LPS_N_H1,0.00010352670144670118,0.14064027942582874,0.0399458034084273,-0.09918600188496862,0.14064031752933828,13.666666666666666,0.8705468711987523
Hydrophone,Looped,H1,No Leak,0.47 LPS,N,21,LO_NL_0.47 LPS_N_H1,-0.00010876004919117103,0.1493485043727115,0.05163852221009085,-0.36690632258219624,0.14934854397386713,24.333333333333332,0.9234723257125365
Hydrophone,Looped,H1,No Leak,0.47 LPS,N,22,LO_NL_0.47 LPS_N_H1,-0.00017291403108750592,0.15485675420443185,0.07232572474518986,-0.10162674395393756,0.1548568507428521,34.666666666666664,1.4514593523651387
Hydrophone,Looped,H1,No Leak,0.47 LPS,N,23,LO_NL_0.47 LPS_N_H1,-0.00021947789703089866,0.15283503661289835,0.06839266165968853,-0.05440171069380906,0.15283519420281858,34.666666666666664,1.434039925907599
Hydrophone,Looped,H1,No Leak,0.47 LPS,N,24,LO_NL_0.47 LPS_N_H1,0.0002563761685907452,0.13137540057123565,-0.0852605099971433,-0.05498617175788789,0.13137565072718932,24.333333333333332,0.9552312345315594
Hydrophone,Looped,H2,No Leak,0.47 LPS,N,0,LO_NL_0.47 LPS_N_H2,-0.000839529489430462,0.22570928204939328,-0.06965215115033802,0.04448361756584296,0.22571084336605585,26.333333333333332,2.298377525747208
Hydrophone,Looped,H2,No Leak,0.47 LPS,N,1,LO_NL_0.47 LPS_N_H2,-0.0003488849494056093,0.21282757813762435,-0.04200799025297509,-0.11442833309041722,0.21282786409827667,24.333333333333332,1.6579735142727765
Hydrophone,Looped,H2,No Leak,0.47 LPS,N,2,LO_NL_0.47 LPS_N_H2,0.0002918086589869034,0.22561051555598732,-0.1343999655749928,0.17221122015811074,0.22561070427116672,26.0,2.1403439179585657
Hydrophone,Looped,H2,No Leak,0.47 LPS,N,3,LO_NL_0.47 LPS_N_H2,0.0011720249529260096,0.23124150378259278,-0.15484462073830693,0.12722277875886423,0.23124447391045944,24.333333333333332,2.9176863047599695
Hydrophone,Looped,H2,No Leak,0.47 LPS,N,4,LO_NL_0.47 LPS_N_H2,0.0002014514239156533,0.21099290007351607,-0.05854560639527473,-0.3533465445994386,0.21099299624420934,24.333333333333332,1.61136250011136
Hydrophone,Looped,H2,No Leak,0.47 LPS,N,5,LO_NL_0.47 LPS_N_H2,-0.0009358212831404543,0.21471424235499845,-0.03639104705599513,-0.3555908711524949,0.21471628171043525,25.0,2.210925430644111
Hydrophone,Looped,H2,No Leak,0.47 LPS,N,6,LO_NL_0.47 LPS_N_H2,0.000866353625830356,0.21233323426650103,0.08035161424622206,-0.23092548073242547,0.21233500168996583,24.666666666666664,2.1721681619964115
Hydrophone,Looped,H2,No Leak,0.47 LPS,N,7,LO_NL_0.47 LPS_N_H2,-0.00021985898902890415,0.23690242935805733,0.10421735030365457,-0.29247771622520746,0.23690253137888673,27.333333333333332,2.162679700679662
Hydrophone,Looped,H2,No Leak,0.47 LPS,N,8,LO_NL_0.47 LPS_N_H2,-0.000935941954266347,0.23960689608600777,0.10026114232150543,-0.33723979432144846,0.23960872404675226,26.333333333333332,2.62558634256628
Hydrophone,Looped,H2,No Leak,0.47 LPS,N,9,LO_NL_0.47 LPS_N_H2,0.0003699747306387393,0.24640866645366571,0.11168519447333633,-0.14164586258416767,0.2464089442061209,27.0,2.3444664704006226
Hydrophone,Looped,H2,No Leak,0.47 LPS,N,10,LO_NL_0.47 LPS_N_H2,0.00019195326507732798,0.24435827181136074,0.05208150586875353,-0.12344774750339349,0.24435834720485983,27.0,2.083015013080462
Hydrophone,Looped,H2,No Leak,0.47 LPS,N,11,LO_NL_0.47 LPS_N_H2,-0.00020187999382803142,0.21259450492444304,0.028941809787682425,-0.3489418698088893,0.21259460077716213,27.0,1.6351311562814579
Hydrophone,Looped,H2,No Leak,0.47 LPS,N,12,LO_NL_0.47 LPS_N_H2,0.0009515284663673778,0.25772522915149865,0.0618284949179745,-0.2939165004466333,0.2577269856798368,27.333333333333332,2.714009520360749
Hydrophone,Looped,H2,No Leak,0.47 LPS,N,13,LO_NL_0.47 LPS_N_H2,0.0004060359467823787,0.24809608029482366,0.01252384758397409,-0.013646476188358125,0.24809641255537268,27.0,2.161882379935763
Hydrophone,Looped,H2,No Leak,0.47 LPS,N,14,LO_NL_0.47 LPS_N_H2,-0.000725739692957108,0.1935697367128426,-0.0946486862320918,-0.09829086386948571,0.19357109719475465,41.666666666666664,2.4803186902534082
Hydrophone,Looped,H2,No Leak,0.47 LPS,N,15,LO_NL_0.47 LPS_N_H2,-0.0003594503672612026,0.2042805575564581,-0.055122598579531744,-0.25641722881404005,0.20428087379914917,26.0,1.628141418326067
Hydrophone,Looped,H2,No Leak,0.47 LPS,N,16,LO_NL_0.47 LPS_N_H2,-0.0001087584545725644,0.2099035025090649,-0.03360120865686461,-0.2667145213255395,0.20990353068487067,27.666666666666664,1.5932199276834607
Hydrophone,Looped,H2,No Leak,0.47 LPS,N,17,LO_NL_0.47 LPS_N_H2,-0.0005512563331346957,0.2573790178432424,0.026016552962357525,-0.4836042389181743,0.25737960818506367,24.333333333333332,2.33715167447057
Hydrophone,Looped,H2,No Leak,0.47 LPS,N,18,LO_NL_0.47 LPS_N_H2,0.0004330456078393879,0.283654824168841,-0.007595681440808429,-0.6053893722103592,0.28365515472621783,24.333333333333332,2.5908885722163864
Hydrophone,Looped,H2,No Leak,0.47 LPS,N,19,LO_NL_0.47 LPS_N_H2,0.0015930479099907767,0.2417559977391348,-0.1051496882566071,-0.09372895640971146,0.2417612463660958,24.0,3.3170551722526675
Hydrophone,Looped,H2,No Leak,0.47 LPS,N,20,LO_NL_0.47 LPS_N_H2,-0.0011131557216237321,0.2652689087596978,0.07766636702188941,0.26550802636410253,0.2652712443334585,13.666666666666666,3.020496752433604
Hydrophone,Looped,H2,No Leak,0.47 LPS,N,21,LO_NL_0.47 LPS_N_H2,-0.0002786042005374217,0.27093781855016413,0.11785407179782614,0.16323126782051078,0.27093796179388047,13.666666666666666,2.645496723386197
Hydrophone,Looped,H2,No Leak,0.47 LPS,N,22,LO_NL_0.47 LPS_N_H2,0.00103256749590278,0.2505151571674857,0.03156636659167751,0.31913397120586673,0.250517285164684,25.0,2.6851230049401207
Hydrophone,Looped,H2,No Leak,0.47 LPS,N,23,LO_NL_0.47 LPS_N_H2,-0.0015540685165502676,0.24119455455227767,0.03484902190933355,0.4250476613648444,0.24119956109957122,34.666666666666664,3.411717478105882
Hydrophone,Looped,H2,No Leak,0.47 LPS,N,24,LO_NL_0.47 LPS_N_H2,1.1297974607365073e-05,0.23335636221735506,0.026127982000770954,0.21988937840827205,0.23335636249085143,24.333333333333332,1.850543483845775
Hydrophone,Looped,H1,No Leak,ND,NN,0,LO_NL_ND_NN_H1,0.0001847778196083097,0.1660372617032255,0.04535608507044072,0.20546150879892044,0.16603736452000198,24.0,0.9005490530061645
Hydrophone,Looped,H1,No Leak,ND,NN,1,LO_NL_ND_NN_H1,0.0009449007702123667,0.15059607273301545,0.005789291543575773,0.14570913184820267,0.15059903704895736,24.333333333333332,1.7281434628286585
Hydrophone,Looped,H1,No Leak,ND,NN,2,LO_NL_ND_NN_H1,8.979844734856934e-05,0.11466699146434468,-0.02716299543412656,-0.04719988826668109,0.11466702662598888,24.333333333333332,0.4287031396329479
Hydrophone,Looped,H1,No Leak,ND,NN,3,LO_NL_ND_NN_H1,-2.4684869707660926e-05,0.10304332060494654,-0.04506490259210631,-0.29916551618992493,0.10304332356167767,23.666666666666664,0.6358085794443002
Hydrophone,Looped,H1,No Leak,ND,NN,4,LO_NL_ND_NN_H1,0.0003137108687894247,0.119640068704915,0.06632064203115338,1.1715472508721625,0.11964047999830986,24.0,1.142995334094538
Hydrophone,Looped,H1,No Leak,ND,NN,5,LO_NL_ND_NN_H1,-0.0002284580463962392,0.13988282292212825,0.1160321536884162,0.2721773800897256,0.13988300948200413,24.0,1.3351900079211436
Hydrophone,Looped,H1,No Leak,ND,NN,6,LO_NL_ND_NN_H1,0.00048300206002421537,0.13459082972654715,0.037335220872606184,-0.31116168404668487,0.13459169639123506,24.0,0.9708856367281861
Hydrophone,Looped,H1,No Leak,ND,NN,7,LO_NL_ND_NN_H1,-0.000604909551888435,0.13850365089380826,-0.0030805894025050175,-0.001873311275759626,0.13850497184751123,24.333333333333332,1.235852853410953
Hydrophone,Looped,H1,No Leak,ND,NN,8,LO_NL_ND_NN_H1,-0.0007049560403600907,0.13081795012680528,0.013938808748853428,0.2395681249816639,0.13081984955807796,24.333333333333332,1.3993402390645655
Hydrophone,Looped,H1,No Leak,ND,NN,9,LO_NL_ND_NN_H1,0.0005937796137780912,0.12091528729818671,-0.057951173164565856,0.420358123824244,0.12091674522841231,24.666666666666664,1.1479232712343748
Hydrophone,Looped,H1,No Leak,ND,NN,10,LO_NL_ND_NN_H1,0.0002213119893613501,0.11366616469135428,-0.07839687075712105,0.7483570776007733,0.11366638014223339,24.666666666666664,0.6271009544556495
Hydrophone,Looped,H1,No Leak,ND,NN,11,LO_NL_ND_NN_H1,3.14190759112523e-05,0.09321381727545017,0.044287425020281025,0.47164663022409004,0.0932138225705788,24.333333333333332,0.620806258745422
Hydrophone,Looped,H1,No Leak,ND,NN,12,LO_NL_ND_NN_H1,0.00029029358129197805,0.10861598334922898,-0.007416386729479608,0.20866481933776093,0.10861637127654065,24.333333333333332,0.517254700403197
Hydrophone,Looped,H1,No Leak,ND,NN,13,LO_NL_ND_NN_H1,-4.362256253847467e-05,0.15463721086498394,-0.03425204622533702,0.04440457136169096,0.1546372170178624,23.666666666666664,0.7042719359823522
Hydrophone,Looped,H1,No Leak,ND,NN,14,LO_NL_ND_NN_H1,-0.0007544373023026389,0.2298393455625631,0.0067991427762221735,0.1379984142380346,0.2298405837624644,24.0,2.069591081266005
Hydrophone,Looped,H1,No Leak,ND,NN,15,LO_NL_ND_NN_H1,7.531761804101245e-05,0.22211652105212346,0.0035526912881973095,0.5885847344773705,0.22211653382187016,23.666666666666664,1.4164818106416317
Hydrophone,Looped,H1,No Leak,ND,NN,16,LO_NL_ND_NN_H1,0.0012761049424161225,0.1651908576860132,-0.035055357865979915,0.20774064589865393,0.16519578658932169,23.666666666666664,2.390093478367755
Hydrophone,Looped,H1,No Leak,ND,NN,17,LO_NL_ND_NN_H1,-0.00029321998158232,0.15335284030467802,-0.03990240252134525,-0.34391214038026074,0.15335312063166393,24.666666666666664,1.0148938148147186
Hydrophone,Looped,H1,No Leak,ND,NN,18,LO_NL_ND_NN_H1,-0.0010633855363418841,0.12098019398105143,0.0012114014176571142,0.1784667990146187,0.12098486733675305,34.33333333333333,2.152008069503705
Hydrophone,Looped,H1,No Leak,ND,NN,19,LO_NL_ND_NN_H1,0.0002895688540914218,0.110833348780261,-0.07551236927206212,0.574478999319759,0.1108337270507865,34.33333333333333,1.071715646889214
Hydrophone,Looped,H1,No Leak,ND,NN,20,LO_NL_ND_NN_H1,0.00043477128568484734,0.12108395664746895,-0.052347867149140644,0.1449904600976013,0.1210847372028242,24.0,0.9172863190235412
Hydrophone,Looped,H1,No Leak,ND,NN,21,LO_NL_ND_NN_H1,-0.00044368886603511816,0.11836357203210257,0.05594682656338723,-0.38950645030589826,0.11836440361869179,24.0,1.0992139887878358
Hydrophone,Looped,H1,No Leak,ND,NN,22,LO_NL_ND_NN_H1,-4.180836036371938e-05,0.10315392558753532,-0.01334013876913656,-0.2644341440036784,0.10315393406001427,23.666666666666664,0.46117377634846557
Hydrophone,Looped,H2,No Leak,ND,NN,0,LO_NL_ND_NN_H2,5.291898653516647e-05,0.2469726552984046,0.1284117269455145,0.6472710268937636,0.24697266096789683,24.0,2.1367644178093843
Hydrophone,Looped,H2,No Leak,ND,NN,1,LO_NL_ND_NN_H2,0.0006067315667860714,0.24151670784709128,0.14034164920358627,0.2652897868085802,0.24151746995298573,24.333333333333332,2.2430269868987978
Hydrophone,Looped,H2,No Leak,ND,NN,2,LO_NL_ND_NN_H2,0.0009637246158551696,0.21085350519064805,0.04537559298075284,0.05724315955902615,0.2108557075734917,24.333333333333332,2.0976519344919935
Hydrophone,Looped,H2,No Leak,ND,NN,3,LO_NL_ND_NN_H2,-0.0005940778670205307,0.1795821231972365,0.039301961574582996,0.03204559483822722,0.17958310583275783,24.333333333333332,1.5262961084332058
Hydrophone,Looped,H2,No Leak,ND,NN,4,LO_NL_ND_NN_H2,0.00030976951555043654,0.1993876643714381,0.07100441933587766,2.275769511833416,0.19938790500090525,24.0,2.022146363816274
Hydrophone,Looped,H2,No Leak,ND,NN,5,LO_NL_ND_NN_H2,0.0005588148547120301,0.2425303910477222,0.038799950873928145,0.8693333603577029,0.24253103483019015,24.0,1.9691379623201068
Hydrophone,Looped,H2,No Leak,ND,NN,6,LO_NL_ND_NN_H2,0.0012491327522243345,0.22897673770512741,0.024055081172326763,0.5009079658737958,0.2289801448656966,24.0,2.627109928691641
Hydrophone,Looped,H2,No Leak,ND,NN,7,LO_NL_ND_NN_H2,-0.0005112040997421608,0.24790667895459326,0.13315510255271237,0.48016381942285546,0.24790720602662472,24.333333333333332,2.4147638112347845
Hydrophone,Looped,H2,No Leak,ND,NN,8,LO_NL_ND_NN_H2,-0.0017748276766530514,0.23523836563366748,0.15374681420136488,0.49553841997579084,0.23524506090305242,24.333333333333332,4.029347099311
Hydrophone,Looped,H2,No Leak,ND,NN,9,LO_NL_ND_NN_H2,3.710545226730111e-05,0.19588064963884047,-0.07285873700696148,0.8327209708203576,0.19588065315326258,24.666666666666664,1.1726872218220756
Hydrophone,Looped,H2,No Leak,ND,NN,10,LO_NL_ND_NN_H2,8.654267287388751e-05,0.1860117618251326,-0.09161705400223587,1.2405601135334567,0.1860117819572838,24.666666666666664,1.134876318446296
Hydrophone,Looped,H2,No Leak,ND,NN,11,LO_NL_ND_NN_H2,0.0003417865190640857,0.1639429069704214,0.2035598248380309,0.4933048633620567,0.16394326324657826,24.666666666666664,2.0886758024863052
Hydrophone,Looped,H2,No Leak,ND,NN,12,LO_NL_ND_NN_H2,4.878935056969747e-05,0.1842753829955202,0.016804562944191248,0.20883617549036293,0.1842753894543338,24.333333333333332,0.9825358920979201
Hydrophone,Looped,H2,No Leak,ND,NN,13,LO_NL_ND_NN_H2,0.00021441475909103754,0.22468113158182476,-0.09239529045443741,0.07822124461443991,0.22468123389054587,23.666666666666664,1.7183877040622282
Hydrophone,Looped,H2,No Leak,ND,NN,14,LO_NL_ND_NN_H2,-0.0002475006572740068,0.3205824997461193,0.018569896523094542,0.29375144403521647,0.3205825952855924,24.0,2.649009771004324
Hydrophone,Looped,H2,No Leak,ND,NN,15,LO_NL_ND_NN_H2,0.0005822726546267007,0.31999921141500803,0.05680783405763247,0.4527461305003815,0.3199997411681318,23.666666666666664,2.7912298557274378
Hydrophone,Looped,H2,No Leak,ND,NN,16,LO_NL_ND_NN_H2,0.0012045659299224065,0.25201550428570396,0.06464948286145787,0.027023550273248542,0.2520183830188925,23.666666666666664,2.7373235571692436
Hydrophone,Looped,H2,No Leak,ND,NN,17,LO_NL_ND_NN_H2,-0.0009034639204468575,0.23753768816160004,0.009821662418149059,-0.07835315642143481,0.23753940629759326,24.666666666666664,2.3360446411454014
Hydrophone,Looped,H2,No Leak,ND,NN,18,LO_NL_ND_NN_H2,-0.0007247021287768853,0.20040977059748907,0.01685843498910076,0.6072150520032409,0.20041108089153564,34.33333333333333,2.005875182410634
Hydrophone,Looped,H2,No Leak,ND,NN,19,LO_NL_ND_NN_H2,-0.000603766961390588,0.19087314928386248,-0.01292653554633856,0.7806015150052463,0.19087410419457984,34.33333333333333,1.7500880137831
Hydrophone,Looped,H2,No Leak,ND,NN,20,LO_NL_ND_NN_H2,-0.00023756777407995554,0.19729358209848674,-0.04046429349068616,0.6431654007408345,0.19729372513006996,24.0,1.2049601775083716
Hydrophone,Looped,H2,No Leak,ND,NN,21,LO_NL_ND_NN_H2,0.0008857994110103556,0.18182115169445243,0.008917949532739892,0.02720206138824066,0.1818233094080449,24.0,1.7887407704278213
Hydrophone,Looped,H2,No Leak,ND,NN,22,LO_NL_ND_NN_H2,2.040865970366627e-05,0.1681868188209176,0.006989188257628467,0.1304690582676682,0.16818682005916383,23.666666666666664,0.7818106198893277
Hydrophone,Looped,H1,No Leak,ND,N,0,LO_NL_ND_N_H1,-0.00015266366920375332,0.012666419029578829,-0.17759226864019423,1.833432842045461,0.012667338995573279,24.333333333333332,1.9248029551348096
Hydrophone,Looped,H1,No Leak,ND,N,1,LO_NL_ND_N_H1,1.993742409295593e-05,0.023472276155801452,-0.3352239248450162,3.823093231987296,0.023472284623254826,35.0,3.3730047040599134
Hydrophone,Looped,H1,No Leak,ND,N,2,LO_NL_ND_N_H1,-1.2429374063508183e-06,0.023070401101964847,-0.3567886060348647,4.285325839256874,0.023070401135446998,35.0,3.650922231386693
Hydrophone,Looped,H1,No Leak,ND,N,3,LO_NL_ND_N_H1,-3.498561544522378e-06,0.008256668025675288,-0.2173286458142836,-0.039915892162252664,0.008256668766890286,59.0,3.574900251788147
Hydrophone,Looped,H1,No Leak,ND,N,4,LO_NL_ND_N_H1,1.2261349642699587e-05,0.01404632022050793,-0.050963178459857254,1.375574987599653,0.014046325572111199,23.666666666666664,1.3338747679366887
Hydrophone,Looped,H1,No Leak,ND,N,5,LO_NL_ND_N_H1,-9.746496830918625e-05,0.019941235079213655,-0.2481099347587155,7.903845863160253,0.01994147326313953,24.0,4.931360052822191
Hydrophone,Looped,H1,No Leak,ND,N,6,LO_NL_ND_N_H1,-7.346471330092196e-05,0.0280085051421232,-0.1279795656496442,3.8592723174352948,0.028008601488836285,24.0,2.292303167457788
Hydrophone,Looped,H1,No Leak,ND,N,7,LO_NL_ND_N_H1,6.194556912362108e-05,0.04657783441333145,0.07254401334991249,4.410998344348757,0.04657787560515462,24.333333333333332,2.7741876312397618
Hydrophone,Looped,H1,No Leak,ND,N,8,LO_NL_ND_N_H1,0.00019911390310869555,0.05161559078868147,0.07942750878116472,3.584863408752933,0.05161597484123525,24.333333333333332,2.3265632078247416
Hydrophone,Looped,H1,No Leak,ND,N,9,LO_NL_ND_N_H1,9.235549699967081e-05,0.05810820659489645,0.007419109553101997,1.6772926129390076,0.05810827998842327,23.666666666666664,0.9640350523062344
Hydrophone,Looped,H1,No Leak,ND,N,10,LO_NL_ND_N_H1,-8.187911085105108e-05,0.0579678205300473,-0.01614695631579523,1.1304960074289605,0.05796787835683283,24.0,0.7252896874064981
Hydrophone,Looped,H1,No Leak,ND,N,11,LO_NL_ND_N_H1,0.0002680707007607785,0.05710653614937078,-0.033980534994281296,1.0120278993284968,0.05710716533746005,24.0,0.8540101313413334
Hydrophone,Looped,H1,No Leak,ND,N,12,LO_NL_ND_N_H1,-6.761877634636079e-05,0.06817927015795211,-0.07767517288338788,0.34177485707172117,0.06817930368938901,24.333333333333332,0.8603865985837094
Hydrophone,Looped,H1,No Leak,ND,N,13,LO_NL_ND_N_H1,-0.00021057650955740576,0.05634295188036416,-0.1811593199906043,1.7786617165787524,0.05634334538398842,24.333333333333332,1.6815521131079338
Hydrophone,Looped,H1,No Leak,ND,N,14,LO_NL_ND_N_H1,0.00023955550783765316,0.049345983271638375,0.03274898381664409,1.9826041401752637,0.04934656474250411,24.333333333333332,1.3072337772300293
Hydrophone,Looped,H1,No Leak,ND,N,15,LO_NL_ND_N_H1,-0.0001339697177616683,0.056840263489364995,0.0804749222021696,0.6138015236380725,0.056840421369178086,24.333333333333332,1.1618172891163718
Hydrophone,Looped,H1,No Leak,ND,N,16,LO_NL_ND_N_H1,-0.00019965495666544574,0.07071614759905408,0.0154580490572743,0.8343625927300478,0.070716429444316,24.666666666666664,0.6794767413955305
Hydrophone,Looped,H1,No Leak,ND,N,17,LO_NL_ND_N_H1,0.00013796679498983514,0.08521421157856693,-0.027875864326522625,0.3156966042081115,0.08521432326665096,24.333333333333332,0.49528470804266667
Hydrophone,Looped,H1,No Leak,ND,N,18,LO_NL_ND_N_H1,-0.00018644407561307122,0.081765896978111,-0.0771553873616334,0.11965077258432677,0.0817661095444096,24.0,0.8548638215388527
Hydrophone,Looped,H1,No Leak,ND,N,19,LO_NL_ND_N_H1,-0.0005881163741931843,0.07656397074685294,0.04782832404465862,-0.08512659113190058,0.07656622948398692,24.666666666666664,1.2841130225775446
Hydrophone,Looped,H1,No Leak,ND,N,20,LO_NL_ND_N_H1,6.701665479008745e-06,0.09300085023516652,0.02968656626007998,0.4567560081675843,0.09300085047662841,24.0,0.470937156526423
Hydrophone,Looped,H1,No Leak,ND,N,21,LO_NL_ND_N_H1,0.00015325570275471841,0.09733230650299486,0.010962203018342137,0.23721855734770703,0.09733242715818487,24.666666666666664,0.4643746946257606
Hydrophone,Looped,H1,No Leak,ND,N,22,LO_NL_ND_N_H1,2.79575865655014e-05,0.09777426052981548,0.07468527562639228,0.17411290792107836,0.09777426452691362,24.333333333333332,0.848219299917546
Hydrophone,Looped,H1,No Leak,ND,N,23,LO_NL_ND_N_H1,0.0002353184793532445,0.08441155870826567,0.06564912816107954,1.1758481380964945,0.08441188671239204,24.333333333333332,1.0092430434993844
Hydrophone,Looped,H1,No Leak,ND,N,24,LO_NL_ND_N_H1,0.0002473908029261471,0.08807302374415313,-0.09714998672913995,1.5524122497087314,0.0880733711949732,25.0,1.0141632805541505
Hydrophone,Looped,H1,No Leak,ND,N,25,LO_NL_ND_N_H1,4.483614225318916e-05,0.09277880468289558,-0.10025996787654608,1.0505181122411997,0.09277881551661749,24.666666666666664,0.8128094482776962
Hydrophone,Looped,H1,No Leak,ND,N,26,LO_NL_ND_N_H1,-0.00032607847022585174,0.06414444581213781,-0.07525477925560257,0.5731860111468237,0.0641452746171924,24.666666666666664,0.9674840543819272
Hydrophone,Looped,H2,No Leak,ND,N,0,LO_NL_ND_N_H2,7.433915252773975e-05,0.032875965110912994,0.07471362336008572,0.13389285181121968,0.032876049158674266,59.0,2.9684453432204183
Hydrophone,Looped,H2,No Leak,ND,N,1,LO_NL_ND_N_H2,2.5517070677780938e-06,0.04687105973306139,-0.19279826738340328,1.0110111585573804,0.04687105980252012,59.0,3.0975244264606663
Hydrophone,Looped,H2,No Leak,ND,N,2,LO_NL_ND_N_H2,-8.650890815972116e-05,0.04579675462911044,-0.21677622343732106,1.2853651270168571,0.045796836335604434,34.666666666666664,2.088088148650841
Hydrophone,Looped,H2,No Leak,ND,N,3,LO_NL_ND_N_H2,2.4498408997926796e-05,0.02745391823620995,-0.028364663017172023,-0.6839274418248156,0.027453929166743045,59.0,3.13188998419454
Hydrophone,Looped,H2,No Leak,ND,N,4,LO_NL_ND_N_H2,6.793710721412161e-05,0.03473685905274375,0.0017565173893251732,0.4118532304992506,0.03473692548716311,59.0,2.8038919827696316
Hydrophone,Looped,H2,No Leak,ND,N,5,LO_NL_ND_N_H2,-0.00016334770586192007,0.043477060060634516,-0.0731655821849494,4.237427460757552,0.04347736691646622,58.666666666666664,3.2443783863570497
Hydrophone,Looped,H2,No Leak,ND,N,6,LO_NL_ND_N_H2,-0.00014201165256714818,0.05164908782152603,0.03626310554863765,3.7425979193514127,0.05164928305509355,24.0,2.229942886640615
Hydrophone,Looped,H2,No Leak,ND,N,7,LO_NL_ND_N_H2,0.000183053422019057,0.0765866873793165,-0.09401890756686669,6.442198458835563,0.07658690614127503,24.333333333333332,3.889485540759425
Hydrophone,Looped,H2,No Leak,ND,N,8,LO_NL_ND_N_H2,0.00017107629567433437,0.08801725681065323,0.009771200981512261,4.658109631296602,0.08801742306822793,24.333333333333332,2.803043356214067
Hydrophone,Looped,H2,No Leak,ND,N,9,LO_NL_ND_N_H2,0.00024774925738543655,0.09250355204545349,0.12712804889500556,1.9156907199936057,0.09250388381425105,23.666666666666664,1.7373890411418784
Hydrophone,Looped,H2,No Leak,ND,N,10,LO_NL_ND_N_H2,4.394373874597513e-06,0.08985573259053652,0.0469928573240227,1.2242638410593951,0.08985573269798944,24.0,0.7862662636520578
Hydrophone,Looped,H2,No Leak,ND,N,11,LO_NL_ND_N_H2,0.00015755110372539893,0.09444411958065384,0.07344882065260606,1.5481435636736594,0.09444425099345713,34.33333333333333,1.3713989459517668
Hydrophone,Looped,H2,No Leak,ND,N,12,LO_NL_ND_N_H2,3.3439142264363026e-05,0.1105589423047913,0.11329633817835652,0.6072319283565069,0.11055894736171472,24.333333333333332,1.1747214730351279
Hydrophone,Looped,H2,No Leak,ND,N,13,LO_NL_ND_N_H2,-0.0006906550686004791,0.08929793065332459,0.15727285083526188,1.413706609027387,0.08930060147272106,24.333333333333332,2.060101161769047
Hydrophone,Looped,H2,No Leak,ND,N,14,LO_NL_ND_N_H2,-0.00015135025050338883,0.0825235572510262,-0.018767217000272694,1.3408728011285973,0.08252369604096588,24.333333333333332,0.6051454654750984
Hydrophone,Looped,H2,No Leak,ND,N,15,LO_NL_ND_N_H2,0.00022105796632015202,0.0994371347422584,-0.10606471833483741,0.7532595384582645,0.09943738045812815,24.333333333333332,0.9075308770929108
Hydrophone,Looped,H2,No Leak,ND,N,16,LO_NL_ND_N_H2,-0.00015527371485377377,0.11422169915765513,-0.01598685401810275,1.5203043266272669,0.1142218046976513,24.666666666666664,0.7575121738447593
Hydrophone,Looped,H2,No Leak,ND,N,17,LO_NL_ND_N_H2,0.00011322974656724364,0.13364380220289623,-0.04685570245160255,1.1376677838721623,0.13364385016985392,24.333333333333332,0.7292400309696607
Hydrophone,Looped,H2,No Leak,ND,N,18,LO_NL_ND_N_H2,-0.00017293395796194448,0.13101859394227366,-0.06769511938873878,0.6647138038081506,0.13101870807164986,25.0,0.7072186140255913
Hydrophone,Looped,H2,No Leak,ND,N,19,LO_NL_ND_N_H2,-0.0006676514960086995,0.12332747530060954,-0.09664836101874827,0.3185630004473543,0.1233292825023424,24.666666666666664,1.357194258268506
Hydrophone,Looped,H2,No Leak,ND,N,20,LO_NL_ND_N_H2,0.000929321324274377,0.14912757237801644,0.08833395026223093,0.385816745223456,0.1491304679851984,24.666666666666664,1.8590046468997494
Hydrophone,Looped,H2,No Leak,ND,N,21,LO_NL_ND_N_H2,0.000567832039334868,0.15725099236486326,0.05400643055545958,0.18330333267777776,0.1572520175799318,25.666666666666664,1.3207899124536193
Hydrophone,Looped,H2,No Leak,ND,N,22,LO_NL_ND_N_H2,-0.0005117425552920098,0.15434477248689588,-0.14822063527714033,-3.6813735936114256e-05,0.15434562084644496,24.333333333333332,1.6857340872813218
Hydrophone,Looped,H2,No Leak,ND,N,23,LO_NL_ND_N_H2,-0.00039762143490561984,0.12996945498723528,-0.12896125100550254,0.722018752805841,0.1299700632164364,24.333333333333332,1.2783084389542398
Hydrophone,Looped,H2,No Leak,ND,N,24,LO_NL_ND_N_H2,0.00014771299935133434,0.13776798472721297,-0.04544928456676239,1.747368678996688,0.13776806391514604,25.333333333333332,1.1039013430395324
Hydrophone,Looped,H2,No Leak,ND,N,25,LO_NL_ND_N_H2,0.0004490773835806688,0.15207855845516893,-0.01844929049516665,1.026154105085891,0.15207922150083053,24.666666666666664,1.1173087000164852
Hydrophone,Looped,H2,No Leak,ND,N,26,LO_NL_ND_N_H2,-0.0004738580615959985,0.11176052991746152,0.05645793660067262,1.271121002546332,0.11176153447807681,24.666666666666664,1.1678133611191028
Hydrophone,Looped,H1,No Leak,Transient,NN,0,LO_NL_Transient_NN_H1,0.00024993378197561326,0.16211211296324735,-0.028930026353136767,0.36215741852719807,0.1621123056288573,24.333333333333332,0.8198103466560965
Hydrophone,Looped,H1,No Leak,Transient,NN,1,LO_NL_Transient_NN_H1,4.067506775774602e-05,0.14755577334700243,-0.01919266329975709,0.44636467415012016,0.1475557789532253,24.666666666666664,0.5271160564849419
Hydrophone,Looped,H1,No Leak,Transient,NN,2,LO_NL_Transient_NN_H1,-1.4072507425347232e-05,0.12330322296625011,-0.03666898334671811,-0.030166904346380807,0.12330322376929265,34.33333333333333,0.9396963013226063
Hydrophone,Looped,H1,No Leak,Transient,NN,3,LO_NL_Transient_NN_H1,-0.0001868324827146033,0.1254567247473211,0.0018292898937740437,-0.34255409311108975,0.1254568638644442,24.0,0.6416898502282677
Hydrophone,Looped,H1,No Leak,Transient,NN,4,LO_NL_Transient_NN_H1,0.00013092921749028593,0.1382769198300153,-0.052266819987752754,-0.34034818635696595,0.13827698181597858,24.0,0.8497225799812155
Hydrophone,Looped,H1,No Leak,Transient,NN,5,LO_NL_Transient_NN_H1,-0.00047544861929516545,0.13445325802344682,-0.007853887208599088,-0.28754021353468406,0.1344540986526969,25.0,1.0662029318963337
Hydrophone,Looped,H1,No Leak,Transient,NN,6,LO_NL_Transient_NN_H1,-0.0002031243891888021,0.11287037396421587,0.06374247248184052,-0.36814886217918286,0.11287055673797053,24.333333333333332,0.8174723221703174
Hydrophone,Looped,H1,No Leak,Transient,NN,7,LO_NL_Transient_NN_H1,0.0006809889123417138,0.11357094322375047,-0.10774188828960578,-0.3944795181731653,0.11357298486273522,24.666666666666664,1.733852670064163
Hydrophone,Looped,H1,No Leak,Transient,NN,8,LO_NL_Transient_NN_H1,0.00047175706880214937,0.1175859236592827,0.014670384953352577,-0.35149143181922593,0.11758687000485483,24.666666666666664,0.9146233301479214
Hydrophone,Looped,H1,No Leak,Transient,NN,9,LO_NL_Transient_NN_H1,-0.0007189678334004138,0.12390972373054736,0.06703782360088847,-0.365859125844076,0.1239118095652147,24.666666666666664,1.5803890344588443
Hydrophone,Looped,H1,No Leak,Transient,NN,10,LO_NL_Transient_NN_H1,-0.0004523273803299589,0.14418911850331317,-0.029369664763872885,-0.5097614291412609,0.14418982798665614,24.333333333333332,1.1640427512282554
Hydrophone,Looped,H1,No Leak,Transient,NN,11,LO_NL_Transient_NN_H1,0.0005968385606407607,0.13659207290024541,0.02421375945582698,-0.2700312354035783,0.13659337683597045,24.0,1.1353023692518576
Hydrophone,Looped,H1,No Leak,Transient,NN,12,LO_NL_Transient_NN_H1,0.002551507889249481,0.1284017746125937,0.17203902689307676,1.4522965270325763,0.12842712297708847,24.333333333333332,4.776780580412815
Hydrophone,Looped,H1,No Leak,Transient,NN,13,LO_NL_Transient_NN_H1,0.00014355620444097994,0.18840889146529555,-0.30606468088342376,3.2002384081641013,0.18840894615586953,14.0,2.485306659380701
Hydrophone,Looped,H1,No Leak,Transient,NN,14,LO_NL_Transient_NN_H1,-0.002471280752665789,0.1616392036202711,-0.5124558717596874,6.996113174238406,0.16165809406136752,14.0,5.643070073900202
Hydrophone,Looped,H1,No Leak,Transient,NN,15,LO_NL_Transient_NN_H1,-0.0002574593139022754,0.02036867212006304,-0.03890178277434093,2.3554667783575427,0.02037029919350593,14.0,1.6329088979581206
Hydrophone,Looped,H1,No Leak,Transient,NN,16,LO_NL_Transient_NN_H1,-2.838575925931686e-05,0.008838098154893574,-0.08923069939622968,-0.3159818049134886,0.008838143738753173,58.666666666666664,2.8950318158458415
Hydrophone,Looped,H1,No Leak,Transient,NN,17,LO_NL_Transient_NN_H1,2.1021871207972867e-05,0.008522918259176313,0.10113495057761475,-0.21337418894204907,0.00852294418447464,58.666666666666664,3.0124427765035575
Hydrophone,Looped,H1,No Leak,Transient,NN,18,LO_NL_Transient_NN_H1,-2.5061259274552287e-05,0.008843685281565327,0.015183897358210968,-0.11685246928751658,0.0088437207908262,58.666666666666664,2.8332691109378523
Hydrophone,Looped,H1,No Leak,Transient,NN,19,LO_NL_Transient_NN_H1,2.0813595483668183e-05,0.008437423732580647,-0.0429312729204824,-0.23290147586302679,0.008437449404225906,58.666666666666664,2.8274897507864525
Hydrophone,Looped,H1,No Leak,Transient,NN,20,LO_NL_Transient_NN_H1,1.3519249924370952e-05,0.01059070978461215,-0.824611371431594,20.313056267858514,0.010590718413403224,58.666666666666664,10.343120761222442
Hydrophone,Looped,H1,No Leak,Transient,NN,21,LO_NL_Transient_NN_H1,-3.455932176671999e-05,0.018299991953548565,-0.20540777634402488,5.153168744728671,0.018300024585957888,24.666666666666664,2.5515612858037673
Hydrophone,Looped,H2,No Leak,Transient,NN,0,LO_NL_Transient_NN_H2,-0.00048392871963375656,0.24911325169002738,-0.08666289960049281,0.15661032341731884,0.2491137217308284,24.333333333333332,2.068616756660078
Hydrophone,Looped,H2,No Leak,Transient,NN,1,LO_NL_Transient_NN_H2,0.0017280868687351795,0.24220946491296194,-0.10715713761152611,0.16025904606621078,0.24221562950736525,24.666666666666664,3.677295220699824
Hydrophone,Looped,H2,No Leak,Transient,NN,2,LO_NL_Transient_NN_H2,0.0002614369180980637,0.24095215159200994,-0.07037908657988415,-0.1485416595540645,0.24095229342357605,25.0,1.874671528149226
Hydrophone,Looped,H2,No Leak,Transient,NN,3,LO_NL_Transient_NN_H2,-0.0005752859327804204,0.2444705229150905,-0.06455376590166713,-0.24993122589361905,0.24447119979310905,27.0,2.1240322121614095
Hydrophone,Looped,H2,No Leak,Transient,NN,4,LO_NL_Transient_NN_H2,0.0009910142308073558,0.2331344011983205,-0.07881668179098753,-0.28942361152966,0.2331365075043055,27.333333333333332,2.5539037014628168
Hydrophone,Looped,H2,No Leak,Transient,NN,5,LO_NL_Transient_NN_H2,-0.000860397675706942,0.2282481247405944,-0.051274739620459024,-0.14921322615736976,0.22824974640020587,27.0,2.2394817268654124
Hydrophone,Looped,H2,No Leak,Transient,NN,6,LO_NL_Transient_NN_H2,-0.001096989743396589,0.2193030821192605,-0.006059356312688688,-0.04837531816216334,0.21930582576280144,40.666666666666664,2.752778227183315
Hydrophone,Looped,H2,No Leak,Transient,NN,7,LO_NL_Transient_NN_H2,0.0012598001414043446,0.20810506929565134,0.03132001675982169,-0.09662087952456,0.20810888247007653,26.333333333333332,2.524775844266953
Hydrophone,Looped,H2,No Leak,Transient,NN,8,LO_NL_Transient_NN_H2,0.001567059158084236,0.21773552603570134,0.01073332517734157,-0.06466787710200084,0.21774116508471364,27.333333333333332,3.0749819387859714
Hydrophone,Looped,H2,No Leak,Transient,NN,9,LO_NL_Transient_NN_H2,-0.0008561005173530889,0.233023093377877,0.03868974658455706,-0.4221930857252274,0.23302466598085833,26.333333333333332,2.302304548887024
Hydrophone,Looped,H2,No Leak,Transient,NN,10,LO_NL_Transient_NN_H2,-0.001314613367833773,0.24991824422691766,-0.08750459472304567,-0.607808934243669,0.2499217017503125,24.333333333333332,3.1124547180207016
Hydrophone,Looped,H2,No Leak,Transient,NN,11,LO_NL_Transient_NN_H2,0.0008072103589591054,0.24305542866698368,-0.12549447104613415,-0.3967813272561931,0.24305676907474683,24.0,2.6284751069696335
Hydrophone,Looped,H2,No Leak,Transient,NN,12,LO_NL_Transient_NN_H2,0.0013714073140176227,0.25150162642136437,0.20270115347751522,3.2360954456152466,0.25150536545094315,27.0,4.192614443618266
Hydrophone,Looped,H2,No Leak,Transient,NN,13,LO_NL_Transient_NN_H2,-0.000878970534217773,0.37395669638724,-0.13168237021037796,2.0169139076458027,0.3739577293786805,27.0,3.7134595621920483
Hydrophone,Looped,H2,No Leak,Transient,NN,14,LO_NL_Transient_NN_H2,-0.0011651628719470423,0.3206956206329216,-0.3139630207985239,4.241652167921636,0.320697737281779,27.0,3.9675910106430528
Hydrophone,Looped,H2,No Leak,Transient,NN,15,LO_NL_Transient_NN_H2,0.0001892432288015701,0.04689807165981453,0.07787499436284859,0.06336164744424666,0.04689845347566107,58.666666666666664,2.79897044486801
Hydrophone,Looped,H2,No Leak,Transient,NN,16,LO_NL_Transient_NN_H2,-0.00013903668794290128,0.03866684620193966,0.00666737872178247,-1.1350984663472152,0.03866709617239248,58.666666666666664,2.800354355993483
Hydrophone,Looped,H2,No Leak,Transient,NN,17,LO_NL_Transient_NN_H2,6.473612431101005e-05,0.03889754707504836,0.0015886328141886783,-1.1022450675865751,0.03889760094429211,58.666666666666664,2.7800867815363475
Hydrophone,Looped,H2,No Leak,Transient,NN,18,LO_NL_Transient_NN_H2,0.00014589857803561874,0.03897278816946117,-0.022379598901722343,-1.1575874702318922,0.03897306126155303,58.666666666666664,2.8172167430991286
Hydrophone,Looped,H2,No Leak,Transient,NN,19,LO_NL_Transient_NN_H2,-2.7361496297304852e-05,0.03929618276122775,-0.006293948459557654,-1.2466973639436314,0.03929619228697982,58.666666666666664,2.809303155442775
Hydrophone,Looped,H2,No Leak,Transient,NN,20,LO_NL_Transient_NN_H2,-8.676429352150831e-05,0.03987075907295837,-0.0064471756484499555,-1.1937851551042529,0.03987085347840603,58.666666666666664,2.8029603679677093
Hydrophone,Looped,H2,No Leak,Transient,NN,21,LO_NL_Transient_NN_H2,-0.00014230616884176162,0.04501428656619643,-0.020324188172697717,-0.24079566241451555,0.04501451150583935,58.666666666666664,2.674928058006117
Hydrophone,Looped,H1,No Leak,Transient,N,0,LO_NL_Transient_N_H1,0.0002396595318769837,0.09858457662669351,-0.019211320638783988,0.1894996534521427,0.09858486793294204,24.333333333333332,0.5227704566754616
Hydrophone,Looped,H1,No Leak,Transient,N,1,LO_NL_Transient_N_H1,0.0009176760739132342,0.08870900557627796,0.13733797518851004,0.3561247040883968,0.08871375203264005,24.333333333333332,2.052433912485135
Hydrophone,Looped,H1,No Leak,Transient,N,2,LO_NL_Transient_N_H1,-8.743664408414926e-05,0.12080048554558248,0.00039374215461325973,0.0242446626984667,0.12080051718935317,24.666666666666664,0.43130922001610017
Hydrophone,Looped,H1,No Leak,Transient,N,3,LO_NL_Transient_N_H1,-0.0009102467425221653,0.1278633022849788,-0.016758469769959733,-0.3678456898996809,0.12786654222411792,24.333333333333332,1.6026932459029022
Hydrophone,Looped,H1,No Leak,Transient,N,4,LO_NL_Transient_N_H1,-0.0003062173289185981,0.1085940704055945,0.10178757250115532,-0.5293270181245395,0.10859450214586255,34.666666666666664,1.6176470238529992
Hydrophone,Looped,H1,No Leak,Transient,N,5,LO_NL_Transient_N_H1,0.0007623343866941226,0.11842728958996189,0.04642504193029388,0.145755262438529,0.11842974319545674,24.333333333333332,1.3721889972564962
Hydrophone,Looped,H1,No Leak,Transient,N,6,LO_NL_Transient_N_H1,0.0006713231900289486,0.12774475027660012,-0.012051830432084881,0.05725147388890672,0.1277465142305511,24.333333333333332,1.1624173153887163
Hydrophone,Looped,H1,No Leak,Transient,N,7,LO_NL_Transient_N_H1,-0.0001631164106016015,0.15808613487678033,-0.006536574090883984,0.12293770556259709,0.1580862190301324,24.333333333333332,0.7964639976530506
Hydrophone,Looped,H1,No Leak,Transient,N,8,LO_NL_Transient_N_H1,-0.00038372670818213493,0.17325946909885642,-0.036695172711832126,-0.0663907664399348,0.17325989402802988,24.333333333333332,1.1881838797351607
Hydrophone,Looped,H1,No Leak,Transient,N,9,LO_NL_Transient_N_H1,0.00015351227436755598,0.16638634553404988,-0.045706792268728244,-0.09103349670867944,0.16638641635119922,24.333333333333332,0.982089577210108
Hydrophone,Looped,H1,No Leak,Transient,N,10,LO_NL_Transient_N_H1,0.0006367094551082166,0.17144735833026067,-0.012436804243444288,0.808067073664831,0.17144854061016393,24.333333333333332,1.4578095788792718
Hydrophone,Looped,H1,No Leak,Transient,N,11,LO_NL_Transient_N_H1,-0.00029527635273345586,0.14390865917114518,-0.055044681971585546,2.876023342219729,0.1439089620995208,24.666666666666664,1.8805407301711101
Hydrophone,Looped,H1,No Leak,Transient,N,12,LO_NL_Transient_N_H1,-0.0005063270811743396,0.07791708606121264,-0.41932922781055515,7.940363389849832,0.07791873117154531,24.666666666666664,5.719172594739754
Hydrophone,Looped,H1,No Leak,Transient,N,13,LO_NL_Transient_N_H1,0.00019528395973981362,0.04255444222487022,-0.1627279792068883,10.25897224820491,0.042554890305283935,25.0,6.3544542000036
Hydrophone,Looped,H1,No Leak,Transient,N,14,LO_NL_Transient_N_H1,3.418244998144637e-05,0.0469077352096005,-0.14440356192872886,6.514088016734011,0.04690774766425992,24.666666666666664,3.8958989145351257
Hydrophone,Looped,H1,No Leak,Transient,N,15,LO_NL_Transient_N_H1,-0.00016861135833754758,0.022585853269547696,-0.2651331651048269,7.170782383245491,0.022586482632399818,24.666666666666664,4.545433489455457
Hydrophone,Looped,H1,No Leak,Transient,N,16,LO_NL_Transient_N_H1,0.00010436593662133921,0.035427362765240104,0.14859845119875387,4.632034692049575,0.03542751649140323,24.666666666666664,3.2721102228434704
Hydrophone,Looped,H1,No Leak,Transient,N,17,LO_NL_Transient_N_H1,-0.00018007894182001105,0.04263517672570138,0.11261861804606756,1.441860400598447,0.04263555702529376,24.666666666666664,1.6081674361567024
Hydrophone,Looped,H1,No Leak,Transient,N,18,LO_NL_Transient_N_H1,-0.0003169451975478754,0.04879778852719236,0.2847153712974637,3.554162056670714,0.0487988178074309,24.666666666666664,3.6374765208052917
Hydrophone,Looped,H1,No Leak,Transient,N,19,LO_NL_Transient_N_H1,0.00017350226180366042,0.04683580799560818,0.2740584630741899,4.4788650520958075,0.04683612936223836,24.333333333333332,3.968415385573343
Hydrophone,Looped,H1,No Leak,Transient,N,20,LO_NL_Transient_N_H1,0.0002756289978459917,0.037682246802217885,0.22307588045207227,2.5099024883423127,0.037683254840946444,24.333333333333332,2.805435953521757
Hydrophone,Looped,H1,No Leak,Transient,N,21,LO_NL_Transient_N_H1,-0.00023604293836707035,0.0645517376430605,0.17579872455891227,1.9042127926383694,0.06455216920450674,24.333333333333332,2.129279398433367
Hydrophone,Looped,H1,No Leak,Transient,N,22,LO_NL_Transient_N_H1,-0.000154446191429083,0.10051048543115801,0.041356475784160525,0.4065551993913745,0.10051060409346405,24.666666666666664,0.5918896459069041
Hydrophone,Looped,H2,No Leak,Transient,N,0,LO_NL_Transient_N_H2,-0.001048852998644326,0.16476618154385497,0.0884052559245617,-0.026679922213697527,0.16476951985472113,13.666666666666666,2.111300501409631
Hydrophone,Looped,H2,No Leak,Transient,N,1,LO_NL_Transient_N_H2,0.00043475191700482053,0.16008151816526914,-0.09392024047233379,0.3121330548108934,0.16008210851724414,27.0,1.3411316710256076
Hydrophone,Looped,H2,No Leak,Transient,N,2,LO_NL_Transient_N_H2,0.0001951612615357927,0.1858304640316077,-0.10142579653743317,-0.30588601030124885,0.18583056651186491,24.666666666666664,1.5014536441609212
Hydrophone,Looped,H2,No Leak,Transient,N,3,LO_NL_Transient_N_H2,0.000211409896023585,0.19175031414069874,0.005474308065961467,-0.4528276546797576,0.19175043068322112,24.333333333333332,1.2945856861953957
Hydrophone,Looped,H2,No Leak,Transient,N,4,LO_NL_Transient_N_H2,0.0006082257268874517,0.16958461189434076,-0.0010444436862573892,-0.15852643434795866,0.16958570261047665,34.666666666666664,1.6737774469329687
Hydrophone,Looped,H2,No Leak,Transient,N,5,LO_NL_Transient_N_H2,0.00019598889444172118,0.17727661726700503,-0.08151579482455133,-0.04248354973189494,0.1772767256051367,24.333333333333332,1.2667765154698616
Hydrophone,Looped,H2,No Leak,Transient,N,6,LO_NL_Transient_N_H2,-0.0011964118502890944,0.19877956266686833,-0.15104304069439423,-0.008747736079166124,0.19878316310831495,24.333333333333332,2.697016554869064
Hydrophone,Looped,H2,No Leak,Transient,N,7,LO_NL_Transient_N_H2,-0.00021082840255194993,0.22878249889829708,-0.06967173216790715,0.35092535408935754,0.2287825960399187,24.333333333333332,1.9008398406087441
Hydrophone,Looped,H2,No Leak,Transient,N,8,LO_NL_Transient_N_H2,-0.00015614956539093563,0.24133872192630326,0.021992979549957423,0.12828938082613428,0.24133877244178628,24.333333333333332,1.9685233218113758
Hydrophone,Looped,H2,No Leak,Transient,N,9,LO_NL_Transient_N_H2,0.0004498609850673794,0.24663864965742177,0.043470764993733056,-0.020870146307928827,0.24663905992308338,24.333333333333332,2.154970913724619
Hydrophone,Looped,H2,No Leak,Transient,N,10,LO_NL_Transient_N_H2,0.000717092232911155,0.31867379090114567,-0.05994768500386702,1.6430379035272562,0.31867459771462425,24.333333333333332,3.6242611136033687
Hydrophone,Looped,H2,No Leak,Transient,N,11,LO_NL_Transient_N_H2,-0.00029038767536598685,0.28264712841877854,-0.06717868329341262,3.7228827727915705,0.2826472775888413,24.666666666666664,3.8658339285923593
Hydrophone,Looped,H2,No Leak,Transient,N,12,LO_NL_Transient_N_H2,3.1458784296729548e-06,0.11517427524016663,0.43815470119200406,8.03797754024358,0.11517427528313001,24.666666666666664,7.035930086924581
Hydrophone,Looped,H2,No Leak,Transient,N,13,LO_NL_Transient_N_H2,-6.116115355138534e-05,0.08960104197076828,-0.07320912553004767,8.111951762554547,0.08960106284489087,59.0,5.361072574133538
Hydrophone,Looped,H2,No Leak,Transient,N,14,LO_NL_Transient_N_H2,0.0001692951039317383,0.09530475245525051,-0.030519159241108144,6.183809558011841,0.09530490281926106,41.666666666666664,3.8670865816178073
Hydrophone,Looped,H2,No Leak,Transient,N,15,LO_NL_Transient_N_H2,-1.0588658628991609e-05,0.05563225647260759,0.17508037881009822,2.163845329658976,0.05563225748029358,59.0,3.2790141289610135
Hydrophone,Looped,H2,No Leak,Transient,N,16,LO_NL_Transient_N_H2,6.101370062440997e-05,0.06532618966738765,0.016993021899687096,1.7410585975970267,0.06532621816033107,59.0,2.670498548210951
Hydrophone,Looped,H2,No Leak,Transient,N,17,LO_NL_Transient_N_H2,-7.262911673302704e-05,0.07795949132443084,0.03910962262686519,0.842922905602622,0.07795952515602314,24.666666666666664,0.6878473546100596
Hydrophone,Looped,H2,No Leak,Transient,N,18,LO_NL_Transient_N_H2,-0.000263699544922991,0.08778852069648979,-0.11642491251551097,2.6717417751737917,0.08778891674652337,59.0,2.925954283555691
Hydrophone,Looped,H2,No Leak,Transient,N,19,LO_NL_Transient_N_H2,8.425695137883127e-05,0.0840737519168607,-0.12781294367891954,3.1258905440380165,0.08407379413712511,59.0,3.017999771854873
Hydrophone,Looped,H2,No Leak,Transient,N,20,LO_NL_Transient_N_H2,-8.205230518826616e-05,0.07758533708738226,-0.08960913085123656,0.7179592909896044,0.07758538047559939,59.0,2.7332548751214087
Hydrophone,Looped,H2,No Leak,Transient,N,21,LO_NL_Transient_N_H2,-4.016944955160621e-05,0.11583073745484428,-0.05714582178704325,0.6853429582942501,0.11583074442011387,42.0,1.4972264727067401
Hydrophone,Looped,H2,No Leak,Transient,N,22,LO_NL_Transient_N_H2,-9.657946231288543e-05,0.15654835098121148,-0.035965129615386005,-0.0850511679168493,0.15654838077261965,24.666666666666664,0.8294796625777876
Hydrophone,Looped,H1,Orifice Leak,0.18 LPS,N,0,LO_OL_0.18 LPS_N_H1,0.00015109612630390714,0.12766778310298077,-0.06347369508697744,-0.20587570688967993,0.12766787251485445,10.333333333333332,1.0789327124265327
Hydrophone,Looped,H1,Orifice Leak,0.18 LPS,N,1,LO_OL_0.18 LPS_N_H1,0.0011027456983277977,0.11819049529735216,-0.17728605532050898,0.3968012130021612,0.11819563962646257,9.666666666666666,2.507671011736855
Hydrophone,Looped,H1,Orifice Leak,0.18 LPS,N,2,LO_OL_0.18 LPS_N_H1,0.0005216763436631609,0.12876940565281222,0.09910791741777912,0.4045919848096222,0.12877046236767983,10.0,1.6119037546292705
Hydrophone,Looped,H1,Orifice Leak,0.18 LPS,N,3,LO_OL_0.18 LPS_N_H1,-0.0006001864049479241,0.15488156760191832,0.06119665998099555,-0.17025153195035836,0.1548827304981039,10.0,1.529563467090612
Hydrophone,Looped,H1,Orifice Leak,0.18 LPS,N,4,LO_OL_0.18 LPS_N_H1,-0.00014518096731516887,0.14470496998620944,-0.07013970262274606,0.05310930069459907,0.14470504281545632,9.666666666666666,1.1473568650197394
Hydrophone,Looped,H1,Orifice Leak,0.18 LPS,N,5,LO_OL_0.18 LPS_N_H1,0.00034935823567220275,0.11607160350534985,-0.08421074698876269,0.39960629374779844,0.11607212926228233,9.666666666666666,1.2575094393025414
Hydrophone,Looped,H1,Orifice Leak,0.18 LPS,N,6,LO_OL_0.18 LPS_N_H1,-0.0011409422804790248,0.12766790668669586,0.021531073292650478,0.27459241690353897,0.12767300477019514,10.0,2.0445554387197573
Hydrophone,Looped,H1,Orifice Leak,0.18 LPS,N,7,LO_OL_0.18 LPS_N_H1,5.0953963466996504e-05,0.1351127582940495,0.09171908738139976,0.14706753452558807,0.1351127679019738,10.333333333333332,1.2833757582009822
Hydrophone,Looped,H1,Orifice Leak,0.18 LPS,N,8,LO_OL_0.18 LPS_N_H1,0.0007098802031628005,0.11916135708834225,0.07931640039398671,0.1757624641187414,0.11916347155499564,58.666666666666664,3.0292120145932966
Hydrophone,Looped,H1,Orifice Leak,0.18 LPS,N,9,LO_OL_0.18 LPS_N_H1,-0.00045636877639837,0.14096412959452012,0.09834920552147362,0.012364546909970464,0.14096486833534352,10.0,1.5245304201854468
Hydrophone,Looped,H1,Orifice Leak,0.18 LPS,N,10,LO_OL_0.18 LPS_N_H1,-0.0009073893824168964,0.15232999331298575,0.11301200864364729,-0.27595234888611264,0.15233269582799883,10.0,2.0698903082141795
Hydrophone,Looped,H1,Orifice Leak,0.18 LPS,N,11,LO_OL_0.18 LPS_N_H1,-0.00033011168276884744,0.13735161879498384,0.1251683983451192,-0.014849800108803102,0.13735201549058412,10.0,1.602682723741165
Hydrophone,Looped,H1,Orifice Leak,0.18 LPS,N,12,LO_OL_0.18 LPS_N_H1,0.0008384178980767093,0.12788273783102785,-0.00018872489833381668,0.11952007284332211,0.12788548619656268,10.0,1.6427762114615851
Hydrophone,Looped,H1,Orifice Leak,0.18 LPS,N,13,LO_OL_0.18 LPS_N_H1,0.0009908503415249409,0.12118229783469507,0.004699368813133401,-0.13059492268779227,0.12118634862432336,10.333333333333332,1.8544042617344847
Hydrophone,Looped,H1,Orifice Leak,0.18 LPS,N,14,LO_OL_0.18 LPS_N_H1,0.00044419859783049044,0.12422299800005339,0.03108172527529006,-0.2356649562327804,0.1242237921837664,10.0,1.2370927555534632
Hydrophone,Looped,H1,Orifice Leak,0.18 LPS,N,15,LO_OL_0.18 LPS_N_H1,-0.0009807083066018525,0.11919833784636152,-0.04752946111447909,-0.2670914845034962,0.11920237218326647,9.666666666666666,1.8709122117323127
Hydrophone,Looped,H1,Orifice Leak,0.18 LPS,N,16,LO_OL_0.18 LPS_N_H1,0.00017040253971011351,0.11358739234499925,-0.0013637557849508419,0.021916417798659715,0.11358752016292252,9.666666666666666,0.9702064151390062
Hydrophone,Looped,H1,Orifice Leak,0.18 LPS,N,17,LO_OL_0.18 LPS_N_H1,0.00017233364050582548,0.12283352400210851,-0.08677372513647696,0.13083560831199126,0.12283364489283959,9.666666666666666,1.1800051537555676
Hydrophone,Looped,H1,Orifice Leak,0.18 LPS,N,18,LO_OL_0.18 LPS_N_H1,-0.000394415343938904,0.14218456806780647,-0.15921980191920163,0.10105214631486614,0.1421851151143896,9.666666666666666,1.775711714827872
Hydrophone,Looped,H1,Orifice Leak,0.18 LPS,N,19,LO_OL_0.18 LPS_N_H1,-0.00011973492538802806,0.14242874510990092,-0.13856566601106032,-0.08097506085789341,0.14242879543839962,9.666666666666666,1.5469506101918207
Hydrophone,Looped,H1,Orifice Leak,0.18 LPS,N,20,LO_OL_0.18 LPS_N_H1,-0.00039654508527699406,0.1330018234382867,-0.013454665251969035,-0.15253212526530735,0.13300241458678053,9.666666666666666,1.1351078547490048
Hydrophone,Looped,H1,Orifice Leak,0.18 LPS,N,21,LO_OL_0.18 LPS_N_H1,-5.796177720556598e-05,0.14907361457233023,0.21131068523426455,-0.4013628958887465,0.14907362584047953,10.0,2.196844557004601
Hydrophone,Looped,H1,Orifice Leak,0.18 LPS,N,22,LO_OL_0.18 LPS_N_H1,0.0008758196966092877,0.14288534428292218,0.22219175656951326,-0.4974179134022556,0.1428880284383201,10.333333333333332,2.6790615897850856
Hydrophone,Looped,H2,Orifice Leak,0.18 LPS,N,0,LO_OL_0.18 LPS_N_H2,-7.645740115329014e-05,0.08357627802968437,0.1299567631194199,-0.6960140653886855,0.08357631300212574,9.666666666666666,1.76070920640715
Hydrophone,Looped,H2,Orifice Leak,0.18 LPS,N,1,LO_OL_0.18 LPS_N_H2,-0.00111113014607253,0.06490544473662806,0.11493251955665701,0.15256589355064287,0.06491495487683088,9.666666666666666,2.4180342220834605
Hydrophone,Looped,H2,Orifice Leak,0.18 LPS,N,2,LO_OL_0.18 LPS_N_H2,-0.0002910307173374156,0.0862407460850732,-0.009937874963442415,0.05850956429013987,0.08624123714435283,10.0,1.1047652807883621
Hydrophone,Looped,H2,Orifice Leak,0.18 LPS,N,3,LO_OL_0.18 LPS_N_H2,0.000589336060479116,0.12567713471172934,-0.007770226277276633,-1.1297663211599402,0.12567851648687753,10.0,1.5941723668508458
Hydrophone,Looped,H2,Orifice Leak,0.18 LPS,N,4,LO_OL_0.18 LPS_N_H2,0.0001664158883627446,0.10433848177662197,-0.005905811193455524,-0.34476908840304965,0.10433861449002653,9.666666666666666,1.0702866730426077
Hydrophone,Looped,H2,Orifice Leak,0.18 LPS,N,5,LO_OL_0.18 LPS_N_H2,-0.00040528410745788174,0.05315900932542058,-0.1956533021943724,-0.4865068220628803,0.05316055424530402,9.666666666666666,2.355592257356935
Hydrophone,Looped,H2,Orifice Leak,0.18 LPS,N,6,LO_OL_0.18 LPS_N_H2,0.0006944745972932592,0.08267754261178496,-0.020087180853560867,-0.03893193975460907,0.08268045928325388,10.0,1.5727842323946184
Hydrophone,Looped,H2,Orifice Leak,0.18 LPS,N,7,LO_OL_0.18 LPS_N_H2,-0.00033973814120603836,0.08776986690661011,0.014883444496055831,-0.4820708936599325,0.08777052443052076,10.333333333333332,1.2632396595663995
Hydrophone,Looped,H2,Orifice Leak,0.18 LPS,N,8,LO_OL_0.18 LPS_N_H2,-0.0004432391470748751,0.056658229107251185,0.029705058340244835,-0.49021852521007325,0.05665996281777164,10.333333333333332,1.6144066492882365
Hydrophone,Looped,H2,Orifice Leak,0.18 LPS,N,9,LO_OL_0.18 LPS_N_H2,0.0008162662487381637,0.10211921940722599,0.08293961995881201,-0.30551137484241675,0.10212248167240155,10.0,1.8630963455375062
Hydrophone,Looped,H2,Orifice Leak,0.18 LPS,N,10,LO_OL_0.18 LPS_N_H2,0.0009189475043416839,0.12499080094431583,0.0480595301724657,-1.1669974919870847,0.12499417900533337,10.0,2.0109039466079914
Hydrophone,Looped,H2,Orifice Leak,0.18 LPS,N,11,LO_OL_0.18 LPS_N_H2,0.00037633178921579773,0.09748048587911423,0.00559129500601928,-0.6576712345046722,0.09748121230700697,10.0,1.32302402882727
Hydrophone,Looped,H2,Orifice Leak,0.18 LPS,N,12,LO_OL_0.18 LPS_N_H2,-0.0011101576957563775,0.07330140945109213,-0.0694190839954309,-0.3010331534710664,0.07330981569766838,10.0,2.2076753951533865
Hydrophone,Looped,H2,Orifice Leak,0.18 LPS,N,13,LO_OL_0.18 LPS_N_H2,-0.0014329153391451452,0.06914093573029555,-0.00918690240925401,-0.5989097302534407,0.0691557824048721,10.333333333333332,2.647323144213206
Hydrophone,Looped,H2,Orifice Leak,0.18 LPS,N,14,LO_OL_0.18 LPS_N_H2,-0.00010306175698171864,0.07965985234560981,-0.1270303742680674,-0.9258812144924287,0.07965991901483524,10.0,1.8204727157078695
Hydrophone,Looped,H2,Orifice Leak,0.18 LPS,N,15,LO_OL_0.18 LPS_N_H2,0.0012601664045686354,0.07580721772853523,-0.23453038739073778,-0.837566672767569,0.07581769106949082,9.666666666666666,3.273069039905254
Hydrophone,Looped,H2,Orifice Leak,0.18 LPS,N,16,LO_OL_0.18 LPS_N_H2,-0.00041767480156055365,0.05788751483789724,-0.16590813416597208,-0.8446849969961625,0.05788902163923339,9.666666666666666,2.2627482570865984
Hydrophone,Looped,H2,Orifice Leak,0.18 LPS,N,17,LO_OL_0.18 LPS_N_H2,0.00013323951794983675,0.06167783453762189,-0.00361999923939074,-0.17789947838297904,0.061677978452762273,9.666666666666666,1.3341213831445207
Hydrophone,Looped,H2,Orifice Leak,0.18 LPS,N,18,LO_OL_0.18 LPS_N_H2,0.00047529353613942935,0.09184761194675742,-0.11778898657315436,-0.5773478806946248,0.09184884171434952,9.666666666666666,1.7591641306370438
Hydrophone,Looped,H2,Orifice Leak,0.18 LPS,N,19,LO_OL_0.18 LPS_N_H2,-0.0004430796087038563,0.10087079845712629,-0.09774524925366194,-1.0337942166065435,0.10087177157618399,9.666666666666666,1.7444925948329102
Hydrophone,Looped,H2,Orifice Leak,0.18 LPS,N,20,LO_OL_0.18 LPS_N_H2,0.0005503847915575207,0.097261576759495,0.051542533721601634,-0.40490399193034277,0.09726313400853333,9.666666666666666,1.5097346929279996
Hydrophone,Looped,H2,Orifice Leak,0.18 LPS,N,21,LO_OL_0.18 LPS_N_H2,0.0005431299018011802,0.12307302645496206,0.05331713791048158,-0.4431098303596581,0.12307422488431126,10.0,1.431441091109975
Hydrophone,Looped,H2,Orifice Leak,0.18 LPS,N,22,LO_OL_0.18 LPS_N_H2,-0.0008687604506141113,0.11354577495718146,0.015150644392195768,-0.24365665061537056,0.1135490984347628,10.333333333333332,1.6711885161146425
Hydrophone,Looped,H1,Orifice Leak,0.47 LPS,N,0,LO_OL_0.47 LPS_N_H1,0.0004419231411154002,0.13295906617341505,0.2273015106465407,0.19211194205446258,0.13295980059314624,58.666666666666664,3.5308518651758423
Hydrophone,Looped,H1,Orifice Leak,0.47 LPS,N,1,LO_OL_0.47 LPS_N_H1,0.0007384006823536898,0.12741183762430774,-0.02698909475674902,0.19915446290534833,0.12741397726454765,58.666666666666664,2.962324453689961
Hydrophone,Looped,H1,Orifice Leak,0.47 LPS,N,2,LO_OL_0.47 LPS_N_H1,-0.0008043418251415551,0.13802423520318544,-0.005403163521191455,0.07179095441715022,0.13802657885058198,25.0,1.404665559161884
Hydrophone,Looped,H1,Orifice Leak,0.47 LPS,N,3,LO_OL_0.47 LPS_N_H1,-0.0015601435147125384,0.1387255819071913,0.07249307718135521,-0.15112435911800137,0.13873435451709626,24.666666666666664,2.6849489319197377
Hydrophone,Looped,H1,Orifice Leak,0.47 LPS,N,4,LO_OL_0.47 LPS_N_H1,0.00035861884185473545,0.12582635832592445,0.18712058192921902,-0.09773918432448081,0.12582686937628892,24.333333333333332,1.9034285311550696
Hydrophone,Looped,H1,Orifice Leak,0.47 LPS,N,5,LO_OL_0.47 LPS_N_H1,0.00043700520019210467,0.13338981198814104,0.23548510057359717,0.2564573446768561,0.13339052783378813,24.666666666666664,2.369974774706005
Hydrophone,Looped,H1,Orifice Leak,0.47 LPS,N,6,LO_OL_0.47 LPS_N_H1,-2.4574360681418308e-05,0.13671197342844224,0.11695170083119749,0.13597887337940895,0.13671197563709733,24.333333333333332,1.2334744564967282
Hydrophone,Looped,H1,Orifice Leak,0.47 LPS,N,7,LO_OL_0.47 LPS_N_H1,0.0007889294296033036,0.12308885324039832,-0.08112139633801867,-0.10662253736927418,0.12309138150854108,24.333333333333332,1.515383986925706
Hydrophone,Looped,H1,Orifice Leak,0.47 LPS,N,8,LO_OL_0.47 LPS_N_H1,0.00040379035439256516,0.12751526983174974,-0.002180827856734433,-0.2545229098803663,0.1275159091522083,24.0,0.8544956177599291
Hydrophone,Looped,H1,Orifice Leak,0.47 LPS,N,9,LO_OL_0.47 LPS_N_H1,-0.0006188384555104704,0.14494267925126686,0.09714379720420517,0.06058904073837912,0.14494400032277863,23.666666666666664,1.4907458843251178
Hydrophone,Looped,H1,Orifice Leak,0.47 LPS,N,10,LO_OL_0.47 LPS_N_H1,-0.0009799264864607555,0.14489867167518064,0.018756691476210435,0.27001318206232217,0.14490198518015776,9.666666666666666,1.866297071287986
Hydrophone,Looped,H1,Orifice Leak,0.47 LPS,N,11,LO_OL_0.47 LPS_N_H1,-3.323211261852628e-05,0.13033017154961413,-0.11627974597361512,0.026408575482081087,0.1303301757864431,9.666666666666666,1.3416191473731298
Hydrophone,Looped,H1,Orifice Leak,0.47 LPS,N,12,LO_OL_0.47 LPS_N_H1,0.0005309144511740365,0.1265545805737686,-0.05469420926835897,-0.11459860511493991,0.12655569419965645,58.666666666666664,2.9230618292097033
Hydrophone,Looped,H1,Orifice Leak,0.47 LPS,N,13,LO_OL_0.47 LPS_N_H1,-0.00018969306888174655,0.13570527422432316,-0.03740689608528093,-0.16980125312857508,0.13570540680370524,58.33333333333333,2.8217926547057615
Hydrophone,Looped,H1,Orifice Leak,0.47 LPS,N,14,LO_OL_0.47 LPS_N_H1,-6.167674955435479e-05,0.15349463506016073,0.008755198757927157,-0.33445556947582933,0.15349464745154262,58.33333333333333,2.8768092404742354
Hydrophone,Looped,H1,Orifice Leak,0.47 LPS,N,15,LO_OL_0.47 LPS_N_H1,0.0001949709834525851,0.14127424209214506,0.095552946075404,-0.10621452703441348,0.1412743766307054,33.0,1.4130183063737431
Hydrophone,Looped,H1,Orifice Leak,0.47 LPS,N,16,LO_OL_0.47 LPS_N_H1,0.0006458212664032996,0.1358879794131664,-0.111436454602042,0.1818090457737047,0.13588951406970767,24.0,1.4636751845424278
Hydrophone,Looped,H1,Orifice Leak,0.47 LPS,N,17,LO_OL_0.47 LPS_N_H1,-0.00047541656531624796,0.14613680719232808,-0.12111212001668796,-0.0022758250146384107,0.14613758050986833,24.333333333333332,1.42853275240445
Hydrophone,Looped,H1,Orifice Leak,0.47 LPS,N,18,LO_OL_0.47 LPS_N_H1,-0.00019428248120730512,0.13328580935411016,-0.06062807161902352,0.01518071451913272,0.13328595095081366,24.0,0.7383662421611964
Hydrophone,Looped,H1,Orifice Leak,0.47 LPS,N,19,LO_OL_0.47 LPS_N_H1,0.0011858663070846906,0.13426954464266094,-0.06303663383988045,0.03355175530017318,0.13427478131594853,23.666666666666664,2.031434846974123
Hydrophone,Looped,H1,Orifice Leak,0.47 LPS,N,20,LO_OL_0.47 LPS_N_H1,-0.0006424241849332688,0.1495614476125785,0.008021973080962367,-0.2222924815311087,0.14956282733621828,9.666666666666666,1.4505370916080127
Hydrophone,Looped,H1,Orifice Leak,0.47 LPS,N,21,LO_OL_0.47 LPS_N_H1,-0.00024191353754483513,0.14577007125697913,0.00884995561278655,-0.2619976576365626,0.14577027199132345,9.666666666666666,1.0843729796770547
Hydrophone,Looped,H1,Orifice Leak,0.47 LPS,N,22,LO_OL_0.47 LPS_N_H1,-0.00021155556882823385,0.1359032803923894,-0.04343294471684472,-0.0758578056766881,0.13590344505262222,9.666666666666666,1.0527754478601539
Hydrophone,Looped,H2,Orifice Leak,0.47 LPS,N,0,LO_OL_0.47 LPS_N_H2,-2.496489008030456e-05,0.06993562831132209,0.05154738841939645,0.11800884761363362,0.06993563276717481,9.666666666666666,1.2957182962997553
Hydrophone,Looped,H2,Orifice Leak,0.47 LPS,N,1,LO_OL_0.47 LPS_N_H2,-0.0006452096479824733,0.04722786372833419,-0.20063636443892632,0.6482052361899586,0.04723227083077791,10.0,2.3264749478768265
Hydrophone,Looped,H2,Orifice Leak,0.47 LPS,N,2,LO_OL_0.47 LPS_N_H2,0.000859496802018372,0.06838566749994791,-0.3175882098249437,-0.6948283740203527,0.06839106852627842,9.666666666666666,3.4809812999521155
Hydrophone,Looped,H2,Orifice Leak,0.47 LPS,N,3,LO_OL_0.47 LPS_N_H2,0.0008741904050038499,0.06627052041504564,-0.2996451104307069,-0.8163114937775244,0.06627628599239083,9.666666666666666,3.3996147589469943
Hydrophone,Looped,H2,Orifice Leak,0.47 LPS,N,4,LO_OL_0.47 LPS_N_H2,-0.0007430192344896339,0.05147866990230956,0.13598725013284346,-0.7721628859432057,0.05148403182049531,10.0,2.347926304361657
Hydrophone,Looped,H2,Orifice Leak,0.47 LPS,N,5,LO_OL_0.47 LPS_N_H2,8.507204571597312e-05,0.055202657297957265,0.1976425478948407,-0.6284754978500038,0.05520272284959027,10.0,2.3767749850982796
Hydrophone,Looped,H2,Orifice Leak,0.47 LPS,N,6,LO_OL_0.47 LPS_N_H2,0.0001841677468974489,0.0649721066371497,0.03473478984805909,-0.7422799946979519,0.06497236765447408,10.0,1.5331354482142399
Hydrophone,Looped,H2,Orifice Leak,0.47 LPS,N,7,LO_OL_0.47 LPS_N_H2,-0.0010218428660298028,0.0584117207340283,-0.08895977036932556,-0.23871247857459865,0.05842065800684692,9.333333333333332,2.237534137630879
Hydrophone,Looped,H2,Orifice Leak,0.47 LPS,N,8,LO_OL_0.47 LPS_N_H2,-0.00025028637072931363,0.04360087521806251,-0.2911699934430002,0.2629488440112562,0.043601593583817905,9.666666666666666,2.88934550913472
Hydrophone,Looped,H2,Orifice Leak,0.47 LPS,N,9,LO_OL_0.47 LPS_N_H2,0.0007351758191551272,0.06508912757903837,-0.07885257031468741,-0.4015762534901999,0.0650932793188775,9.333333333333332,1.942754453825465
Hydrophone,Looped,H2,Orifice Leak,0.47 LPS,N,10,LO_OL_0.47 LPS_N_H2,0.0003757374705898891,0.07892598481378343,-0.08617483575632814,-0.9818124974504152,0.078926879182395,9.666666666666666,1.7684824173544895
Hydrophone,Looped,H2,Orifice Leak,0.47 LPS,N,11,LO_OL_0.47 LPS_N_H2,-0.00027326874040525145,0.06089949292426011,-0.08285619183380004,-0.12370392676459119,0.0609001060281219,9.666666666666666,1.513267709670088
Hydrophone,Looped,H2,Orifice Leak,0.47 LPS,N,12,LO_OL_0.47 LPS_N_H2,-2.569274217450997e-05,0.04451781133281655,-0.10380686407903311,-0.5030926943738492,0.04451781874689336,9.666666666666666,1.8242779440810133
Hydrophone,Looped,H2,Orifice Leak,0.47 LPS,N,13,LO_OL_0.47 LPS_N_H2,0.0003050907716652474,0.05208222045660231,0.06991752192500265,-0.5996570431247101,0.05208311403966817,10.0,1.7587360748151546
Hydrophone,Looped,H2,Orifice Leak,0.47 LPS,N,14,LO_OL_0.47 LPS_N_H2,-0.0005107881171095189,0.06312965349021434,0.206977914121937,-0.7759468394249529,0.06313171987436357,9.666666666666666,2.5424516871789447
Hydrophone,Looped,H2,Orifice Leak,0.47 LPS,N,15,LO_OL_0.47 LPS_N_H2,-3.435654435911836e-05,0.05754098462642474,0.19087711836310525,-0.366541463505651,0.057540994883218594,9.666666666666666,2.2778850128393047
Hydrophone,Looped,H2,Orifice Leak,0.47 LPS,N,16,LO_OL_0.47 LPS_N_H2,0.0001286221120147295,0.04745461488868199,0.07757580664085503,-0.23483742093267423,0.04745478919857107,9.666666666666666,1.6913963308957072
Hydrophone,Looped,H2,Orifice Leak,0.47 LPS,N,17,LO_OL_0.47 LPS_N_H2,0.00021311363011935444,0.06349899344407146,0.012544088752864634,-0.6929330517745673,0.06349935106620833,9.666666666666666,1.5217300626059114
Hydrophone,Looped,H2,Orifice Leak,0.47 LPS,N,18,LO_OL_0.47 LPS_N_H2,1.729705043857262e-05,0.059864166936840754,0.020328354782247208,-0.4798632166940737,0.05986416943573084,10.0,1.428651718972841
Hydrophone,Looped,H2,Orifice Leak,0.47 LPS,N,19,LO_OL_0.47 LPS_N_H2,-0.0011682587008731888,0.07166429380690374,-0.0020708428036846035,0.44656436475049777,0.07167381554817902,10.0,2.1446996273162395
Hydrophone,Looped,H2,Orifice Leak,0.47 LPS,N,20,LO_OL_0.47 LPS_N_H2,0.0006998792930459463,0.09766484072582857,0.07532163220979242,-0.8438767425290097,0.0976673484078804,9.666666666666666,1.8363409584886918
Hydrophone,Looped,H2,Orifice Leak,0.47 LPS,N,21,LO_OL_0.47 LPS_N_H2,0.0004447257905289388,0.08414678101634354,0.1522247437060824,-0.5060343600450459,0.08414795622260372,9.666666666666666,2.0081792687225835
Hydrophone,Looped,H2,Orifice Leak,0.47 LPS,N,22,LO_OL_0.47 LPS_N_H2,0.0002421806123798301,0.06942103095917881,-0.19683290096767558,-0.20940654021977467,0.06942145339075145,9.666666666666666,2.1493853963591687
Hydrophone,Looped,H1,Orifice Leak,ND,NN,0,LO_OL_ND_NN_H1,-0.0011388219413322,0.11643362364001297,-0.028825252547061867,-0.06231704017157336,0.11643919284054766,59.0,3.2875809987885596
Hydrophone,Looped,H1,Orifice Leak,ND,NN,1,LO_OL_ND_NN_H1,-0.00024416267242572857,0.11697663023324842,-0.04401133414308815,-0.273887711180806,0.11697688505058056,59.0,2.6233757308998515
Hydrophone,Looped,H1,Orifice Leak,ND,NN,2,LO_OL_ND_NN_H1,0.0008453010812537342,0.12261348035165043,0.07776807869988467,-0.3187931629965419,0.12261639408277561,59.0,3.009806939845989
Hydrophone,Looped,H1,Orifice Leak,ND,NN,3,LO_OL_ND_NN_H1,0.0002963633351376251,0.12583541436742343,0.03862148332326903,-0.1190318677082618,0.12583576335941848,19.666666666666664,0.6772844717363622
Hydrophone,Looped,H1,Orifice Leak,ND,NN,4,LO_OL_ND_NN_H1,-0.0005794716359843441,0.12448242389970283,-0.04120643068708168,-0.12455529725622005,0.1244837726264842,19.666666666666664,1.200396436071087
Hydrophone,Looped,H1,Orifice Leak,ND,NN,5,LO_OL_ND_NN_H1,3.365882561810418e-05,0.1132714016199701,-0.12016391121464688,-0.07138742189872138,0.11327140662086398,19.666666666666664,1.1392546196204218
Hydrophone,Looped,H1,Orifice Leak,ND,NN,6,LO_OL_ND_NN_H1,0.00031618273094234694,0.10417003444272693,-0.07045909170199263,-0.04101820371728904,0.10417051428940083,23.666666666666664,0.8966987675118971
Hydrophone,Looped,H1,Orifice Leak,ND,NN,7,LO_OL_ND_NN_H1,0.00015585137797905594,0.10530205527858959,-0.002023958282506268,-0.16350511400071932,0.10530217061175498,23.666666666666664,0.42658747664129776
Hydrophone,Looped,H1,Orifice Leak,ND,NN,8,LO_OL_ND_NN_H1,-7.133919008134826e-05,0.10404343087187216,0.07636274032473711,-0.22699355508208052,0.10404345532934825,58.666666666666664,2.673419116707956
Hydrophone,Looped,H1,Orifice Leak,ND,NN,9,LO_OL_ND_NN_H1,6.829515468360984e-05,0.11397011304736913,-0.06343976588463983,-0.15402952405292947,0.11397013350987291,24.0,0.7069462552476221
Hydrophone,Looped,H1,Orifice Leak,ND,NN,10,LO_OL_ND_NN_H1,0.000362383997176566,0.1305615865919143,-0.11035610408744023,-0.44810970297039265,0.13056208950365092,24.333333333333332,1.4397513524562646
Hydrophone,Looped,H1,Orifice Leak,ND,NN,11,LO_OL_ND_NN_H1,0.00013706172199788163,0.1249792682274278,-0.019565009297563687,-0.4627568112429947,0.12497934338353271,24.0,0.6712380354743699
Hydrophone,Looped,H1,Orifice Leak,ND,NN,12,LO_OL_ND_NN_H1,-4.3639346816843304e-05,0.12126920179105805,-0.09965893062005093,-0.1406512340828745,0.12126920964297964,24.0,0.9841755223530476
Hydrophone,Looped,H1,Orifice Leak,ND,NN,13,LO_OL_ND_NN_H1,-0.0003669102755531323,0.11857639686033947,-0.11240299499275723,-0.06092714001578736,0.11857696452317806,20.0,1.2156608855738642
Hydrophone,Looped,H1,Orifice Leak,ND,NN,14,LO_OL_ND_NN_H1,-0.00015701921550644108,0.10980214532640391,-0.05792410795070144,0.15135148686367472,0.10980225759662122,24.0,0.558782438657659
Hydrophone,Looped,H1,Orifice Leak,ND,NN,15,LO_OL_ND_NN_H1,0.0001627971863448935,0.11009065239160948,-0.040896431810917,0.1760369147914118,0.11009077276018218,19.666666666666664,0.4788124580109692
Hydrophone,Looped,H1,Orifice Leak,ND,NN,16,LO_OL_ND_NN_H1,-0.0003454064843004822,0.10039128065842658,0.04307369748623434,-0.17163805531929732,0.10039187485986288,19.666666666666664,0.8830008594377332
Hydrophone,Looped,H1,Orifice Leak,ND,NN,17,LO_OL_ND_NN_H1,0.00019062626138288737,0.11502240467736105,-0.026587989826381768,0.03559543107363394,0.11502256263939757,24.0,0.47294854294362476
Hydrophone,Looped,H1,Orifice Leak,ND,NN,18,LO_OL_ND_NN_H1,0.0003696183480149499,0.12005838746905327,0.012173329997156425,-0.05715647001391311,0.12005895643138215,24.333333333333332,0.7011438199829952
Hydrophone,Looped,H1,Orifice Leak,ND,NN,19,LO_OL_ND_NN_H1,-6.164014681881924e-05,0.11230316029493109,0.053572084490227705,0.07527108926078618,0.11230317721122893,24.666666666666664,0.6337479637894559
Hydrophone,Looped,H1,Orifice Leak,ND,NN,20,LO_OL_ND_NN_H1,-0.0001627245393688481,0.11593905264336643,0.0037422526182927973,0.1600510938021804,0.1159391668381182,59.0,2.5847993302836976
Hydrophone,Looped,H1,Orifice Leak,ND,NN,21,LO_OL_ND_NN_H1,4.0322420911430714e-05,0.10692486122469842,-0.04555634389883714,0.12793180188816589,0.10692486882768969,24.333333333333332,0.415645695606913
Hydrophone,Looped,H1,Orifice Leak,ND,NN,22,LO_OL_ND_NN_H1,0.00024077120317721315,0.10450631811881272,0.07333113788798974,-0.23990803039508446,0.10450659547379182,24.0,0.7668350176850859
Hydrophone,Looped,H2,Orifice Leak,ND,NN,0,LO_OL_ND_NN_H2,0.00031681988338525343,0.03707921965093809,-0.24063390436372548,-0.6299693130649624,0.03708057314499092,10.0,2.781212548296756
Hydrophone,Looped,H2,Orifice Leak,ND,NN,1,LO_OL_ND_NN_H2,0.00024652785983360424,0.03508735337098884,-0.23151875714633025,-0.057896696145811166,0.03508821942712848,10.0,2.473001257432727
Hydrophone,Looped,H2,Orifice Leak,ND,NN,2,LO_OL_ND_NN_H2,-0.00018348946548766068,0.03406426846643056,-0.16947443462689551,-0.0822833903155944,0.03406476265199863,10.0,1.9642741827351142
Hydrophone,Looped,H2,Orifice Leak,ND,NN,3,LO_OL_ND_NN_H2,-0.00028053905206397195,0.03168272478046497,0.09009261164695974,-0.2362207742816569,0.03168396679196628,19.666666666666664,1.407737083508771
Hydrophone,Looped,H2,Orifice Leak,ND,NN,4,LO_OL_ND_NN_H2,0.00022116173767601258,0.03520212422437096,0.3706404973644918,-0.4689790995360328,0.03520281895562139,9.666666666666666,3.3386929346069576
Hydrophone,Looped,H2,Orifice Leak,ND,NN,5,LO_OL_ND_NN_H2,0.0002710659130536327,0.03687061439705704,0.21090373775186388,-0.7307235740298839,0.036871610796732075,10.0,2.0897282421149463
Hydrophone,Looped,H2,Orifice Leak,ND,NN,6,LO_OL_ND_NN_H2,-0.00031642810307244966,0.033764716819756374,0.02256090129280969,-0.5606466668413894,0.03376619949983641,10.0,1.473094154979531
Hydrophone,Looped,H2,Orifice Leak,ND,NN,7,LO_OL_ND_NN_H2,-0.00011140202353103594,0.03149853119734579,0.02426887162643809,-0.0379009974457567,0.03149872819656395,10.0,1.3052931771655927
Hydrophone,Looped,H2,Orifice Leak,ND,NN,8,LO_OL_ND_NN_H2,0.00024167728934176746,0.030067656946041375,0.22194462733288917,-0.15759078750943578,0.03006862820510796,10.0,2.2842002363411926
Hydrophone,Looped,H2,Orifice Leak,ND,NN,9,LO_OL_ND_NN_H2,-9.237989105022252e-05,0.036719912187760294,0.18868691230216944,-0.6311283652320498,0.036720028392160826,10.0,1.9906562568553268
Hydrophone,Looped,H2,Orifice Leak,ND,NN,10,LO_OL_ND_NN_H2,-0.00026909708977541257,0.0336418699230597,0.07326126591614841,-0.2636259860911827,0.03364294614274729,10.0,1.5155175874521987
Hydrophone,Looped,H2,Orifice Leak,ND,NN,11,LO_OL_ND_NN_H2,-2.4600375450815818e-05,0.026167324857843993,0.06454834734540588,0.07388206451550472,0.02616733642147042,19.333333333333332,1.2066322300373535
Hydrophone,Looped,H2,Orifice Leak,ND,NN,12,LO_OL_ND_NN_H2,2.2928345382269657e-05,0.03182050961010034,-0.314446921547315,-0.13290740084858577,0.03182051787063671,10.0,3.0840280742627675
Hydrophone,Looped,H2,Orifice Leak,ND,NN,13,LO_OL_ND_NN_H2,0.00010666647895328633,0.03413676960194014,-0.40085118608847653,-0.4429921921152631,0.03413693625083653,10.0,3.919981620892074
Hydrophone,Looped,H2,Orifice Leak,ND,NN,14,LO_OL_ND_NN_H2,0.000327767424808974,0.032672080753314785,0.061872355041199124,-0.35112050402916894,0.032673724798925025,9.666666666666666,1.4543513996919817
Hydrophone,Looped,H2,Orifice Leak,ND,NN,15,LO_OL_ND_NN_H2,-0.00013287188533828127,0.03394813870410988,0.3911827110859028,-0.4043315105313856,0.033948398731183126,9.666666666666666,3.597534076149989
Hydrophone,Looped,H2,Orifice Leak,ND,NN,16,LO_OL_ND_NN_H2,-0.0002617551144157089,0.030134876838112456,0.26431480299893684,-0.16790324961946457,0.030136013634655286,10.0,2.7164620549757807
Hydrophone,Looped,H2,Orifice Leak,ND,NN,17,LO_OL_ND_NN_H2,0.0001206592067365653,0.021370534531208244,-0.026746893175579666,-0.21641437280822418,0.021370875152733785,9.666666666666666,1.433217790247722
Hydrophone,Looped,H2,Orifice Leak,ND,NN,18,LO_OL_ND_NN_H2,-0.00012774209148197518,0.02094498082476789,-0.043015849682408215,-0.46678841534235715,0.020945370366547134,10.0,1.5290452672058286
Hydrophone,Looped,H2,Orifice Leak,ND,NN,19,LO_OL_ND_NN_H2,-8.41851424572682e-05,0.02502071267201721,-0.31714546672326693,-0.6398122469655214,0.025020854297042962,9.666666666666666,3.3110664142419712
Hydrophone,Looped,H2,Orifice Leak,ND,NN,20,LO_OL_ND_NN_H2,0.00017904496161844896,0.025573701627179153,-0.24586211348916653,-0.5331124481850575,0.025574328378557012,10.0,2.7629106571339515
Hydrophone,Looped,H2,Orifice Leak,ND,NN,21,LO_OL_ND_NN_H2,1.911507443266088e-06,0.02423143762412404,-0.045300845212041495,-0.21873998878311696,0.024231437699519087,16.0,1.2214170608902848
Hydrophone,Looped,H2,Orifice Leak,ND,NN,22,LO_OL_ND_NN_H2,-8.262231381299019e-07,0.022884306949852988,-0.005347121656628709,-0.0025315570178023883,0.022884306964768113,9.666666666666666,1.348152333794
Hydrophone,Looped,H1,Orifice Leak,ND,N,0,LO_OL_ND_N_H1,0.0002510569086216775,0.1065079461885937,-0.0233123281463826,0.12125582333036489,0.10650824207958619,19.666666666666664,0.5350808536095759
Hydrophone,Looped,H1,Orifice Leak,ND,N,1,LO_OL_ND_N_H1,-3.421251492797535e-05,0.10929964961944352,0.012861787365653023,-0.02375643434853103,0.10929965497397189,19.666666666666664,0.42480388944917824
Hydrophone,Looped,H1,Orifice Leak,ND,N,2,LO_OL_ND_N_H1,-3.4774398674621435e-05,0.11468436433094699,0.11106130503781268,-0.16468062875194311,0.114684369603064,19.666666666666664,1.1534738120515862
Hydrophone,Looped,H1,Orifice Leak,ND,N,3,LO_OL_ND_N_H1,-0.0005089116438846016,0.11651617748733528,-0.026224657187449915,0.18883919140944405,0.11651728887732282,19.666666666666664,0.8605442381752896
Hydrophone,Looped,H1,Orifice Leak,ND,N,4,LO_OL_ND_N_H1,0.00023490908756819314,0.12907235055040453,-0.013843599446982697,0.09223185691008551,0.12907256431513991,19.666666666666664,0.5374796496942558
Hydrophone,Looped,H1,Orifice Leak,ND,N,5,LO_OL_ND_N_H1,1.056533314405502e-05,0.1275873233215079,0.11023027180627948,0.005250787913837485,0.12758732375895837,19.666666666666664,1.136559064283452
Hydrophone,Looped,H1,Orifice Leak,ND,N,6,LO_OL_ND_N_H1,-2.7386293437517234e-05,0.11178808572453827,0.0029096196913561147,-0.023673198640566717,0.1117880890791402,24.0,0.4027033153369484
Hydrophone,Looped,H1,Orifice Leak,ND,N,7,LO_OL_ND_N_H1,0.000674070371017308,0.10526864895475316,0.004710963985867599,-0.021735372176874268,0.10527080708166028,20.0,1.1741010564475907
Hydrophone,Looped,H1,Orifice Leak,ND,N,8,LO_OL_ND_N_H1,0.0004422012065633432,0.10465251034830617,0.004333745438812318,-0.006370918714842855,0.10465344458788452,24.666666666666664,0.8436487082167278
Hydrophone,Looped,H1,Orifice Leak,ND,N,9,LO_OL_ND_N_H1,-0.00027008321587716874,0.11104829123733133,-0.20821515948858746,-0.24500508475763727,0.11104861967478324,24.333333333333332,1.9586230662493105
Hydrophone,Looped,H1,Orifice Leak,ND,N,10,LO_OL_ND_N_H1,-0.0007335836592343208,0.11326249546584184,-0.25901738811413133,-0.05806362161584655,0.11326487109485862,24.666666666666664,2.5971125963399353
Hydrophone,Looped,H1,Orifice Leak,ND,N,11,LO_OL_ND_N_H1,-0.00014221226625212605,0.12417913216097733,-0.033147051830455146,0.3124069048511866,0.12417921359302508,24.333333333333332,0.4276833679376327
Hydrophone,Looped,H1,Orifice Leak,ND,N,12,LO_OL_ND_N_H1,0.00022982959226482933,0.12004980542337862,0.020962307355903813,0.41130775424953736,0.12005002542204041,24.333333333333332,0.5437123907757858
Hydrophone,Looped,H1,Orifice Leak,ND,N,13,LO_OL_ND_N_H1,-0.00011903806705175742,0.11141355183681566,-0.23318683431412032,0.18857254400756052,0.11141361542897806,23.666666666666664,2.0365623897703236
Hydrophone,Looped,H1,Orifice Leak,ND,N,14,LO_OL_ND_N_H1,-0.00018126413606098623,0.11464057575291203,-0.23343481878359024,0.25244153132280367,0.11464071905586683,23.666666666666664,2.0418447464976497
Hydrophone,Looped,H1,Orifice Leak,ND,N,15,LO_OL_ND_N_H1,0.00018622400158653063,0.11471739907130331,-0.010540000228026423,0.0541138005991777,0.11471755022255063,24.0,0.45882062312987315
Hydrophone,Looped,H1,Orifice Leak,ND,N,16,LO_OL_ND_N_H1,-0.00011099786343922254,0.11386864850139339,0.06637170110480915,-0.10796943576399531,0.11386870260110794,24.0,0.8139282095352386
Hydrophone,Looped,H1,Orifice Leak,ND,N,17,LO_OL_ND_N_H1,-0.0002136475737282269,0.11551660367002672,0.019746950394001643,-0.19947337063809245,0.11551680124009578,24.0,0.6449147421563426
Hydrophone,Looped,H1,Orifice Leak,ND,N,18,LO_OL_ND_N_H1,0.0005671608490630566,0.11654129846243577,0.08718840312175438,-0.1569612779445415,0.116542678529109,24.0,1.3337003286930023
Hydrophone,Looped,H1,Orifice Leak,ND,N,19,LO_OL_ND_N_H1,0.0003652983143191344,0.11567534828664042,0.05566493573722241,-0.07110425985963653,0.115675925084237,23.0,0.9110905990621074
Hydrophone,Looped,H1,Orifice Leak,ND,N,20,LO_OL_ND_N_H1,-0.0002184448320949971,0.11374127566160103,0.0026946567928194712,-0.2568672931044609,0.1137414854275826,24.333333333333332,0.6505995486661987
Hydrophone,Looped,H1,Orifice Leak,ND,N,21,LO_OL_ND_N_H1,0.00023718413287487377,0.11146030085612724,0.01669302428212673,-0.3762597968462438,0.11146055321615483,24.333333333333332,0.7584719933278637
Hydrophone,Looped,H1,Orifice Leak,ND,N,22,LO_OL_ND_N_H1,0.00031539118036302236,0.11127967884219676,0.02262889766464548,-0.32709622637995883,0.11128012578542093,23.333333333333332,0.8055414963874685
Hydrophone,Looped,H2,Orifice Leak,ND,N,0,LO_OL_ND_N_H2,2.3177728090964505e-05,0.028746143292715583,-0.24221165490112387,0.07649319693725465,0.028746152636699343,10.0,2.6192802414145824
Hydrophone,Looped,H2,Orifice Leak,ND,N,1,LO_OL_ND_N_H2,-0.00019570008489927892,0.029058520761296853,-0.116408573024697,0.05586560332387869,0.02905917974337799,19.666666666666664,1.6337945631602067
Hydrophone,Looped,H2,Orifice Leak,ND,N,2,LO_OL_ND_N_H2,-0.00023101990144562215,0.03426485297771285,-0.3112096206787926,-0.08682856492696667,0.03426563175806249,19.666666666666664,3.0225992327630347
Hydrophone,Looped,H2,Orifice Leak,ND,N,3,LO_OL_ND_N_H2,0.0003701236360836416,0.03634430519985908,-0.030930203510125577,-0.2766322860268291,0.036346189786090256,10.0,1.7396386832050856
Hydrophone,Looped,H2,Orifice Leak,ND,N,4,LO_OL_ND_N_H2,0.00042706011313939823,0.039107189029726014,0.3140033016540616,-0.6361314939711353,0.03910952076089603,9.666666666666666,3.4288178065993358
Hydrophone,Looped,H2,Orifice Leak,ND,N,5,LO_OL_ND_N_H2,3.094288373626205e-05,0.03528434818226492,0.3429608425918831,-0.46763866839366575,0.03528436175006366,10.0,3.581380837294456
Hydrophone,Looped,H2,Orifice Leak,ND,N,6,LO_OL_ND_N_H2,-0.0003948187328372278,0.03121931229974857,0.09132029899256736,-0.4822315267497701,0.031221808760881098,10.0,2.034047773390554
Hydrophone,Looped,H2,Orifice Leak,ND,N,7,LO_OL_ND_N_H2,-0.00046133195163198295,0.0331305327282766,-0.14528836309046966,-0.5563492580295395,0.03313374452169576,10.0,2.2542571600176187
Hydrophone,Looped,H2,Orifice Leak,ND,N,8,LO_OL_ND_N_H2,1.3466095297037053e-06,0.03072557267805446,-0.21885915236528367,-0.6387747073691443,0.030725572707563386,10.0,2.6354978455526306
Hydrophone,Looped,H2,Orifice Leak,ND,N,9,LO_OL_ND_N_H2,0.00018340331479847885,0.029028937561332888,-0.14524428705752895,-0.7052920446730186,0.029029516921844262,9.666666666666666,2.271010163279183
Hydrophone,Looped,H2,Orifice Leak,ND,N,10,LO_OL_ND_N_H2,0.00041567879505873055,0.02890452807311863,-0.01642357260317375,-0.49772551799623965,0.02890751687693643,10.0,1.9071352783570956
Hydrophone,Looped,H2,Orifice Leak,ND,N,11,LO_OL_ND_N_H2,0.00013782314291541168,0.032743323140594034,0.1546966901847889,-0.324636584622076,0.032743613201784615,10.0,2.2394540258969506
Hydrophone,Looped,H2,Orifice Leak,ND,N,12,LO_OL_ND_N_H2,-2.68380064374862e-05,0.034492886874082286,0.1821526523073494,-0.5786303406027224,0.03449289731505353,10.0,2.4217286351634995
Hydrophone,Looped,H2,Orifice Leak,ND,N,13,LO_OL_ND_N_H2,-4.6524013082310135e-05,0.030727997020920415,0.1576448999754497,-0.5623678157558603,0.03072803224096016,10.0,2.3038440529550845
Hydrophone,Looped,H2,Orifice Leak,ND,N,14,LO_OL_ND_N_H2,-0.00023181496069349714,0.024740299266839454,0.0395693605924249,0.11562361547079103,0.024741385288394382,9.666666666666666,1.7598992267961164
Hydrophone,Looped,H2,Orifice Leak,ND,N,15,LO_OL_ND_N_H2,-9.110649235462294e-05,0.023254650866319462,0.0806301835077804,-0.24705355629736703,0.023254829333008698,9.666666666666666,1.951240007139796
Hydrophone,Looped,H2,Orifice Leak,ND,N,16,LO_OL_ND_N_H2,0.00020280721687388688,0.027749803966978088,0.2571965436879818,-0.4591892373366382,0.02775054505722237,10.0,2.995944148072647
Hydrophone,Looped,H2,Orifice Leak,ND,N,17,LO_OL_ND_N_H2,0.00011364091664028438,0.029143850459330326,0.3097075905733288,-0.40119369354990964,0.029144072019087235,10.0,3.3597910246157054
Hydrophone,Looped,H2,Orifice Leak,ND,N,18,LO_OL_ND_N_H2,-0.00012671643811884987,0.028958584102856177,0.09469535993421682,-0.1947913022833765,0.028958861343255263,10.0,1.926942933801609
Hydrophone,Looped,H2,Orifice Leak,ND,N,19,LO_OL_ND_N_H2,-9.297006820954242e-05,0.02737331302842528,0.007482474884909344,0.17995735263623036,0.027373470908632323,15.666666666666666,1.4044227707014216
Hydrophone,Looped,H2,Orifice Leak,ND,N,20,LO_OL_ND_N_H2,-0.0002012580804439675,0.02441646559760428,0.09991622355784778,0.19525022519332014,0.024417295040481804,10.0,1.955576636893784
Hydrophone,Looped,H2,Orifice Leak,ND,N,21,LO_OL_ND_N_H2,-0.00039506776241168584,0.030072287577777128,-0.1270011514995091,0.41484695484399614,0.030074882521756014,10.0,1.9166267617119115
Hydrophone,Looped,H2,Orifice Leak,ND,N,22,LO_OL_ND_N_H2,-2.2315933928949742e-05,0.031023961444134125,-0.06536614827883745,0.4333875509220779,0.031023969470202035,10.0,1.579275082562095
Hydrophone,Looped,H1,Orifice Leak,Transient,NN,0,LO_OL_Transient_NN_H1,-0.00021787748678382638,0.1348201757545297,-0.02883368046640616,-0.18910982307579927,0.13482035180595517,19.333333333333332,0.7498242083115524
Hydrophone,Looped,H1,Orifice Leak,Transient,NN,1,LO_OL_Transient_NN_H1,0.0004975475162737569,0.11683407451435317,0.06760681759091484,-0.29273475962662676,0.11683513393306133,19.333333333333332,1.0184992560060695
Hydrophone,Looped,H1,Orifice Leak,Transient,NN,2,LO_OL_Transient_NN_H1,-0.00021160942876263062,0.12824324491414346,0.1677939302100964,0.4919916548209513,0.1282434194984652,19.333333333333332,1.7685653053351662
Hydrophone,Looped,H1,Orifice Leak,Transient,NN,3,LO_OL_Transient_NN_H1,-0.000476137056721979,0.1436452814885283,-0.0606445952235232,0.34324234813341103,0.1436460706055523,19.333333333333332,1.0726165586280056
Hydrophone,Looped,H1,Orifice Leak,Transient,NN,4,LO_OL_Transient_NN_H1,0.0006109072240010529,0.14262158571527386,-0.21289486563304166,-0.03212979460778964,0.1426228940933942,9.666666666666666,2.530283223462392
Hydrophone,Looped,H1,Orifice Leak,Transient,NN,5,LO_OL_Transient_NN_H1,0.00042455182843309936,0.1376601060770658,-0.09495016689808738,-0.14289258135556215,0.1376607607468593,23.666666666666664,1.2955094087772316
Hydrophone,Looped,H1,Orifice Leak,Transient,NN,6,LO_OL_Transient_NN_H1,-0.0005408263061737853,0.12620042798357367,-0.001767533505346398,-0.10502601806670242,0.12620158682176152,32.666666666666664,1.3093567092347143
Hydrophone,Looped,H1,Orifice Leak,Transient,NN,7,LO_OL_Transient_NN_H1,-0.0001900504754592048,0.13128387937238323,0.0994961688272269,-0.47328560723639734,0.1312840169336911,24.0,1.057659344371701
Hydrophone,Looped,H1,Orifice Leak,Transient,NN,8,LO_OL_Transient_NN_H1,-0.00021963478826817374,0.13618580148137924,0.028668335570701423,-0.4710393953184373,0.13618597859018328,24.0,0.7900453556810447
Hydrophone,Looped,H1,Orifice Leak,Transient,NN,9,LO_OL_Transient_NN_H1,-0.00016123246772809871,0.13143016701488544,-0.16634193519591442,-0.3392313922398573,0.13143026591112617,33.0,1.7696978104818002
Hydrophone,Looped,H1,Orifice Leak,Transient,NN,10,LO_OL_Transient_NN_H1,-0.00011408021253300189,0.13337008602539613,-0.19953717114975864,-0.339543604374112,0.13337013481554427,20.0,1.9486089968302938
Hydrophone,Looped,H1,Orifice Leak,Transient,NN,11,LO_OL_Transient_NN_H1,8.940523206505865e-05,0.12669623800148883,-0.16441418983885284,-0.2064070301606713,0.12669626954660276,24.0,1.585869615673818
Hydrophone,Looped,H1,Orifice Leak,Transient,NN,12,LO_OL_Transient_NN_H1,0.000804256465943794,0.11879659687391626,-0.08198497756575251,-0.14404842634331771,0.11879931926272468,24.333333333333332,1.699443618665702
Hydrophone,Looped,H1,Orifice Leak,Transient,NN,13,LO_OL_Transient_NN_H1,0.0002732051069200285,0.11521284976507863,-0.06944498988963071,-0.12847203936269436,0.11521317369129724,24.333333333333332,0.8917221862914213
Hydrophone,Looped,H1,Orifice Leak,Transient,NN,14,LO_OL_Transient_NN_H1,-0.0010408941905739866,0.2386103513914072,-0.44764166865135036,2.736799167881168,0.23861262173625014,10.0,4.031863025031231
Hydrophone,Looped,H1,Orifice Leak,Transient,NN,15,LO_OL_Transient_NN_H1,-0.00037714812653000116,0.24384629700152824,-0.43218856382910803,2.3007624123164785,0.2438465886619431,10.0,3.7558718009471863
Hydrophone,Looped,H1,Orifice Leak,Transient,NN,16,LO_OL_Transient_NN_H1,0.00013923967847928479,0.12483411580198762,-0.023220055757304826,-0.4446928413324951,0.12483419345576804,10.0,1.102957644505642
Hydrophone,Looped,H1,Orifice Leak,Transient,NN,17,LO_OL_Transient_NN_H1,0.0002856992354196953,0.1185434518329482,-0.03978461819450042,-0.17922859588685247,0.11854379611149471,24.333333333333332,0.7531340293695934
Hydrophone,Looped,H1,Orifice Leak,Transient,NN,18,LO_OL_Transient_NN_H1,0.0008076034923583546,0.11855894823049952,-0.17117255458773595,-0.2938770907022499,0.11856169882775437,23.0,2.2802074184637506
Hydrophone,Looped,H1,Orifice Leak,Transient,NN,19,LO_OL_Transient_NN_H1,-0.0002032139682765222,0.12278549369258979,-0.10574921350833548,-0.44489545060519564,0.12278566185532377,24.0,1.2220294483312106
Hydrophone,Looped,H1,Orifice Leak,Transient,NN,20,LO_OL_Transient_NN_H1,-0.0003317422748118157,0.1280810092395214,-0.045478819631410435,-0.3367271567571488,0.12808143886118417,24.0,0.9319281097188492
Hydrophone,Looped,H1,Orifice Leak,Transient,NN,21,LO_OL_Transient_NN_H1,0.00012955337234966534,0.1145015049619974,0.13013223331339108,0.053681856838135644,0.11450157825392016,24.333333333333332,1.2098785735724014
Hydrophone,Looped,H1,Orifice Leak,Transient,NN,22,LO_OL_Transient_NN_H1,-0.00014781648366003124,0.11125659633151853,0.13605665628493344,-0.125848912853753,0.11125669452660954,33.0,1.531551179424924
Hydrophone,Looped,H2,Orifice Leak,Transient,NN,0,LO_OL_Transient_NN_H2,0.00012391687019472117,0.03580573084039883,-0.1640615117522534,-0.5350595041244528,0.035805945266195766,19.333333333333332,1.9102299500165691
Hydrophone,Looped,H2,Orifice Leak,Transient,NN,1,LO_OL_Transient_NN_H2,-3.874523559719672e-05,0.03284337686592203,-0.07532759959513788,-0.3106615824840966,0.032843399719734614,9.666666666666666,1.51200147615032
Hydrophone,Looped,H2,Orifice Leak,Transient,NN,2,LO_OL_Transient_NN_H2,-0.0002785015167473055,0.03083135451351904,-0.03779330734494759,-0.13150542044693392,0.030832612348504,9.666666666666666,1.4379950046895986
Hydrophone,Looped,H2,Orifice Leak,Transient,NN,3,LO_OL_Transient_NN_H2,8.715282113244066e-05,0.044248028704103014,-0.44207310986850434,0.3803398714357793,0.044248114533992924,9.666666666666666,3.952494146421531
Hydrophone,Looped,H2,Orifice Leak,Transient,NN,4,LO_OL_Transient_NN_H2,-0.00027116366217385014,0.06445558635877598,-0.0027163722716463685,-0.8735586487295488,0.06445615674693389,9.666666666666666,1.3735172917012355
Hydrophone,Looped,H2,Orifice Leak,Transient,NN,5,LO_OL_Transient_NN_H2,-0.0001758780533388515,0.059158756278604056,0.12949007639832555,-0.6666252357869888,0.059159017719371584,9.666666666666666,1.570191247609997
Hydrophone,Looped,H2,Orifice Leak,Transient,NN,6,LO_OL_Transient_NN_H2,0.0005478667184386894,0.0430827319163504,0.1533524270810255,-0.4893639639062508,0.04308621528188906,9.333333333333332,1.8838483821140695
Hydrophone,Looped,H2,Orifice Leak,Transient,NN,7,LO_OL_Transient_NN_H2,-0.00018104213963985986,0.03983517765333963,0.35201547446145653,-0.4347529800401069,0.039835589049610584,9.666666666666666,3.271712678138839
Hydrophone,Looped,H2,Orifice Leak,Transient,NN,8,LO_OL_Transient_NN_H2,5.4992135426482404e-05,0.03368885222875632,0.11340687496674752,-0.39175728220395856,0.03368889711204477,9.666666666666666,1.565324190364398
Hydrophone,Looped,H2,Orifice Leak,Transient,NN,9,LO_OL_Transient_NN_H2,0.0002453764343344971,0.039220959278683236,0.22793587678736993,0.056640112394319875,0.03922172684029421,9.666666666666666,2.33636969538054
Hydrophone,Looped,H2,Orifice Leak,Transient,NN,10,LO_OL_Transient_NN_H2,-0.00022865329198334085,0.03600716961272771,0.16714132543447258,0.5815508203193644,0.03600789560426542,19.333333333333332,2.014531586450216
Hydrophone,Looped,H2,Orifice Leak,Transient,NN,11,LO_OL_Transient_NN_H2,-6.1207545222395535e-06,0.026345836484975807,-0.06335501437730139,-0.020931528688918455,0.026345837195973075,9.333333333333332,1.4463539588226808
Hydrophone,Looped,H2,Orifice Leak,Transient,NN,12,LO_OL_Transient_NN_H2,-0.00012777102051817981,0.03208102515260505,-0.009070006344077699,-0.2713039296216935,0.03208127959224448,10.0,1.3265889294535562
Hydrophone,Looped,H2,Orifice Leak,Transient,NN,13,LO_OL_Transient_NN_H2,-1.3401619572136443e-05,0.03228413406810947,-0.002747029874469407,-0.18067972496609963,0.03228413684971419,9.666666666666666,1.2925590014648325
Hydrophone,Looped,H2,Orifice Leak,Transient,NN,14,LO_OL_Transient_NN_H2,0.001117734334133421,0.17775316737499894,-0.18033340310512275,1.9811969770850588,0.17775668156749017,10.0,2.7425565381445156
Hydrophone,Looped,H2,Orifice Leak,Transient,NN,15,LO_OL_Transient_NN_H2,0.00039539785603715167,0.20014070114807314,-0.146707460521621,0.2849738475125023,0.20014109172158245,10.0,2.081384487949432
Hydrophone,Looped,H2,Orifice Leak,Transient,NN,16,LO_OL_Transient_NN_H2,-0.000910885768299779,0.10049508858545796,-0.18091662655177254,0.023516933918890093,0.10049921662720528,10.0,2.356355605224741
Hydrophone,Looped,H2,Orifice Leak,Transient,NN,17,LO_OL_Transient_NN_H2,-0.00044819434652393293,0.0407000868431181,0.19835221458375446,0.20196012581187528,0.040702554553855845,10.0,2.391437152008831
Hydrophone,Looped,H2,Orifice Leak,Transient,NN,18,LO_OL_Transient_NN_H2,-0.0003823709884025847,0.028549223031729604,0.07334091707470015,-0.11545541545725468,0.028551783539530626,10.0,1.6446559603552484
Hydrophone,Looped,H2,Orifice Leak,Transient,NN,19,LO_OL_Transient_NN_H2,-6.034814974944769e-05,0.03539386772449904,-0.2753413788402682,-0.07699125094478276,0.03539391917262785,10.0,2.7298004173503885
Hydrophone,Looped,H2,Orifice Leak,Transient,NN,20,LO_OL_Transient_NN_H2,0.00032883597039688294,0.03652462226388073,-0.13596532856438076,-0.22794871811905715,0.036526102510596424,10.0,1.9069892229138568
Hydrophone,Looped,H2,Orifice Leak,Transient,NN,21,LO_OL_Transient_NN_H2,3.341548271536539e-05,0.029760554403530922,0.2266361752112132,-0.2928878985071339,0.029760573163163523,10.0,2.3026344612902525
Hydrophone,Looped,H2,Orifice Leak,Transient,NN,22,LO_OL_Transient_NN_H2,4.437536083595006e-05,0.02425735254682444,-0.05034650804061953,-0.09447887478623418,0.024257393135981853,17.333333333333332,1.1756813267678252
Hydrophone,Looped,H1,Orifice Leak,Transient,N,0,LO_OL_Transient_N_H1,-0.0003882265226851723,0.12503311214552987,0.01159565716134152,-0.05620175067121069,0.1250337148637501,32.666666666666664,1.131831597176579
Hydrophone,Looped,H1,Orifice Leak,Transient,N,1,LO_OL_Transient_N_H1,-0.0006580196278314519,0.11888417715204519,-0.041735321148294084,-0.19536563291221043,0.11888599819553802,19.333333333333332,1.195127925366873
Hydrophone,Looped,H1,Orifice Leak,Transient,N,2,LO_OL_Transient_N_H1,0.0002968894300812831,0.12380126573967061,-0.1172133676610961,-0.352246175815528,0.12380162172636608,19.333333333333332,1.2638509472914141
Hydrophone,Looped,H1,Orifice Leak,Transient,N,3,LO_OL_Transient_N_H1,0.0008743574195221277,0.12018909475007995,-0.05832162487790449,-0.28241438112283745,0.12019227511675104,23.666666666666664,1.588766681680695
Hydrophone,Looped,H1,Orifice Leak,Transient,N,4,LO_OL_Transient_N_H1,0.0003784953674143654,0.11298300690818933,-0.002293173922213142,-0.1606208394533728,0.11298364088999392,33.0,1.1299377277133782
Hydrophone,Looped,H1,Orifice Leak,Transient,N,5,LO_OL_Transient_N_H1,-0.00048566565085345125,0.10987274438075523,0.042979336594225113,-0.14051025423486418,0.10987381775875085,33.33333333333333,1.3284273721904942
Hydrophone,Looped,H1,Orifice Leak,Transient,N,6,LO_OL_Transient_N_H1,-0.00022157112038513442,0.13591249657159352,-0.025336937499956323,0.6358023204029521,0.13591267717944785,24.0,0.5988057964543032
Hydrophone,Looped,H1,Orifice Leak,Transient,N,7,LO_OL_Transient_N_H1,0.00018584021446689194,0.14467839113147307,-0.013316736599373791,0.40149414537388495,0.14467851048782893,23.666666666666664,0.6274808481823828
Hydrophone,Looped,H1,Orifice Leak,Transient,N,8,LO_OL_Transient_N_H1,4.377149564692525e-05,0.12796664066343597,0.0104087724177054,0.40986647070439863,0.12796664814954237,24.0,0.3943050212738342
Hydrophone,Looped,H1,Orifice Leak,Transient,N,9,LO_OL_Transient_N_H1,8.106909044763348e-05,0.128463413171952,0.029841984990882413,0.19743107024297757,0.1284634387519853,23.666666666666664,0.519348677417013
Hydrophone,Looped,H1,Orifice Leak,Transient,N,10,LO_OL_Transient_N_H1,-0.00028415913832434826,0.1254944543488011,0.014885481465300466,-0.04129079769283539,0.12549477606147286,32.666666666666664,1.0493715209761434
Hydrophone,Looped,H1,Orifice Leak,Transient,N,11,LO_OL_Transient_N_H1,-0.0005483545669543365,0.12123447462055144,-0.12663807374920039,-0.02572534694292239,0.12123571474302541,24.333333333333332,1.4518086794961123
Hydrophone,Looped,H1,Orifice Leak,Transient,N,12,LO_OL_Transient_N_H1,0.0005388214289104384,0.12019276813585854,-0.13264668528181153,-0.09233441007347976,0.12019397589185785,24.0,1.498209224897672
Hydrophone,Looped,H1,Orifice Leak,Transient,N,13,LO_OL_Transient_N_H1,0.0007451498407892916,0.1240061745715569,-0.009064970104506844,-0.09762441338882555,0.12400841334424319,24.0,1.2871199760920888
Hydrophone,Looped,H1,Orifice Leak,Transient,N,14,LO_OL_Transient_N_H1,-0.0014930128247401721,0.22825796323114816,-0.4555422693288977,3.117448824078341,0.2282628460037398,9.666666666666666,5.376858595363883
Hydrophone,Looped,H1,Orifice Leak,Transient,N,15,LO_OL_Transient_N_H1,-0.0006919966392321751,0.24459921007640406,-0.4478883145306553,1.924726774684392,0.2446001889397258,10.0,4.754726754333208
Hydrophone,Looped,H1,Orifice Leak,Transient,N,16,LO_OL_Transient_N_H1,0.000774611369268536,0.14750395533708782,-0.23963056757173823,0.4206457295728465,0.14750598924402694,10.0,2.6155068487249875
Hydrophone,Looped,H1,Orifice Leak,Transient,N,17,LO_OL_Transient_N_H1,0.0006121634446161061,0.10638507379397369,0.09252436869641362,-0.012763994381918664,0.10638683504189864,10.0,1.6508349253432208
Hydrophone,Looped,H1,Orifice Leak,Transient,N,18,LO_OL_Transient_N_H1,0.0006977108411100558,0.10600738614180147,-0.1745926813519326,-0.17898016253968407,0.10600968218533062,24.666666666666664,1.9664085833191711
Hydrophone,Looped,H1,Orifice Leak,Transient,N,19,LO_OL_Transient_N_H1,-0.0004022319271234109,0.10499734349834473,-0.04272132799647856,0.14612165479653516,0.1049981139460733,24.666666666666664,0.7783853426443491
Hydrophone,Looped,H1,Orifice Leak,Transient,N,20,LO_OL_Transient_N_H1,-0.00016482591467243332,0.09925533376632581,-0.005678993285782572,0.2863443901570264,0.09925547062327035,23.0,0.3465140031054868
Hydrophone,Looped,H1,Orifice Leak,Transient,N,21,LO_OL_Transient_N_H1,-0.00010854405989604558,0.1035083389997669,-0.050752727214125166,0.7352475614912617,0.10350839591213654,24.0,0.38620800655643955
Hydrophone,Looped,H1,Orifice Leak,Transient,N,22,LO_OL_Transient_N_H1,-0.00019421718442884107,0.11071575072918076,0.10302622959681237,0.29643371311007227,0.11071592107660405,24.333333333333332,1.1024578082623968
Hydrophone,Looped,H2,Orifice Leak,Transient,N,0,LO_OL_Transient_N_H2,-4.1199049342847865e-05,0.03707628720934784,0.16018569913560574,-0.2759308861673273,0.037076310099465354,9.666666666666666,2.220603580960249
Hydrophone,Looped,H2,Orifice Leak,Transient,N,1,LO_OL_Transient_N_H2,0.0007696417686991109,0.031204919985477753,0.07409085942208385,-0.4293346058763827,0.031214409809448507,9.333333333333332,2.289242277267948
Hydrophone,Looped,H2,Orifice Leak,Transient,N,2,LO_OL_Transient_N_H2,-0.00023265474866672787,0.035918361778150366,-0.02611596612862669,-0.29988139212741016,0.03591911525995831,9.666666666666666,1.6704004288214849
Hydrophone,Looped,H2,Orifice Leak,Transient,N,3,LO_OL_Transient_N_H2,-0.0004125570160253831,0.03655149886408446,-0.11081854700035061,-0.3736156275164211,0.036553827056857384,9.666666666666666,1.988860398373238
Hydrophone,Looped,H2,Orifice Leak,Transient,N,4,LO_OL_Transient_N_H2,0.0002110430634280818,0.028272926081282974,-0.04348119870066412,-0.19728422807858514,0.028273713735063388,9.666666666666666,1.7627128995812629
Hydrophone,Looped,H2,Orifice Leak,Transient,N,5,LO_OL_Transient_N_H2,4.9563700865554727e-05,0.024963180154543806,0.0925729778440179,-0.2756865424913233,0.024963229358171052,33.33333333333333,1.885948943428339
Hydrophone,Looped,H2,Orifice Leak,Transient,N,6,LO_OL_Transient_N_H2,0.00014078799043946728,0.02888230450007263,-0.039571030023575766,-0.35060546496880507,0.0288826476364818,19.333333333333332,1.514826189938237
Hydrophone,Looped,H2,Orifice Leak,Transient,N,7,LO_OL_Transient_N_H2,4.4490009321375014e-05,0.030462440084812793,0.0322343682152968,-0.12137893279934531,0.030462472573344057,19.333333333333332,1.4115607885355361
Hydrophone,Looped,H2,Orifice Leak,Transient,N,8,LO_OL_Transient_N_H2,-0.00023726517062252187,0.02977338193269406,-0.21329839126890318,0.1072481032097814,0.02977432730510067,19.333333333333332,2.2467620472530574
Hydrophone,Looped,H2,Orifice Leak,Transient,N,9,LO_OL_Transient_N_H2,-7.921403845312459e-05,0.02760887931941679,-0.22409742619463097,0.132623702438456,0.027608992957694204,19.333333333333332,2.312329989021833
Hydrophone,Looped,H2,Orifice Leak,Transient,N,10,LO_OL_Transient_N_H2,0.00015327856325009372,0.025298696721262542,0.10172362504703816,0.07472063137024687,0.025299161055504827,9.666666666666666,1.9848636650906601
Hydrophone,Looped,H2,Orifice Leak,Transient,N,11,LO_OL_Transient_N_H2,4.131108691158823e-05,0.027365235541837722,-0.032138602554673094,-0.23345544284300512,0.027365266723826397,9.666666666666666,1.7295404390532136
Hydrophone,Looped,H2,Orifice Leak,Transient,N,12,LO_OL_Transient_N_H2,7.719791141434955e-05,0.02899453705518584,-0.023537191468115833,-0.19552197159146845,0.02899463982466538,19.0,1.4209458538404194
Hydrophone,Looped,H2,Orifice Leak,Transient,N,13,LO_OL_Transient_N_H2,-0.00038514397139849995,0.032883238500648476,-0.1526017211374523,-0.24396442421488107,0.03288549391706372,10.0,2.1624261511145075
Hydrophone,Looped,H2,Orifice Leak,Transient,N,14,LO_OL_Transient_N_H2,0.001771356646010632,0.16530636195947698,-0.35792849878747207,3.589685377582769,0.16531585226058929,9.666666666666666,4.857409687604465
Hydrophone,Looped,H2,Orifice Leak,Transient,N,15,LO_OL_Transient_N_H2,0.0010336482649571318,0.21289767536895504,-0.27046834890763305,0.06217183633998058,0.21290018460828214,10.0,3.342899033943256
Hydrophone,Looped,H2,Orifice Leak,Transient,N,16,LO_OL_Transient_N_H2,-0.0016938267968169213,0.14439707619361294,-0.29050932159555654,0.1997744352235622,0.14440701043398718,10.0,3.834959885827123
Hydrophone,Looped,H2,Orifice Leak,Transient,N,17,LO_OL_Transient_N_H2,-0.0006505651062691618,0.05351963190570105,0.1694391918058995,0.23935012252751786,0.05352358577561138,10.0,2.3281458516473084
Hydrophone,Looped,H2,Orifice Leak,Transient,N,18,LO_OL_Transient_N_H2,-0.0005062609945879296,0.038645820626172715,0.05903413013840147,-0.6323416687332042,0.03864913649830947,10.0,1.9535543907152355
Hydrophone,Looped,H2,Orifice Leak,Transient,N,19,LO_OL_Transient_N_H2,-4.1954815454108066e-05,0.03690899277217875,0.19712023810882745,-0.4276949055489476,0.036909016617396935,9.666666666666666,2.4836322761771443
Hydrophone,Looped,H2,Orifice Leak,Transient,N,20,LO_OL_Transient_N_H2,0.0003495898618985435,0.032564191769314854,-0.01832650304740535,-0.30524916125053325,0.03256606821002891,10.0,1.7692787449881775
Hydrophone,Looped,H2,Orifice Leak,Transient,N,21,LO_OL_Transient_N_H2,-4.5997434820108576e-05,0.034523506294671026,-0.10274504478702212,-0.24103937799034103,0.03452353693702602,10.0,1.8219130559866081
Hydrophone,Looped,H2,Orifice Leak,Transient,N,22,LO_OL_Transient_N_H2,0.0002521261761675545,0.036665141580679274,0.05359595410870705,-0.2769598822104964,0.0366660084375156,10.0,1.7570909704396585
Hydrophone,Branched,H1,Circumferential Crack,0.18 LPS,N,0,BR_CC_0.18 LPS_N_H1,-0.0005059049048038129,0.14329051296830847,-0.012775382470270555,-0.14333622508837696,0.14329140604549068,12.333333333333332,1.157391731551497
Hydrophone,Branched,H1,Circumferential Crack,0.18 LPS,N,1,BR_CC_0.18 LPS_N_H1,-0.0009463164881448195,0.13160803902249527,-0.0315898471824078,0.3971020789040418,0.1316114411829092,12.0,1.7032365816053283
Hydrophone,Branched,H1,Circumferential Crack,0.18 LPS,N,2,BR_CC_0.18 LPS_N_H1,1.7938316219372474e-06,0.11251403744953911,0.015043118041608674,0.12948090675177193,0.11251403746383881,12.0,0.7822024329134933
Hydrophone,Branched,H1,Circumferential Crack,0.18 LPS,N,3,BR_CC_0.18 LPS_N_H1,9.509306278057987e-05,0.12512316201315146,0.006550780261833164,-0.3607925624362953,0.12512319814830475,11.666666666666666,0.8904855640946915
Hydrophone,Branched,H1,Circumferential Crack,0.18 LPS,N,4,BR_CC_0.18 LPS_N_H1,0.0002671002597073883,0.12561470382222326,-0.005303076661900012,-0.274153940344966,0.1256149877956194,12.333333333333332,0.9215048527872904
Hydrophone,Branched,H1,Circumferential Crack,0.18 LPS,N,5,BR_CC_0.18 LPS_N_H1,-0.0006528072691564159,0.12221655728200836,0.00263604124863114,-0.22837282445475315,0.12221830072127945,13.0,1.2814115485168687
Hydrophone,Branched,H1,Circumferential Crack,0.18 LPS,N,6,BR_CC_0.18 LPS_N_H1,0.00033556546071253617,0.12500884449282385,-0.007697809184288527,-0.5741906392481746,0.1250092948768588,12.0,1.0833642000456023
Hydrophone,Branched,H1,Circumferential Crack,0.18 LPS,N,7,BR_CC_0.18 LPS_N_H1,0.0002742803876725597,0.13677774151601987,0.0010999466094593897,-0.07063928673440767,0.13677801652295668,12.333333333333332,0.9160373056156452
Hydrophone,Branched,H1,Circumferential Crack,0.18 LPS,N,8,BR_CC_0.18 LPS_N_H1,0.00016485534358416594,0.12608599704907392,0.0017219515131329341,0.3450340378986292,0.12608610482183746,15.333333333333332,0.615379209267849
Hydrophone,Branched,H1,Circumferential Crack,0.18 LPS,N,9,BR_CC_0.18 LPS_N_H1,0.00019854678642907493,0.13755672572543298,0.005569996293753979,-0.15264380249026122,0.13755686901470388,12.333333333333332,0.8793506963250944
Hydrophone,Branched,H1,Circumferential Crack,0.18 LPS,N,10,BR_CC_0.18 LPS_N_H1,-0.00013247396831322464,0.14562980218290844,0.023603958020414796,-0.3638701935049604,0.14562986243619586,11.333333333333332,0.9905576763745635
Hydrophone,Branched,H1,Circumferential Crack,0.18 LPS,N,11,BR_CC_0.18 LPS_N_H1,0.000990462421705806,0.16553602438329382,0.00635958662179248,-0.31136014470732265,0.16553898750576934,11.666666666666666,1.9207700284831863
Hydrophone,Branched,H1,Circumferential Crack,0.18 LPS,N,12,BR_CC_0.18 LPS_N_H1,-0.0008975157799693429,0.178684709276741,0.005748171522747533,-0.5253174566054883,0.17868696332941789,11.333333333333332,1.8850701903326335
Hydrophone,Branched,H1,Circumferential Crack,0.18 LPS,N,13,BR_CC_0.18 LPS_N_H1,-0.0021862653698066915,0.1467711553529516,-0.002823464273333408,-0.3368204856112076,0.1467874374730599,11.333333333333332,3.6388596832033775
Hydrophone,Branched,H1,Circumferential Crack,0.18 LPS,N,14,BR_CC_0.18 LPS_N_H1,0.00025710940782462427,0.1471537561997091,-0.0275424741503619,0.08111979033674688,0.14715398081238248,12.666666666666666,0.9435347701378964
Hydrophone,Branched,H1,Circumferential Crack,0.18 LPS,N,15,BR_CC_0.18 LPS_N_H1,0.0011180625333213243,0.15402722986715975,-0.037122470256873784,-0.21526404601748084,0.15403128774498798,12.666666666666666,2.0460565184660693
Hydrophone,Branched,H1,Circumferential Crack,0.18 LPS,N,16,BR_CC_0.18 LPS_N_H1,0.0005838057958977097,0.13290463598804994,-0.0031530844250933034,-0.5251504295440683,0.13290591821406367,12.666666666666666,1.2993181777789382
Hydrophone,Branched,H1,Circumferential Crack,0.18 LPS,N,17,BR_CC_0.18 LPS_N_H1,0.00021792502557807278,0.126906873846933,0.021890389797228134,-0.530433311738443,0.12690706095768722,11.333333333333332,1.0365901231349801
Hydrophone,Branched,H1,Circumferential Crack,0.18 LPS,N,18,BR_CC_0.18 LPS_N_H1,0.0011768892251174433,0.13078047480073748,0.013744667408829828,-0.7164934709478521,0.13078577008740105,11.333333333333332,2.170545951928507
Hydrophone,Branched,H1,Circumferential Crack,0.18 LPS,N,19,BR_CC_0.18 LPS_N_H1,-0.0009490430999222627,0.1437079240420034,0.024203548547218123,-0.5115552571170716,0.14371105773484422,11.0,1.8247187443897175
Hydrophone,Branched,H1,Circumferential Crack,0.18 LPS,N,20,BR_CC_0.18 LPS_N_H1,-0.00015125529802106672,0.14036376384533775,0.022500420439341168,-0.3844788048720842,0.14036384534129479,12.333333333333332,0.9305147303714849
Hydrophone,Branched,H1,Circumferential Crack,0.18 LPS,N,21,BR_CC_0.18 LPS_N_H1,0.0012140274069736736,0.14091297794069846,-0.026468200115504194,-0.4376356722055945,0.1409182075342312,12.0,2.1803049859372754
Hydrophone,Branched,H1,Circumferential Crack,0.18 LPS,N,22,BR_CC_0.18 LPS_N_H1,-0.001604031332513972,0.14044222766002562,-0.00749216462411066,-0.24317669533773945,0.14045138741438673,11.333333333333332,2.7224822215196696
Hydrophone,Branched,H1,Circumferential Crack,0.18 LPS,N,23,BR_CC_0.18 LPS_N_H1,-0.0008057376967405539,0.11688726520372382,0.04228083466485667,-0.08586287267839854,0.11689004226212604,11.333333333333332,1.5837098533945728
Hydrophone,Branched,H1,Circumferential Crack,0.18 LPS,N,24,BR_CC_0.18 LPS_N_H1,-0.0007357015011108836,0.1417657004056519,-0.12670434411426915,0.6999559260341224,0.14176760937606228,11.0,1.8139275585449064
Hydrophone,Branched,H2,Circumferential Crack,0.18 LPS,N,0,BR_CC_0.18 LPS_N_H2,-0.0003516994525654812,0.06608558623471993,0.05882456678763206,-0.24856949951910634,0.06608652207894995,12.333333333333332,1.4082032872823178
Hydrophone,Branched,H2,Circumferential Crack,0.18 LPS,N,1,BR_CC_0.18 LPS_N_H2,-0.0005407868687441394,0.060346308911919215,0.0480663616574699,0.22109348936845752,0.06034873196455901,12.0,1.4947513420174492
Hydrophone,Branched,H2,Circumferential Crack,0.18 LPS,N,2,BR_CC_0.18 LPS_N_H2,7.468411076950284e-05,0.0517206016725874,0.02578148204852782,0.05796470526235353,0.051720655594170994,12.0,1.2989092657680765
Hydrophone,Branched,H2,Circumferential Crack,0.18 LPS,N,3,BR_CC_0.18 LPS_N_H2,6.337470537221586e-05,0.05789365110655937,0.03488526795159002,-0.42836996989909215,0.05789368579388692,11.666666666666666,1.3954088994451173
Hydrophone,Branched,H2,Circumferential Crack,0.18 LPS,N,4,BR_CC_0.18 LPS_N_H2,9.33944258537287e-05,0.059540712980111224,0.016621035396851086,-0.3875366483459919,0.05954078622842299,12.333333333333332,1.307277879575696
Hydrophone,Branched,H2,Circumferential Crack,0.18 LPS,N,5,BR_CC_0.18 LPS_N_H2,-0.00036373726462219405,0.05815725029926081,-0.06567040527141624,-0.36721921248423195,0.05815838776280294,13.0,1.4725398603584066
Hydrophone,Branched,H2,Circumferential Crack,0.18 LPS,N,6,BR_CC_0.18 LPS_N_H2,0.00018338608868684577,0.05845926253291274,-0.06627884055435912,-0.5925763803352009,0.05845955017231606,12.0,1.5276606586926202
Hydrophone,Branched,H2,Circumferential Crack,0.18 LPS,N,7,BR_CC_0.18 LPS_N_H2,0.00014231072476617116,0.06266611440872008,0.03917026422621066,-0.10500317701790385,0.06266627599777394,12.333333333333332,1.256978273913714
Hydrophone,Branched,H2,Circumferential Crack,0.18 LPS,N,8,BR_CC_0.18 LPS_N_H2,9.480870145205977e-05,0.05752330987219295,-0.008812508166016208,0.2315481708816205,0.05752338800298712,15.333333333333332,1.0032542654267373
Hydrophone,Branched,H2,Circumferential Crack,0.18 LPS,N,9,BR_CC_0.18 LPS_N_H2,0.00022784796419931364,0.06369523634981629,-0.0217802685402718,-0.22301389436817587,0.06369564387266799,12.333333333333332,1.2454129765291029
Hydrophone,Branched,H2,Circumferential Crack,0.18 LPS,N,10,BR_CC_0.18 LPS_N_H2,-8.37304663611785e-05,0.06682077149168218,0.05072577800815809,-0.32269648989399435,0.06682082395132974,12.666666666666666,1.2757622604742842
Hydrophone,Branched,H2,Circumferential Crack,0.18 LPS,N,11,BR_CC_0.18 LPS_N_H2,0.00032426318758517123,0.07375454965049189,0.030090107991140324,-0.20912423909436395,0.07375526246147929,11.666666666666666,1.2768259881466626
Hydrophone,Branched,H2,Circumferential Crack,0.18 LPS,N,12,BR_CC_0.18 LPS_N_H2,-0.00045178243662767387,0.08067345356430515,0.022723759247175644,-0.5062418972113929,0.08067471857628104,11.333333333333332,1.3732272258952425
Hydrophone,Branched,H2,Circumferential Crack,0.18 LPS,N,13,BR_CC_0.18 LPS_N_H2,-0.0009154396211645834,0.06833589710656911,0.026206091749602495,-0.4021512525556439,0.06834202852608048,11.333333333333332,1.9199665547834601
Hydrophone,Branched,H2,Circumferential Crack,0.18 LPS,N,14,BR_CC_0.18 LPS_N_H2,0.00010282567381291408,0.06874658231334778,-0.06380651633771678,0.0617767524477002,0.06874665921253989,12.666666666666666,1.1405389066645808
Hydrophone,Branched,H2,Circumferential Crack,0.18 LPS,N,15,BR_CC_0.18 LPS_N_H2,0.0005623106967052329,0.07207210975863972,-0.0609936302598849,-0.23259772564783665,0.07207430331526651,12.666666666666666,1.503971876632221
Hydrophone,Branched,H2,Circumferential Crack,0.18 LPS,N,16,BR_CC_0.18 LPS_N_H2,0.000258992839705883,0.0624623157550196,0.03907463176166948,-0.45979839902394914,0.06246285269478804,12.666666666666666,1.3979601146956009
Hydrophone,Branched,H2,Circumferential Crack,0.18 LPS,N,17,BR_CC_0.18 LPS_N_H2,-7.451920789675566e-06,0.05895290064717761,0.0032713171155082377,-0.43867020834799586,0.058952901118156334,15.333333333333332,1.201238109243163
Hydrophone,Branched,H2,Circumferential Crack,0.18 LPS,N,18,BR_CC_0.18 LPS_N_H2,0.0004883876682934978,0.059484596220254066,0.000521988889584651,-0.6270910371238205,0.059486601096391485,11.333333333333332,1.6349637678519324
Hydrophone,Branched,H2,Circumferential Crack,0.18 LPS,N,19,BR_CC_0.18 LPS_N_H2,-0.00042027991175226604,0.06549180905322353,0.06257292619731407,-0.33087350626228895,0.06549315756831484,11.0,1.5409530437515273
Hydrophone,Branched,H2,Circumferential Crack,0.18 LPS,N,20,BR_CC_0.18 LPS_N_H2,2.7615829067673274e-05,0.06460577372061516,0.047315965450392634,-0.35115493721072744,0.06460577962282742,12.666666666666666,1.2927536148508163
Hydrophone,Branched,H2,Circumferential Crack,0.18 LPS,N,21,BR_CC_0.18 LPS_N_H2,0.0005880234542786223,0.06443168410733162,-0.03255857736794048,-0.42471931108521144,0.06443436729331446,12.0,1.6093813722473158
Hydrophone,Branched,H2,Circumferential Crack,0.18 LPS,N,22,BR_CC_0.18 LPS_N_H2,-0.0007388423927509278,0.06306439822314007,-0.006312265504063603,-0.12334487927506244,0.06306872609564997,11.333333333333332,1.661592358554785
Hydrophone,Branched,H2,Circumferential Crack,0.18 LPS,N,23,BR_CC_0.18 LPS_N_H2,-0.00040595073204415823,0.05219574748050815,0.02327586555033232,-0.0638295014249799,0.052197326090958146,11.333333333333332,1.468961843525441
Hydrophone,Branched,H2,Circumferential Crack,0.18 LPS,N,24,BR_CC_0.18 LPS_N_H2,-0.00031303805844151727,0.06445786313652924,-0.19002712247057815,0.4204641533973863,0.06445862326293952,12.333333333333332,1.933232951226735
Hydrophone,Branched,H1,Circumferential Crack,0.47 LPS,N,0,BR_CC_0.47 LPS_N_H1,0.0021916090665799856,0.21241331535463154,0.059264553323355375,-0.47425958886618513,0.21242462119595945,11.0,3.904397772682996
Hydrophone,Branched,H1,Circumferential Crack,0.47 LPS,N,1,BR_CC_0.47 LPS_N_H1,-0.0017688009384644206,0.23109608601789902,0.04512050193157054,-0.7911730361051323,0.23110285508740927,10.666666666666666,3.4176853613010763
Hydrophone,Branched,H1,Circumferential Crack,0.47 LPS,N,2,BR_CC_0.47 LPS_N_H1,0.000529858530607927,0.2464095724149078,-0.04317295207907092,-0.7620940608321498,0.24641014209597817,11.0,2.2163146842945003
Hydrophone,Branched,H1,Circumferential Crack,0.47 LPS,N,3,BR_CC_0.47 LPS_N_H1,8.326419742673607e-05,0.2259521645509192,-0.039529765321751585,-0.35773384962926746,0.22595217989249905,11.333333333333332,1.7734360058812042
Hydrophone,Branched,H1,Circumferential Crack,0.47 LPS,N,4,BR_CC_0.47 LPS_N_H1,-0.0012899734288684508,0.26217072481206394,-0.046731822381723284,0.5007299528353508,0.2621738983574264,11.666666666666666,3.1496421130897594
Hydrophone,Branched,H1,Circumferential Crack,0.47 LPS,N,5,BR_CC_0.47 LPS_N_H1,-0.0009162357973084027,0.2715804289407774,-0.026562337191696823,0.3961553391611683,0.27158197449700694,11.666666666666666,2.863465374282567
Hydrophone,Branched,H1,Circumferential Crack,0.47 LPS,N,6,BR_CC_0.47 LPS_N_H1,-0.001184137846120667,0.19411641954818976,0.032191158976308816,-0.06930703851173847,0.19412003121946855,10.666666666666666,2.374402172883841
Hydrophone,Branched,H1,Circumferential Crack,0.47 LPS,N,7,BR_CC_0.47 LPS_N_H1,0.0009238280436150791,0.17574693060788413,-0.005390654492717736,-0.9189128866904039,0.17574935867975908,11.0,1.9713670860533454
Hydrophone,Branched,H1,Circumferential Crack,0.47 LPS,N,8,BR_CC_0.47 LPS_N_H1,0.0005059045950556351,0.15833939030271388,0.001024332226878764,-0.4272318967382307,0.15834019849960548,11.0,1.3302757549900477
Hydrophone,Branched,H1,Circumferential Crack,0.47 LPS,N,9,BR_CC_0.47 LPS_N_H1,-0.0005081647340915851,0.24094747341100645,-0.07008092176297825,0.09169238582297146,0.24094800927699034,11.0,2.220221828601441
Hydrophone,Branched,H1,Circumferential Crack,0.47 LPS,N,10,BR_CC_0.47 LPS_N_H1,0.0006204434722616535,0.27183699220683744,-0.03609239370035306,-0.6221027018727829,0.27183770025911136,11.0,2.5565398774059194
Hydrophone,Branched,H1,Circumferential Crack,0.47 LPS,N,11,BR_CC_0.47 LPS_N_H1,-8.201366717832181e-05,0.19153251942885008,0.04350540135353935,-0.23691907663092016,0.19153253698785602,11.333333333333332,1.390558266095354
Hydrophone,Branched,H1,Circumferential Crack,0.47 LPS,N,12,BR_CC_0.47 LPS_N_H1,-0.000504947646598262,0.19632522217302625,0.020340290955865436,0.600382293121041,0.19632587153356515,11.0,1.724042408152889
Hydrophone,Branched,H1,Circumferential Crack,0.47 LPS,N,13,BR_CC_0.47 LPS_N_H1,0.0013891265929401547,0.23794715810997819,-0.0035832934431707674,-0.4289047453891399,0.23795121290992857,11.333333333333332,2.920251459583778
Hydrophone,Branched,H1,Circumferential Crack,0.47 LPS,N,14,BR_CC_0.47 LPS_N_H1,-0.001406559375292854,0.21092138981743913,-0.008587580434153388,-0.6031255579098014,0.21092607968621693,11.0,2.7638760212511806
Hydrophone,Branched,H1,Circumferential Crack,0.47 LPS,N,15,BR_CC_0.47 LPS_N_H1,-0.0013881572062537594,0.18913688442240162,-0.002123828550536243,-0.4946180214055085,0.1891419784961609,11.0,2.598547675917973
Hydrophone,Branched,H1,Circumferential Crack,0.47 LPS,N,16,BR_CC_0.47 LPS_N_H1,0.0014623402454568518,0.2410022657149426,0.005533393853983975,-0.43424234293722686,0.2410067022278204,11.333333333333332,3.0355995108192793
Hydrophone,Branched,H1,Circumferential Crack,0.47 LPS,N,17,BR_CC_0.47 LPS_N_H1,0.0011733706227537416,0.23716827492529585,-0.003518252386024138,-0.4550188491405449,0.2371711774850795,11.333333333333332,2.656623715599352
Hydrophone,Branched,H1,Circumferential Crack,0.47 LPS,N,18,BR_CC_0.47 LPS_N_H1,0.0004849234935382038,0.24359231434892992,-0.0023736356813192725,-0.6122237678369951,0.24359279702130454,11.0,2.109789974141887
Hydrophone,Branched,H1,Circumferential Crack,0.47 LPS,N,19,BR_CC_0.47 LPS_N_H1,-0.000891993357057607,0.2454396922338991,0.021718935882243107,-0.5563928663088609,0.24544131309952721,11.0,2.4682884894108787
Hydrophone,Branched,H1,Circumferential Crack,0.47 LPS,N,20,BR_CC_0.47 LPS_N_H1,-0.0002831234501485153,0.20285510433343973,0.031682635847110306,-0.793953173421031,0.202855301910053,11.0,1.5906069442477244
Hydrophone,Branched,H1,Circumferential Crack,0.47 LPS,N,21,BR_CC_0.47 LPS_N_H1,-0.0003037807960101562,0.20488795570579943,0.02010970143385131,-0.8466170652812419,0.20488818090869385,11.333333333333332,1.6072134671145644
Hydrophone,Branched,H2,Circumferential Crack,0.47 LPS,N,0,BR_CC_0.47 LPS_N_H2,0.0007565929335728325,0.09408722732393025,-0.024516395696059377,-0.5015064221578678,0.09409026930757537,11.0,1.6523393002269309
Hydrophone,Branched,H2,Circumferential Crack,0.47 LPS,N,1,BR_CC_0.47 LPS_N_H2,-0.000596234186707865,0.10133433355572084,-0.01859061490324655,-0.6749385118555256,0.10133608761141064,10.666666666666666,1.4616148968685059
Hydrophone,Branched,H2,Circumferential Crack,0.47 LPS,N,2,BR_CC_0.47 LPS_N_H2,0.00019882251790985617,0.10972470159471401,-0.03568956944254726,-0.7435914087959206,0.10972488172899829,11.0,1.1805630961423856
Hydrophone,Branched,H2,Circumferential Crack,0.47 LPS,N,3,BR_CC_0.47 LPS_N_H2,-0.00018937923756985405,0.10105668016142899,-0.02614327674376663,-0.4271010290908386,0.10105685760869954,11.333333333333332,1.035799172049622
Hydrophone,Branched,H2,Circumferential Crack,0.47 LPS,N,4,BR_CC_0.47 LPS_N_H2,-0.000444895271156154,0.1172812765533208,-0.01097625315215173,0.43840860615959043,0.11728212038405005,11.666666666666666,1.0312355142438945
Hydrophone,Branched,H2,Circumferential Crack,0.47 LPS,N,5,BR_CC_0.47 LPS_N_H2,-0.00038074890764397157,0.12206843045836527,0.019653305702861987,0.2842660914530488,0.12206902426209293,11.666666666666666,1.0057171037502783
Hydrophone,Branched,H2,Circumferential Crack,0.47 LPS,N,6,BR_CC_0.47 LPS_N_H2,-0.0005319936878262302,0.0871714547784399,0.05922790865030685,-0.04454471777176394,0.08717307810025686,10.666666666666666,1.4303182891119133
Hydrophone,Branched,H2,Circumferential Crack,0.47 LPS,N,7,BR_CC_0.47 LPS_N_H2,0.0005759807038882268,0.07891522555520425,-0.015599995306897773,-0.6715955869512782,0.07891732749022874,11.0,1.584583316674988
Hydrophone,Branched,H2,Circumferential Crack,0.47 LPS,N,8,BR_CC_0.47 LPS_N_H2,0.0003193419031845407,0.07249017019307274,-0.017278783699668846,-0.18784206477917298,0.07249087359020984,11.0,1.264091501032978
Hydrophone,Branched,H2,Circumferential Crack,0.47 LPS,N,9,BR_CC_0.47 LPS_N_H2,-0.00017845481894317804,0.10491577915684205,-0.0488844412978599,0.013338113752240588,0.10491593092666936,11.0,0.9603590449939647
Hydrophone,Branched,H2,Circumferential Crack,0.47 LPS,N,10,BR_CC_0.47 LPS_N_H2,5.8686927687013003e-05,0.11844748069329071,-0.04681732372441741,-0.5651895158369178,0.11844749523203502,11.0,1.0678105915564584
Hydrophone,Branched,H2,Circumferential Crack,0.47 LPS,N,11,BR_CC_0.47 LPS_N_H2,-7.728700206815609e-05,0.08625373525815999,0.023261120232516603,-0.006897365085346774,0.0862537698843676,11.333333333333332,0.9976021652480124
Hydrophone,Branched,H2,Circumferential Crack,0.47 LPS,N,12,BR_CC_0.47 LPS_N_H2,-0.00022057739210035003,0.09021770342526896,0.09174257125037517,0.45372704979562295,0.09021797307474655,11.666666666666666,1.3189489615886192
Hydrophone,Branched,H2,Circumferential Crack,0.47 LPS,N,13,BR_CC_0.47 LPS_N_H2,0.0005047479054602849,0.10780205823462337,-0.0007901051613710518,-0.339892138693453,0.10780323988669913,11.333333333333332,1.2416603015554577
Hydrophone,Branched,H2,Circumferential Crack,0.47 LPS,N,14,BR_CC_0.47 LPS_N_H2,-0.0005263580405553858,0.09455641473053988,-0.03360339245331137,-0.35129612949481137,0.09455787973236666,11.0,1.3239154065961856
Hydrophone,Branched,H2,Circumferential Crack,0.47 LPS,N,15,BR_CC_0.47 LPS_N_H2,-0.0004385873533800722,0.08449023562308333,-0.012567327675596483,-0.4171829200988131,0.08449137396510183,12.0,1.2572860757222946
Hydrophone,Branched,H2,Circumferential Crack,0.47 LPS,N,16,BR_CC_0.47 LPS_N_H2,0.0007773994989961333,0.10760211637591477,-0.011198383404217317,-0.4765604447701275,0.10760492460179016,11.333333333333332,1.6026461166764223
Hydrophone,Branched,H2,Circumferential Crack,0.47 LPS,N,17,BR_CC_0.47 LPS_N_H2,0.0002478101438145602,0.10553104764450251,-0.005859166800522794,-0.49556938195955524,0.10553133860050122,11.333333333333332,1.0695051722020958
Hydrophone,Branched,H2,Circumferential Crack,0.47 LPS,N,18,BR_CC_0.47 LPS_N_H2,-7.804594218251815e-05,0.10744308708607374,0.011833049332512597,-0.6718744986573308,0.10744311543209605,11.0,1.075058748280001
Hydrophone,Branched,H2,Circumferential Crack,0.47 LPS,N,19,BR_CC_0.47 LPS_N_H2,-0.00032025515004950974,0.10875730516397598,0.0069229246993953684,-0.6135748395731215,0.1087577766869631,11.0,1.1478546657330777
Hydrophone,Branched,H2,Circumferential Crack,0.47 LPS,N,20,BR_CC_0.47 LPS_N_H2,8.477084951419411e-05,0.08986795088581671,-0.03015778026566659,-0.7076742015188118,0.08986799086722977,11.0,1.2217868737961504
Hydrophone,Branched,H2,Circumferential Crack,0.47 LPS,N,21,BR_CC_0.47 LPS_N_H2,-0.00012405038575532672,0.09155104668713163,0.017807781131922443,-0.902179193093076,0.0915511307303605,11.333333333333332,1.270928888928977
Hydrophone,Branched,H1,Circumferential Crack,ND,NN,0,BR_CC_ND_NN_H1,0.0005876139566672092,0.17751060810034772,-0.003383196303010943,-0.09651115976085878,0.17751158068790135,11.333333333333332,1.5589163993837198
Hydrophone,Branched,H1,Circumferential Crack,ND,NN,1,BR_CC_ND_NN_H1,0.00048546008436158386,0.23497044059205513,-0.028701898830559874,-0.45335110909351783,0.23497094208330954,11.666666666666666,2.043559381960146
Hydrophone,Branched,H1,Circumferential Crack,ND,NN,2,BR_CC_ND_NN_H1,-0.001494811222616061,0.22288432368163455,-0.012980274485019032,-0.3899953882962732,0.22288933622677173,11.0,3.2069202674082753
Hydrophone,Branched,H1,Circumferential Crack,ND,NN,3,BR_CC_ND_NN_H1,0.0009600900713590506,0.23368662614479674,-0.009554419115556727,-0.14240780347944204,0.23368859837801914,11.0,2.439058054872437
Hydrophone,Branched,H1,Circumferential Crack,ND,NN,4,BR_CC_ND_NN_H1,0.0016012933863139688,0.24778153915732737,-0.016696099243862495,-0.4657269045282457,0.24778671329932767,11.0,3.4584917164757463
Hydrophone,Branched,H1,Circumferential Crack,ND,NN,5,BR_CC_ND_NN_H1,-0.001610250125113972,0.17419718959891167,-0.0053267697859016964,-0.3580409356634089,0.17420463188338195,11.333333333333332,3.172164910494291
Hydrophone,Branched,H1,Circumferential Crack,ND,NN,6,BR_CC_ND_NN_H1,-0.0030602339735836034,0.17585492493696298,-0.039626571166762964,-0.10923343747370051,0.1758815500743553,11.333333333333332,5.6296097474317
Hydrophone,Branched,H1,Circumferential Crack,ND,NN,7,BR_CC_ND_NN_H1,0.0007782131141837383,0.20256708235782678,-0.01837959326301926,-0.47123932631225474,0.2025685772043968,11.0,2.0571534977455936
Hydrophone,Branched,H1,Circumferential Crack,ND,NN,8,BR_CC_ND_NN_H1,0.0023757060877684887,0.17037985104083433,0.039424084472573326,-0.23005989761231183,0.1703964131668045,11.0,4.315873343787534
Hydrophone,Branched,H1,Circumferential Crack,ND,NN,9,BR_CC_ND_NN_H1,-0.0005182243190838494,0.1802408503402527,-0.011564985426588516,-0.49117903344897496,0.18024159533199394,11.0,1.6476052068594518
Hydrophone,Branched,H1,Circumferential Crack,ND,NN,10,BR_CC_ND_NN_H1,0.0010125384835344567,0.2517112620966972,-0.012016256517227025,-0.7664677729563234,0.2517132986166858,11.0,2.736997792483565
Hydrophone,Branched,H1,Circumferential Crack,ND,NN,11,BR_CC_ND_NN_H1,0.001203338051562987,0.26277077921863107,-0.009201857362368076,-0.8897277858350696,0.2627735345000194,11.333333333333332,3.059652420285083
Hydrophone,Branched,H1,Circumferential Crack,ND,NN,12,BR_CC_ND_NN_H1,-0.001632938217841348,0.20282700910298415,0.01060249190262664,-0.48443964060235567,0.20283358230057788,11.0,3.340372816831267
Hydrophone,Branched,H1,Circumferential Crack,ND,NN,13,BR_CC_ND_NN_H1,-0.0017285683687017646,0.16779353389782073,0.01859305260149395,-0.6233962705296987,0.16780243730805697,11.0,3.3913224998790255
Hydrophone,Branched,H1,Circumferential Crack,ND,NN,14,BR_CC_ND_NN_H1,0.00040101462946987975,0.2237033326933677,-0.011141527965723482,0.16409885836216986,0.22370369212610822,11.333333333333332,1.7607396748773545
Hydrophone,Branched,H1,Circumferential Crack,ND,NN,15,BR_CC_ND_NN_H1,-0.00027425665458997685,0.24200703132072196,-0.0035914412183610665,-0.1874075116219509,0.24200718672258784,11.333333333333332,1.9323745734305755
Hydrophone,Branched,H1,Circumferential Crack,ND,NN,16,BR_CC_ND_NN_H1,0.0011039704103525932,0.2163648279847095,-0.010171292228367016,-0.6673064924420697,0.21636764439148443,11.0,2.578756970439315
Hydrophone,Branched,H1,Circumferential Crack,ND,NN,17,BR_CC_ND_NN_H1,0.002424932213486141,0.2806887815905184,-0.019807310556430983,-0.7510180076070876,0.2806992561568516,11.333333333333332,4.9283210894723934
Hydrophone,Branched,H1,Circumferential Crack,ND,NN,18,BR_CC_ND_NN_H1,-0.0001130105938696513,0.2714443424786118,-0.00485926025687792,-0.5833356398760539,0.27144436600349664,11.0,2.258026674095468
Hydrophone,Branched,H1,Circumferential Crack,ND,NN,19,BR_CC_ND_NN_H1,-0.002060664954216148,0.2342030533959102,0.005206550686428306,-0.7160740567774027,0.23421211873005437,11.333333333333332,4.176444901940648
Hydrophone,Branched,H1,Circumferential Crack,ND,NN,20,BR_CC_ND_NN_H1,-1.762565122742347e-05,0.25872700096527346,-0.010246108710455724,-0.778483573366989,0.25872700156564293,11.0,2.15752367270052
Hydrophone,Branched,H1,Circumferential Crack,ND,NN,21,BR_CC_ND_NN_H1,8.267543032625113e-06,0.21839522313761103,-0.01276585417554562,-0.24995401465439748,0.2183952232940986,11.0,1.6392608587617443
Hydrophone,Branched,H1,Circumferential Crack,ND,NN,22,BR_CC_ND_NN_H1,-0.00028501750000624234,0.2163152913665661,-0.0026868944920348135,-0.6218801009931729,0.21631547913632468,11.0,1.7681029674823046
Hydrophone,Branched,H2,Circumferential Crack,ND,NN,0,BR_CC_ND_NN_H2,0.0002845036290667746,0.11338295370480117,0.007393481336913308,-0.728505425256174,0.11338331064640879,11.333333333333332,1.106295082351907
Hydrophone,Branched,H2,Circumferential Crack,ND,NN,1,BR_CC_ND_NN_H2,0.0005675395948122187,0.10677939120644497,-0.0033012741833177155,-0.5718293008886843,0.10678089945121598,11.666666666666666,1.3575098679108786
Hydrophone,Branched,H2,Circumferential Crack,ND,NN,2,BR_CC_ND_NN_H2,-0.0006876070751143677,0.09780943856059739,0.008802336833663818,-0.37645894478174524,0.09781185549323264,11.0,1.5749462331712143
Hydrophone,Branched,H2,Circumferential Crack,ND,NN,3,BR_CC_ND_NN_H2,0.00047650928840951953,0.09968866781466364,0.007372400082408221,-0.23744695752818235,0.09968980665927833,11.0,1.1754716503878107
Hydrophone,Branched,H2,Circumferential Crack,ND,NN,4,BR_CC_ND_NN_H2,0.0006758163324333656,0.10581351755686705,0.0016693447678427513,-0.553980765328689,0.10581567570767855,11.0,1.5102370897981379
Hydrophone,Branched,H2,Circumferential Crack,ND,NN,5,BR_CC_ND_NN_H2,-0.0007156051689151166,0.07602133184911199,-0.001495521386763932,-0.4273417253503671,0.07602469984729032,11.333333333333332,1.6467778274186102
Hydrophone,Branched,H2,Circumferential Crack,ND,NN,6,BR_CC_ND_NN_H2,-0.001229506513696406,0.07463523845621434,-0.07686264302046104,-0.2890062049417166,0.0746453649310069,11.333333333333332,2.4833547901386446
Hydrophone,Branched,H2,Circumferential Crack,ND,NN,7,BR_CC_ND_NN_H2,0.0003376558559777834,0.08613319988200413,-0.03248236721707021,-0.5785515598821842,0.08613386171181664,11.0,1.2540175234572013
Hydrophone,Branched,H2,Circumferential Crack,ND,NN,8,BR_CC_ND_NN_H2,0.0008748322192887086,0.07361191212585054,0.027260773611990648,-0.32344064769516034,0.07361711036325623,11.0,1.7744526254770512
Hydrophone,Branched,H2,Circumferential Crack,ND,NN,9,BR_CC_ND_NN_H2,-0.0001573435679907578,0.07898653661406474,-0.06223417518946013,-0.3956933188655847,0.07898669333048053,11.666666666666666,1.1837050300418532
Hydrophone,Branched,H2,Circumferential Crack,ND,NN,10,BR_CC_ND_NN_H2,0.0004807649295130568,0.10926348492965506,-0.0241619985423854,-0.7669069309358343,0.10926454261969161,11.0,1.4109068503934907
Hydrophone,Branched,H2,Circumferential Crack,ND,NN,11,BR_CC_ND_NN_H2,0.0004364918797740856,0.11312381617320749,-0.017631576747294916,-0.8745403373874452,0.11312465827904519,11.333333333333332,1.3701850407835827
Hydrophone,Branched,H2,Circumferential Crack,ND,NN,12,BR_CC_ND_NN_H2,-0.0006843575239949266,0.08825924411355555,-0.013309178665666423,-0.47840811913212455,0.08826189730974991,11.0,1.6032467805169635
Hydrophone,Branched,H2,Circumferential Crack,ND,NN,13,BR_CC_ND_NN_H2,-0.0006497915379885513,0.07358593977225225,0.020273549314849766,-0.6235353260181666,0.0735888086682233,11.0,1.6130378328841808
Hydrophone,Branched,H2,Circumferential Crack,ND,NN,14,BR_CC_ND_NN_H2,0.0001908528170235509,0.0946335729490709,-0.010806781605535904,-0.020759211096637475,0.09463376540064804,11.333333333333332,0.8735442989326105
Hydrophone,Branched,H2,Circumferential Crack,ND,NN,15,BR_CC_ND_NN_H2,-0.0001716349111261403,0.10310549905803225,-0.00915257450922262,-0.3317053679934707,0.10310564191424544,11.333333333333332,0.9595275393273163
Hydrophone,Branched,H2,Circumferential Crack,ND,NN,16,BR_CC_ND_NN_H2,0.0005837893078475522,0.09140096272306533,0.00033134813874450707,-0.6330318806636255,0.09140282707148141,11.666666666666666,1.3967259954759157
Hydrophone,Branched,H2,Circumferential Crack,ND,NN,17,BR_CC_ND_NN_H2,0.0010758733702980463,0.13008945534879554,-0.007861219536193044,-0.5038402038842293,0.13009390414794686,11.333333333333332,2.1328866169742726
Hydrophone,Branched,H2,Circumferential Crack,ND,NN,18,BR_CC_ND_NN_H2,-0.00017571332044845437,0.1309461976433806,0.0009987249821453998,-0.5217386264787827,0.13094631553591066,11.0,1.0708823660077758
Hydrophone,Branched,H2,Circumferential Crack,ND,NN,19,BR_CC_ND_NN_H2,-0.0009045431356213565,0.11275048926294634,-0.004979751208680064,-0.6584628138712527,0.11275411756258828,11.333333333333332,1.9414581863614848
Hydrophone,Branched,H2,Circumferential Crack,ND,NN,20,BR_CC_ND_NN_H2,7.4441828635419e-05,0.12250438404034238,-0.02026999466323397,-0.8074610024620137,0.12250440665824859,11.0,1.1600874957965612
Hydrophone,Branched,H2,Circumferential Crack,ND,NN,21,BR_CC_ND_NN_H2,-3.9024501140587494e-05,0.10192098527281351,-0.023752554025257458,-0.37496605269586514,0.10192099274385409,11.0,0.9747664726184126
Hydrophone,Branched,H2,Circumferential Crack,ND,NN,22,BR_CC_ND_NN_H2,-0.0001402742274028092,0.1029582063988999,-0.025611084850666824,-0.5838123580633865,0.10295830195636167,11.0,1.0916240115865923
Hydrophone,Branched,H1,Circumferential Crack,ND,N,0,BR_CC_ND_N_H1,0.0007084972779386507,0.09094681502735985,-0.020076291291629845,-0.3279496301869944,0.09094957466648018,11.0,1.562162602792784
Hydrophone,Branched,H1,Circumferential Crack,ND,N,1,BR_CC_ND_N_H1,-0.0003664454729528986,0.06995777841082523,0.02295333709705084,0.05943514266735628,0.0699587381422991,11.0,1.2658054285900688
Hydrophone,Branched,H1,Circumferential Crack,ND,N,2,BR_CC_ND_N_H1,-0.0005266040613566582,0.07294164947035386,0.016110602603521762,-0.06103240302593882,0.07294355036117595,10.666666666666666,1.3985544972759625
Hydrophone,Branched,H1,Circumferential Crack,ND,N,3,BR_CC_ND_N_H1,-6.911513738847926e-05,0.07266020364479003,0.005351526792270788,-0.09852985519672375,0.07266023651629944,10.333333333333332,1.154406408229261
Hydrophone,Branched,H1,Circumferential Crack,ND,N,4,BR_CC_ND_N_H1,0.0005582418252957284,0.0891122977807729,-0.013608857786014427,-0.34067028858792536,0.08911404630979704,11.0,1.3988456753768759
Hydrophone,Branched,H1,Circumferential Crack,ND,N,5,BR_CC_ND_N_H1,0.001360655607767592,0.10589784917400284,-0.02163590677135856,-0.4085958847633573,0.10590659017909511,11.333333333333332,2.4186905657693165
Hydrophone,Branched,H1,Circumferential Crack,ND,N,6,BR_CC_ND_N_H1,-0.0003363400150818562,0.12031593149701846,0.00349548641480859,-0.4709128360595636,0.12031640161092327,11.0,1.0813534913910676
Hydrophone,Branched,H1,Circumferential Crack,ND,N,7,BR_CC_ND_N_H1,0.0002536612774342812,0.11106821103526951,0.009262793722050765,-0.13111602092478947,0.11106850069492626,11.0,0.9786895362322191
Hydrophone,Branched,H1,Circumferential Crack,ND,N,8,BR_CC_ND_N_H1,-0.0006780157285597834,0.11624298626649415,0.014188126296252884,-0.45055049717200824,0.11624496359619424,11.0,1.4387165684282939
Hydrophone,Branched,H1,Circumferential Crack,ND,N,9,BR_CC_ND_N_H1,-0.0005565188957218188,0.11649336499758986,-0.008059678425532246,-0.6917570105409361,0.11649469430726446,11.0,1.3619027225377536
Hydrophone,Branched,H1,Circumferential Crack,ND,N,10,BR_CC_ND_N_H1,0.0010777108505378497,0.08570128760926643,-0.013308870540552891,-0.7608905818225109,0.08570806355625807,10.666666666666666,2.1695566359395566
Hydrophone,Branched,H1,Circumferential Crack,ND,N,11,BR_CC_ND_N_H1,-0.0005771355207256419,0.0877147007253249,0.003138550510651704,-0.20597378651455323,0.08771659939112207,11.0,1.3553839608801785
Hydrophone,Branched,H1,Circumferential Crack,ND,N,12,BR_CC_ND_N_H1,-0.0006154165278203652,0.07965811207311899,0.002095035985028041,0.3912577369458927,0.07966048930653327,11.0,1.363377093893643
Hydrophone,Branched,H1,Circumferential Crack,ND,N,13,BR_CC_ND_N_H1,-0.00013225161153955704,0.07788365161863244,0.0011289420453870047,-0.4849297477229477,0.07788376390456012,11.0,1.2030678262070589
Hydrophone,Branched,H1,Circumferential Crack,ND,N,14,BR_CC_ND_N_H1,0.0002951516860577592,0.11301371371955084,-0.008017543712744102,-0.817840784292601,0.11301409913458753,11.0,1.2144633424998899
Hydrophone,Branched,H1,Circumferential Crack,ND,N,15,BR_CC_ND_N_H1,-0.0008715825617565174,0.1494856299609097,0.00591288909960544,-0.8953305213691669,0.1494881708396085,11.0,1.8004316570941301
Hydrophone,Branched,H1,Circumferential Crack,ND,N,16,BR_CC_ND_N_H1,0.0007777943865736032,0.1544523319493152,-0.0136830339727838,-0.8673611983374334,0.15445429035377828,11.0,1.7100615985096117
Hydrophone,Branched,H1,Circumferential Crack,ND,N,17,BR_CC_ND_N_H1,0.0012409959973893464,0.13089921002351046,-0.015055999894313084,-0.7770125192016457,0.13090509255122446,11.0,2.2816033879877122
Hydrophone,Branched,H1,Circumferential Crack,ND,N,18,BR_CC_ND_N_H1,-0.0013674866310963614,0.11254867949258418,0.018634043256088854,-0.8430449109908853,0.11255698678985089,11.0,2.4627853324146636
Hydrophone,Branched,H1,Circumferential Crack,ND,N,19,BR_CC_ND_N_H1,-0.0006976208895180661,0.09475533809189299,0.017702863288402676,-0.5070356288035947,0.09475790611771895,11.333333333333332,1.5312407444431193
Hydrophone,Branched,H1,Circumferential Crack,ND,N,20,BR_CC_ND_N_H1,-4.634616818478691e-05,0.09087708691374358,-0.011904756357603095,-0.1717342750613544,0.09087709873172345,11.333333333333332,0.9577701521865896
Hydrophone,Branched,H1,Circumferential Crack,ND,N,21,BR_CC_ND_N_H1,-0.0002160388056126797,0.09815528541624303,-0.008792900037077967,-0.16522801671645926,0.09815552316558485,11.0,0.9808387239483712
Hydrophone,Branched,H1,Circumferential Crack,ND,N,22,BR_CC_ND_N_H1,0.0012441083458443786,0.11496666371810649,-0.025644475793697826,-0.3630212469118721,0.11497339506185066,11.333333333333332,2.2282135836071597
Hydrophone,Branched,H2,Circumferential Crack,ND,N,0,BR_CC_ND_N_H2,0.00031692166161653127,0.04386387407981832,-0.010250574114435737,-0.3878042980965386,0.043865018963061664,11.0,1.608138266991576
Hydrophone,Branched,H2,Circumferential Crack,ND,N,1,BR_CC_ND_N_H2,-0.00010698014215716922,0.034347840127799234,0.020752108419938825,0.23130505268155144,0.03434800672813011,11.666666666666666,1.4724224648447306
Hydrophone,Branched,H2,Circumferential Crack,ND,N,2,BR_CC_ND_N_H2,-0.00025443074404865953,0.035202183131312674,0.0456715656908717,0.1325620636957403,0.0352031025935782,10.666666666666666,1.6197188627160486
Hydrophone,Branched,H2,Circumferential Crack,ND,N,3,BR_CC_ND_N_H2,-4.9333930838124947e-05,0.034195765069682096,-0.023199484936865758,-0.1902933587906026,0.0341958006564786,11.0,1.5682228141185686
Hydrophone,Branched,H2,Circumferential Crack,ND,N,4,BR_CC_ND_N_H2,0.00030814185799047256,0.04150913385984277,-0.024149071272441126,-0.39797415167265715,0.041510277585183546,11.0,1.6397325280738237
Hydrophone,Branched,H2,Circumferential Crack,ND,N,5,BR_CC_ND_N_H2,0.0006048431292840141,0.04961345381147296,-0.01942673497238355,-0.3086604266715378,0.04961714052939974,11.333333333333332,1.735042848842911
Hydrophone,Branched,H2,Circumferential Crack,ND,N,6,BR_CC_ND_N_H2,-0.00021958706350014076,0.05780693822688805,0.021943564210748473,-0.3381682869875311,0.05780735529018524,11.0,1.3971468917771472
Hydrophone,Branched,H2,Circumferential Crack,ND,N,7,BR_CC_ND_N_H2,0.00012861837117578297,0.05428994845580545,0.053584816027366,-0.15110491245501523,0.054290100810547554,11.0,1.4552069351963641
Hydrophone,Branched,H2,Circumferential Crack,ND,N,8,BR_CC_ND_N_H2,-0.00030759732088630814,0.05633269372857714,0.016795122874276744,-0.591859432358619,0.056333533519827166,11.0,1.5282675462665576
Hydrophone,Branched,H2,Circumferential Crack,ND,N,9,BR_CC_ND_N_H2,-0.0002518651255119444,0.05564536208988612,-0.01941291000422031,-0.7199540096133106,0.05564593208991997,11.0,1.556321095201035
Hydrophone,Branched,H2,Circumferential Crack,ND,N,10,BR_CC_ND_N_H2,0.0004485961923898755,0.041219733273556554,0.015292581396523446,-0.8530871585467437,0.04122217424744808,10.666666666666666,1.899862972761333
Hydrophone,Branched,H2,Circumferential Crack,ND,N,11,BR_CC_ND_N_H2,-0.00019860371824561936,0.04337447545057987,-0.003406805695098363,-0.22367331237735932,0.043374930133083286,11.0,1.4894179673251757
Hydrophone,Branched,H2,Circumferential Crack,ND,N,12,BR_CC_ND_N_H2,-0.00021325414862867682,0.039221430617259974,-0.01867282074978531,0.4497292019082737,0.0392220103640347,11.0,1.4016633987566507
Hydrophone,Branched,H2,Circumferential Crack,ND,N,13,BR_CC_ND_N_H2,-9.672182165456382e-05,0.03835772243101046,0.0063458568591182865,-0.4875962824875355,0.03835784437641442,11.0,1.6182409362204888
Hydrophone,Branched,H2,Circumferential Crack,ND,N,14,BR_CC_ND_N_H2,0.00011427840633379579,0.055413603032605396,-0.015175552346376865,-0.7787230707928128,0.05541372086955837,11.0,1.5520346560698708
Hydrophone,Branched,H2,Circumferential Crack,ND,N,15,BR_CC_ND_N_H2,-0.0004407473671888825,0.07318487361278068,0.022924074104993607,-0.9004954659858577,0.07318620077555855,11.0,1.580762343477004
Hydrophone,Branched,H2,Circumferential Crack,ND,N,16,BR_CC_ND_N_H2,0.00036599644837393574,0.07500374905333228,0.004001117491911028,-0.8649724555211855,0.07500464202604706,11.0,1.5113898962279788
Hydrophone,Branched,H2,Circumferential Crack,ND,N,17,BR_CC_ND_N_H2,0.0005909559628888205,0.0636138392972988,-0.013392714751598152,-0.7763172691457889,0.06361658415140373,11.0,1.753597367753519
Hydrophone,Branched,H2,Circumferential Crack,ND,N,18,BR_CC_ND_N_H2,-0.0005555452248274009,0.055709825902180994,0.009421398911193772,-0.8092692171994993,0.0557125958159207,11.0,1.7694732199765821
Hydrophone,Branched,H2,Circumferential Crack,ND,N,19,BR_CC_ND_N_H2,-0.0003337181861680212,0.046297129346860595,0.008089240501340605,-0.4159621876931676,0.04629833208213574,11.333333333333332,1.5655186866967834
Hydrophone,Branched,H2,Circumferential Crack,ND,N,20,BR_CC_ND_N_H2,-6.326244906553329e-05,0.04485002876163663,-0.05516093340168151,-0.03930295949393159,0.04485007337850289,11.333333333333332,1.4352561611426717
Hydrophone,Branched,H2,Circumferential Crack,ND,N,21,BR_CC_ND_N_H2,-0.00010926850460895976,0.04852677724547601,-0.0388452034863251,-0.06776697433665912,0.048526900266121956,11.0,1.3872854398130083
Hydrophone,Branched,H2,Circumferential Crack,ND,N,22,BR_CC_ND_N_H2,0.0005609454966068146,0.05670032298720951,0.00013248256206294673,-0.2537272459373967,0.056703097681732026,11.333333333333332,1.6117280770331217
Hydrophone,Branched,H1,Circumferential Crack,Transient,NN,0,BR_CC_Transient_NN_H1,-0.0006567199836634276,0.12070824607016989,-0.07622588821387244,-0.10246496406966443,0.12071003251790478,11.333333333333332,1.597303636291594
Hydrophone,Branched,H1,Circumferential Crack,Transient,NN,1,BR_CC_Transient_NN_H1,-0.00044268869544757274,0.1293431244439626,-0.05744153923688761,-0.3666674164548902,0.12934388201305647,11.333333333333332,1.3796400148167034
Hydrophone,Branched,H1,Circumferential Crack,Transient,NN,2,BR_CC_Transient_NN_H1,0.0003664000481275641,0.12062699505389939,-0.10830144466125238,-0.3680344296597804,0.1206275515159316,11.666666666666666,1.5904566187526463
Hydrophone,Branched,H1,Circumferential Crack,Transient,NN,3,BR_CC_Transient_NN_H1,0.0002565357949847297,0.130979845977641,-0.04841237145430626,-0.6812952238345211,0.1309800972016003,11.666666666666666,1.3027967397944487
Hydrophone,Branched,H1,Circumferential Crack,Transient,NN,4,BR_CC_Transient_NN_H1,-5.565062796320985e-05,0.12319038882378971,0.03198332908584664,-0.6726166945966461,0.12319040139373232,11.333333333333332,1.0005692034395646
Hydrophone,Branched,H1,Circumferential Crack,Transient,NN,5,BR_CC_Transient_NN_H1,0.00026710790326836846,0.16128841301789296,0.006284443062230022,0.39912105594602654,0.16128863419491904,11.333333333333332,1.0975503180245931
Hydrophone,Branched,H1,Circumferential Crack,Transient,NN,6,BR_CC_Transient_NN_H1,-0.000369486618843572,0.17400195350775466,0.009704581316476064,-0.03144311012934953,0.1740023458027975,11.0,1.3731228360984216
Hydrophone,Branched,H1,Circumferential Crack,Transient,NN,7,BR_CC_Transient_NN_H1,-0.00047442240252679586,0.13538539217803452,0.029412718970912053,-0.3140270732151902,0.13538622341957923,11.0,1.3348857966318846
Hydrophone,Branched,H1,Circumferential Crack,Transient,NN,8,BR_CC_Transient_NN_H1,0.0009480222296830265,0.12588645924494116,0.023333335690996118,-0.7485511036589614,0.1258900288639899,11.0,1.9258912875941865
Hydrophone,Branched,H1,Circumferential Crack,Transient,NN,9,BR_CC_Transient_NN_H1,0.0006087413463579095,0.17160269956530225,-0.028068165180354702,-0.4367707185284666,0.17160377928275983,11.333333333333332,1.669185350331594
Hydrophone,Branched,H1,Circumferential Crack,Transient,NN,10,BR_CC_Transient_NN_H1,-0.0011871627583522506,0.1748872076033783,0.0060666017447480345,-0.4201650006463731,0.17489123688373287,11.333333333333332,2.5037000713273216
Hydrophone,Branched,H1,Circumferential Crack,Transient,NN,11,BR_CC_Transient_NN_H1,-0.0002838407001651762,0.10572774437253547,0.05315205408815232,0.6619039807766649,0.10572812537658688,11.333333333333332,1.176302036294691
Hydrophone,Branched,H1,Circumferential Crack,Transient,NN,12,BR_CC_Transient_NN_H1,0.0003894381495082305,0.11612964843892905,-0.006971005690995554,0.15325792630416624,0.1161303014231064,11.666666666666666,1.0013967246784485
Hydrophone,Branched,H1,Circumferential Crack,Transient,NN,13,BR_CC_Transient_NN_H1,0.00016362073011449613,0.12094315952599403,-0.014404386343866225,-0.10308872638860178,0.12094327020497406,11.333333333333332,0.8965489978027746
Hydrophone,Branched,H1,Circumferential Crack,Transient,NN,14,BR_CC_Transient_NN_H1,0.0011655705901428752,0.20725825955692945,-0.24282803339177997,1.8416825970896973,0.20726153697531086,11.333333333333332,3.2051719433576737
Hydrophone,Branched,H1,Circumferential Crack,Transient,NN,15,BR_CC_Transient_NN_H1,-0.0003913859848719247,0.21740289249731737,-0.196070564011405,1.1453652672100088,0.21740324479912732,11.333333333333332,2.19675572176221
Hydrophone,Branched,H1,Circumferential Crack,Transient,NN,16,BR_CC_Transient_NN_H1,-7.552327113284255e-05,0.13498766171697438,0.007809530396543241,-0.46116462663351054,0.13498768284395726,11.333333333333332,0.9943145782205399
Hydrophone,Branched,H1,Circumferential Crack,Transient,NN,17,BR_CC_Transient_NN_H1,0.000901986007309237,0.14707954879544544,-0.0149032562663127,-0.6397688982856153,0.1470823145474302,11.333333333333332,1.9541660850884697
Hydrophone,Branched,H1,Circumferential Crack,Transient,NN,18,BR_CC_Transient_NN_H1,-0.0011453269225789587,0.16351113424384037,-0.002998669188000961,-0.27258673666985667,0.1635151454620237,12.0,2.3612386900776348
Hydrophone,Branched,H1,Circumferential Crack,Transient,NN,19,BR_CC_Transient_NN_H1,-0.0005049949403718249,0.16970795994870394,0.0030512406789486184,-0.431012855587952,0.16970871129626994,12.0,1.5072202932875678
Hydrophone,Branched,H1,Circumferential Crack,Transient,NN,20,BR_CC_Transient_NN_H1,-0.0010618373104153637,0.16946401568242936,-0.0015068454609899733,-0.6269723353403771,0.16946734231021754,12.0,2.3005419634757365
Hydrophone,Branched,H1,Circumferential Crack,Transient,NN,21,BR_CC_Transient_NN_H1,0.00029475248108106747,0.14605427313858252,-0.022856363234790168,-0.2461693586343765,0.14605457055862636,11.666666666666666,1.1319324950712075
Hydrophone,Branched,H1,Circumferential Crack,Transient,NN,22,BR_CC_Transient_NN_H1,0.0010042484669565072,0.1034700843494748,0.002324856906300764,-0.6792935387856613,0.10347495769639539,11.666666666666666,2.0022792679245964
Hydrophone,Branched,H1,Circumferential Crack,Transient,NN,23,BR_CC_Transient_NN_H1,-0.00022801434608044082,0.09557580103541961,-0.013730579100214553,-0.4548078216848892,0.09557607302094041,11.333333333333332,1.0524249362567684
Hydrophone,Branched,H1,Circumferential Crack,Transient,NN,24,BR_CC_Transient_NN_H1,-0.0005629519175752063,0.1067326593929975,0.007305493731375832,-0.7817441361161577,0.10673414400257829,11.666666666666666,1.462971160096229
Hydrophone,Branched,H1,Circumferential Crack,Transient,NN,25,BR_CC_Transient_NN_H1,-0.0014336926230227134,0.11306315759494723,0.006790126635195384,-0.8683020785627447,0.11307224716913156,11.0,2.8320408461080855
Hydrophone,Branched,H2,Circumferential Crack,Transient,NN,0,BR_CC_Transient_NN_H2,-0.00011955139360519311,0.06187979266526877,-0.006745413037896233,-0.14878882262871906,0.06187990815145384,11.333333333333332,1.0187311957198977
Hydrophone,Branched,H2,Circumferential Crack,Transient,NN,1,BR_CC_Transient_NN_H2,-0.0002448011766860401,0.06634875426438257,-0.020377627173836177,-0.36080739493953384,0.06634920587355611,11.333333333333332,1.1408366157244667
Hydrophone,Branched,H2,Circumferential Crack,Transient,NN,2,BR_CC_Transient_NN_H2,5.207504665870259e-05,0.06254261410856682,-0.04547970793758693,-0.36078123234255477,0.06254263578826516,11.666666666666666,1.136024339101928
Hydrophone,Branched,H2,Circumferential Crack,Transient,NN,3,BR_CC_Transient_NN_H2,0.00010128304512939194,0.06759836760010705,-0.03320893963107761,-0.5946625327529622,0.0675984434765656,11.666666666666666,1.1599105351066705
Hydrophone,Branched,H2,Circumferential Crack,Transient,NN,4,BR_CC_Transient_NN_H2,3.346278322323215e-05,0.06455867262991245,-0.026143281366769827,-0.5012337463751844,0.06455868130231648,11.333333333333332,1.1178281021285998
Hydrophone,Branched,H2,Circumferential Crack,Transient,NN,5,BR_CC_Transient_NN_H2,0.00016359828098382634,0.08235759232060146,0.02198132247686437,0.44422459402943915,0.082357754809392,11.333333333333332,0.8865493124621208
Hydrophone,Branched,H2,Circumferential Crack,Transient,NN,6,BR_CC_Transient_NN_H2,-0.00015382057038926378,0.08759053385847272,0.031796293086224135,0.08942204381475571,0.08759066892300875,11.0,0.9502741376041035
Hydrophone,Branched,H2,Circumferential Crack,Transient,NN,7,BR_CC_Transient_NN_H2,-0.00022510537837248815,0.06899540971437321,0.005189130681528615,-0.33056533646319153,0.06899577692935703,11.0,1.0936526422860933
Hydrophone,Branched,H2,Circumferential Crack,Transient,NN,8,BR_CC_Transient_NN_H2,0.0005018010695448711,0.0651868107576581,-0.023981266894304524,-0.7317686605240632,0.06518874213442169,11.0,1.496444687452935
Hydrophone,Branched,H2,Circumferential Crack,Transient,NN,9,BR_CC_Transient_NN_H2,0.0003143213062017621,0.08619618747195149,-0.01661635445824278,-0.4593765914982395,0.08619676056896418,11.333333333333332,1.1202423971414244
Hydrophone,Branched,H2,Circumferential Crack,Transient,NN,10,BR_CC_Transient_NN_H2,-0.0005904369584303693,0.08778354742503447,0.011688768647012371,-0.3825900817696244,0.0877855330582731,11.333333333333332,1.4390871446350202
Hydrophone,Branched,H2,Circumferential Crack,Transient,NN,11,BR_CC_Transient_NN_H2,-0.00022221665414354523,0.0543718698457434,-0.01240967531944362,0.947977913334626,0.05437232394117286,11.333333333333332,1.1044727449480254
Hydrophone,Branched,H2,Circumferential Crack,Transient,NN,12,BR_CC_Transient_NN_H2,1.1078249011330181e-05,0.05951532935867464,-0.0015234233748808404,0.3335152422858272,0.05951533038973337,11.666666666666666,0.9241422362769244
Hydrophone,Branched,H2,Circumferential Crack,Transient,NN,13,BR_CC_Transient_NN_H2,0.0001300801394477042,0.062019185879582585,-0.012232126462124942,0.057298590034341235,0.062019322295627316,11.333333333333332,0.9705261317290741
Hydrophone,Branched,H2,Circumferential Crack,Transient,NN,14,BR_CC_Transient_NN_H2,0.0009504530249032085,0.12131923842113314,-0.22798433310478505,2.312491244056546,0.12132296143779336,11.666666666666666,2.543448908265256
Hydrophone,Branched,H2,Circumferential Crack,Transient,NN,15,BR_CC_Transient_NN_H2,-0.0002938790528961657,0.12651960567442935,-0.1750054460796462,1.613072183657951,0.12651994698430294,11.333333333333332,1.465223818921825
Hydrophone,Branched,H2,Circumferential Crack,Transient,NN,16,BR_CC_Transient_NN_H2,-0.00022719378332471967,0.07010188936951109,0.013126792858306514,-0.2046086029748051,0.07010225752563432,11.333333333333332,1.0511959312249428
Hydrophone,Branched,H2,Circumferential Crack,Transient,NN,17,BR_CC_Transient_NN_H2,0.0005328826592470198,0.07441723704891091,-0.010369734383504001,-0.5627911569457775,0.07441914494216072,11.333333333333332,1.3931637145244713
Hydrophone,Branched,H2,Circumferential Crack,Transient,NN,18,BR_CC_Transient_NN_H2,-0.0006194102087162611,0.08317308190058574,0.009051601864271138,-0.2325093511389844,0.08317538831798867,12.0,1.4424342097432814
Hydrophone,Branched,H2,Circumferential Crack,Transient,NN,19,BR_CC_Transient_NN_H2,-0.0002503389668197118,0.08589065392243035,-0.015278734279590356,-0.4083866795091309,0.08589101874364402,12.0,1.0440201887353506
Hydrophone,Branched,H2,Circumferential Crack,Transient,NN,20,BR_CC_Transient_NN_H2,-0.0005333085596989313,0.08554631235085594,-0.03296213888111499,-0.5805483388219534,0.0855479746975348,12.0,1.43162124009829
Hydrophone,Branched,H2,Circumferential Crack,Transient,NN,21,BR_CC_Transient_NN_H2,0.0001709397804356935,0.07466383501918472,-0.04522911215158114,-0.2508930637711404,0.07466403069872782,11.666666666666666,1.078724276141951
Hydrophone,Branched,H2,Circumferential Crack,Transient,NN,22,BR_CC_Transient_NN_H2,0.0005329805883625725,0.05312940922838927,0.009813882435518556,-0.6301085481579927,0.053132082523323194,11.666666666666666,1.4482572924893182
Hydrophone,Branched,H2,Circumferential Crack,Transient,NN,23,BR_CC_Transient_NN_H2,-0.0001289945066294152,0.04875730913098386,-0.0049641617354992005,-0.34093667920176474,0.04875747976748863,11.333333333333332,1.1525099357689164
Hydrophone,Branched,H2,Circumferential Crack,Transient,NN,24,BR_CC_Transient_NN_H2,-0.00023931731945563698,0.05431698567868192,0.024236598156861508,-0.8049837399644217,0.054317512884865485,11.666666666666666,1.27304435319339
Hydrophone,Branched,H2,Circumferential Crack,Transient,NN,25,BR_CC_Transient_NN_H2,-0.0007199031589449045,0.056922672934698444,0.022174810007590553,-0.8169250169867261,0.056927225073675515,11.0,1.8035758880997161
Hydrophone,Branched,H1,Circumferential Crack,Transient,N,0,BR_CC_Transient_N_H1,-0.0005518622655084402,0.13316514998997483,-0.06232219454360439,-0.5171138733207266,0.1331662934973133,11.333333333333332,1.3954847805915378
Hydrophone,Branched,H1,Circumferential Crack,Transient,N,1,BR_CC_Transient_N_H1,0.0005870451711145605,0.09593078144846448,-0.02614344536566919,-0.27132732998167075,0.09593257763317936,11.0,1.3886549047033363
Hydrophone,Branched,H1,Circumferential Crack,Transient,N,2,BR_CC_Transient_N_H1,0.00033077680144441844,0.11635130483683696,0.040636808914676865,-0.37359183265743834,0.11635177502095502,11.0,1.1494049685779613
Hydrophone,Branched,H1,Circumferential Crack,Transient,N,3,BR_CC_Transient_N_H1,0.0007472982481005584,0.13423352977979122,0.05144682837901167,-0.536600554463539,0.1342356099245417,11.333333333333332,1.6217835704914343
Hydrophone,Branched,H1,Circumferential Crack,Transient,N,4,BR_CC_Transient_N_H1,-0.00054551652582976,0.12577648855400064,-0.012972122343506913,-0.2818308670151439,0.12577767155284203,11.0,1.235162040743607
Hydrophone,Branched,H1,Circumferential Crack,Transient,N,5,BR_CC_Transient_N_H1,-0.0008070734639040927,0.1202610323404977,-0.06409959798043584,-0.44784402349362074,0.1202637404506378,11.333333333333332,1.6692004589768623
Hydrophone,Branched,H1,Circumferential Crack,Transient,N,6,BR_CC_Transient_N_H1,0.0014651646159546236,0.12975108517910494,-0.0005245540531886411,-0.7691246933001601,0.12975935732157118,11.333333333333332,2.595829671480649
Hydrophone,Branched,H1,Circumferential Crack,Transient,N,7,BR_CC_Transient_N_H1,-0.0005011951435200235,0.15172752889461805,-0.026013991666166143,-1.0280097132049582,0.15172835668074391,11.666666666666666,1.4457363942222063
Hydrophone,Branched,H1,Circumferential Crack,Transient,N,8,BR_CC_Transient_N_H1,-0.001693167087703542,0.15947705629362716,0.0038778640562412625,-1.1059126630007747,0.15948604421349097,11.666666666666666,2.994794257347831
Hydrophone,Branched,H1,Circumferential Crack,Transient,N,9,BR_CC_Transient_N_H1,-7.254391082794894e-05,0.13237840474550627,0.01954703231053211,-0.7804909510321649,0.13237842462268568,11.333333333333332,1.0613633904009734
Hydrophone,Branched,H1,Circumferential Crack,Transient,N,10,BR_CC_Transient_N_H1,-0.0003109237684894864,0.11702215917191292,0.02224608062615352,-0.9335310819719753,0.11702257222795238,11.333333333333332,1.2464858273778379
Hydrophone,Branched,H1,Circumferential Crack,Transient,N,11,BR_CC_Transient_N_H1,0.0011066481527533675,0.11553528262269362,0.038209628054642675,-0.9092101964291239,0.1155405824844227,11.333333333333332,2.1522308909217447
Hydrophone,Branched,H1,Circumferential Crack,Transient,N,12,BR_CC_Transient_N_H1,0.0013101294932743647,0.11492586191849276,-0.0521544714835349,-0.6687087661220485,0.11493332926961446,11.0,2.4157626949801876
Hydrophone,Branched,H1,Circumferential Crack,Transient,N,13,BR_CC_Transient_N_H1,-0.0012765748366472098,0.13967702277010938,-0.026436561974998423,-0.850992888610901,0.1396828562610144,11.0,2.3354193139480097
Hydrophone,Branched,H1,Circumferential Crack,Transient,N,14,BR_CC_Transient_N_H1,-0.0012497934546037393,0.15224462391155158,0.020327297388257854,-0.8536720540931229,0.1522497536735247,11.333333333333332,2.303690970581622
Hydrophone,Branched,H1,Circumferential Crack,Transient,N,15,BR_CC_Transient_N_H1,0.0012426593528822917,0.1277029071872161,0.022565001420293055,-0.24930717452467244,0.12770895311736777,11.0,2.2219011302651235
Hydrophone,Branched,H1,Circumferential Crack,Transient,N,16,BR_CC_Transient_N_H1,-0.00035365699497649675,0.1177354656618417,-0.018036911514388312,-0.14558692942514728,0.11773599682289528,11.0,1.0187518664334896
Hydrophone,Branched,H1,Circumferential Crack,Transient,N,17,BR_CC_Transient_N_H1,-0.001060866697651792,0.20083676056120844,0.1402036885284128,1.3000521238632903,0.20083956241455606,11.0,2.857778822532839
Hydrophone,Branched,H1,Circumferential Crack,Transient,N,18,BR_CC_Transient_N_H1,0.0004123121825261197,0.18418845798532824,0.1728673577090272,2.738284575502396,0.18418891947223343,20.666666666666664,2.9345265140585806
Hydrophone,Branched,H1,Circumferential Crack,Transient,N,19,BR_CC_Transient_N_H1,0.0010921827376005554,0.08628859889605942,0.06674502745856543,0.015853212583459175,0.08629551067452662,11.333333333333332,2.1434347877246354
Hydrophone,Branched,H1,Circumferential Crack,Transient,N,20,BR_CC_Transient_N_H1,0.0009027674434179683,0.14077269456783598,0.008272043256623098,-0.36067147844248737,0.14077558923672145,11.666666666666666,1.7279680037078111
Hydrophone,Branched,H1,Circumferential Crack,Transient,N,21,BR_CC_Transient_N_H1,-0.0004730879972216762,0.15329029606028932,0.008439152822385897,-0.5383216559848099,0.15329102608601802,11.666666666666666,1.2598090388596868
Hydrophone,Branched,H1,Circumferential Crack,Transient,N,22,BR_CC_Transient_N_H1,0.0005941533814118067,0.13502334286995976,-0.028581799720473942,0.2164287113756549,0.1350246501125604,11.666666666666666,1.2783530683317974
Hydrophone,Branched,H1,Circumferential Crack,Transient,N,23,BR_CC_Transient_N_H1,-0.0001072347868136522,0.1574432857435388,-0.008015029155525214,-0.5362797657780285,0.15744332226239735,11.666666666666666,1.0452453813381055
Hydrophone,Branched,H1,Circumferential Crack,Transient,N,24,BR_CC_Transient_N_H1,-0.0013791260286871215,0.14324883843669295,0.014426684887431474,-0.5041468244198328,0.14325547704037273,11.666666666666666,2.4121449774973556
Hydrophone,Branched,H1,Circumferential Crack,Transient,N,25,BR_CC_Transient_N_H1,0.0011415615653027694,0.10092766758923541,0.004135973539989095,-0.533214129563552,0.10093412330728681,11.0,2.1375174023925676
Hydrophone,Branched,H1,Circumferential Crack,Transient,N,26,BR_CC_Transient_N_H1,-0.0008315289842086304,0.12211188688197873,-0.043817849342885844,-0.5817413547898402,0.12211471802501428,12.0,1.6632201231996455
Hydrophone,Branched,H1,Circumferential Crack,Transient,N,27,BR_CC_Transient_N_H1,-0.000854395700213245,0.1652713539497373,0.011679331443245978,-0.8098859660643236,0.16527356240001573,11.666666666666666,1.7986286967906882
Hydrophone,Branched,H2,Circumferential Crack,Transient,N,0,BR_CC_Transient_N_H2,-0.00043439128665953184,0.07051568566896926,-0.040056543756052214,-0.26475651531425903,0.07051702362660242,11.333333333333332,1.3706353264879085
Hydrophone,Branched,H2,Circumferential Crack,Transient,N,1,BR_CC_Transient_N_H2,0.0003673321255473043,0.04952122264497124,0.032403989925836416,-0.2277745410398242,0.04952258500061635,11.0,1.5747352559768237
Hydrophone,Branched,H2,Circumferential Crack,Transient,N,2,BR_CC_Transient_N_H2,0.00022919823687363525,0.0591685625690252,-0.012544520795924448,-0.15733918064602026,0.05916900648410819,11.0,1.3276980445518036
Hydrophone,Branched,H2,Circumferential Crack,Transient,N,3,BR_CC_Transient_N_H2,0.0004425537646157541,0.0681524554590441,-0.0007797220719433319,-0.4276311391138803,0.06815389232414804,11.333333333333332,1.451954195937754
Hydrophone,Branched,H2,Circumferential Crack,Transient,N,4,BR_CC_Transient_N_H2,-0.0004197956214895681,0.06389852970618068,-0.00703306953707648,-0.2902778526890004,0.06389990866171466,11.0,1.4077510102197526
Hydrophone,Branched,H2,Circumferential Crack,Transient,N,5,BR_CC_Transient_N_H2,-0.000386277773920394,0.06140551727145453,-0.06702808041181398,-0.19612451533857778,0.061406732219631464,11.333333333333332,1.4635501785151521
Hydrophone,Branched,H2,Circumferential Crack,Transient,N,6,BR_CC_Transient_N_H2,0.000683244737748387,0.06701002892533457,-0.0214438068131473,-0.6806375839140042,0.06701351206992391,11.333333333333332,1.7770494970122466
Hydrophone,Branched,H2,Circumferential Crack,Transient,N,7,BR_CC_Transient_N_H2,-0.0003813839114775896,0.07840335920363217,0.020459235369850927,-1.0611737035466204,0.07840428679671609,11.666666666666666,1.5464017801619108
Hydrophone,Branched,H2,Circumferential Crack,Transient,N,8,BR_CC_Transient_N_H2,-0.0007950895422856518,0.08178930935525337,0.023355468246058775,-1.1023939249232124,0.08179317387282137,11.666666666666666,1.901289564454948
Hydrophone,Branched,H2,Circumferential Crack,Transient,N,9,BR_CC_Transient_N_H2,0.00011706823406347018,0.06702271880979871,-0.008181417392664822,-0.7488614925880999,0.06702282105095826,11.333333333333332,1.4053844370095403
Hydrophone,Branched,H2,Circumferential Crack,Transient,N,10,BR_CC_Transient_N_H2,-0.00012352794849909327,0.05968768039072297,-0.007352248403715481,-0.8674120755893435,0.05968780821557411,11.333333333333332,1.524597502788327
Hydrophone,Branched,H2,Circumferential Crack,Transient,N,11,BR_CC_Transient_N_H2,0.0003932535168843301,0.05868106581978072,-0.022453429764052228,-0.8479803862739295,0.05868238350709674,11.333333333333332,1.667569665555697
Hydrophone,Branched,H2,Circumferential Crack,Transient,N,12,BR_CC_Transient_N_H2,0.0007112133352625206,0.057753318074836225,0.033634736077471215,-0.6318921340529791,0.05775769708931841,11.0,1.8993713381852173
Hydrophone,Branched,H2,Circumferential Crack,Transient,N,13,BR_CC_Transient_N_H2,-0.0005981315997719756,0.07017825507015922,0.00797989015994995,-0.8388264672485501,0.07018080397162015,11.0,1.6932645331732255
Hydrophone,Branched,H2,Circumferential Crack,Transient,N,14,BR_CC_Transient_N_H2,-0.0006973950897709032,0.07640750740029567,-0.03415394090823287,-0.7280673316959367,0.07641069000498212,11.333333333333332,1.715860363522556
Hydrophone,Branched,H2,Circumferential Crack,Transient,N,15,BR_CC_Transient_N_H2,0.0006456418611283095,0.06406196236858738,-0.05918315094501907,-0.06929442004925512,0.06406521580332925,11.0,1.6643874079923773
Hydrophone,Branched,H2,Circumferential Crack,Transient,N,16,BR_CC_Transient_N_H2,-0.0001086641240747277,0.05823863491454445,-0.0806479204016463,-0.31082399863571153,0.05823873628953033,11.0,1.4823780376213878
Hydrophone,Branched,H2,Circumferential Crack,Transient,N,17,BR_CC_Transient_N_H2,-0.000678356580148433,0.1163668528023085,-0.09815501390949025,1.035262951849841,0.11636883001372819,21.0,1.3577363194853138
Hydrophone,Branched,H2,Circumferential Crack,Transient,N,18,BR_CC_Transient_N_H2,0.0003901411883142163,0.11056009984799871,-0.12813622667849164,1.8255885065813873,0.11056078820516009,21.0,1.4395813502196246
Hydrophone,Branched,H2,Circumferential Crack,Transient,N,19,BR_CC_Transient_N_H2,0.0006322395071143571,0.04634689725262602,0.0708961687756767,-0.039397758517862425,0.04635120938810367,11.333333333333332,1.8798859639207048
Hydrophone,Branched,H2,Circumferential Crack,Transient,N,20,BR_CC_Transient_N_H2,0.00024627303197723697,0.07117553307928498,0.07921862039873413,-0.36466693634984937,0.07117595914019473,11.666666666666666,1.4717815160351695
Hydrophone,Branched,H2,Circumferential Crack,Transient,N,21,BR_CC_Transient_N_H2,-0.0001730643400548715,0.07634144329133327,0.0489527335701449,-0.5361128643282012,0.0763416394575703,11.666666666666666,1.309780158427937
Hydrophone,Branched,H2,Circumferential Crack,Transient,N,22,BR_CC_Transient_N_H2,0.000288959044639619,0.0670465637319933,-0.03285404503175711,0.11557293212551611,0.06704718641074896,11.666666666666666,1.2031194333183632
Hydrophone,Branched,H2,Circumferential Crack,Transient,N,23,BR_CC_Transient_N_H2,-5.534505367195886e-05,0.07930348176611066,0.00047253475267032563,-0.5475606988402837,0.07930350107846951,11.666666666666666,1.1722939048706176
Hydrophone,Branched,H2,Circumferential Crack,Transient,N,24,BR_CC_Transient_N_H2,-0.000707889757201344,0.07160392563353044,0.03835380437790407,-0.42933495899317053,0.07160742471308759,11.666666666666666,1.6784606267794282
Hydrophone,Branched,H2,Circumferential Crack,Transient,N,25,BR_CC_Transient_N_H2,0.0005618627800638503,0.049661648892793835,0.011414455680880922,-0.6602382567826757,0.04966482719727063,11.0,1.8167516538112898
Hydrophone,Branched,H2,Circumferential Crack,Transient,N,26,BR_CC_Transient_N_H2,-0.00040090941048514985,0.061148693735585714,-0.04403961839321412,-0.648119784902744,0.061150007963399935,12.0,1.5512315386276592
Hydrophone,Branched,H2,Circumferential Crack,Transient,N,27,BR_CC_Transient_N_H2,-0.00044055181046106313,0.08295285553276448,0.025032861846418685,-0.8428898315244506,0.08295402538115552,11.666666666666666,1.4633504041788723
Hydrophone,Branched,H1,Gasket Leak,0.18 LPS,N,0,BR_GL_0.18 LPS_N_H1,-0.0002558604445631482,0.11011365854338238,-0.011583989125319556,-0.34856665702892364,0.11011395580204945,12.0,0.9565174539043095
Hydrophone,Branched,H1,Gasket Leak,0.18 LPS,N,1,BR_GL_0.18 LPS_N_H1,-0.0001246041466983984,0.11565279509239977,0.01837649788046991,-0.13809019368949027,0.11565286221653999,12.333333333333332,0.8250049047345466
Hydrophone,Branched,H1,Gasket Leak,0.18 LPS,N,2,BR_GL_0.18 LPS_N_H1,-3.323388808943606e-05,0.13474432693965516,0.015578577355326287,-0.08360845308936549,0.13474433103812566,11.333333333333332,0.8674329032856555
Hydrophone,Branched,H1,Gasket Leak,0.18 LPS,N,3,BR_GL_0.18 LPS_N_H1,-0.0005349900614265105,0.13507051367547665,0.015611525108172972,0.251787852630577,0.1350715731711264,11.333333333333332,1.2051028475640406
Hydrophone,Branched,H1,Gasket Leak,0.18 LPS,N,4,BR_GL_0.18 LPS_N_H1,-0.00011553800722495907,0.11978585173260924,0.015781374412172262,-0.09106329041898276,0.11978590745299615,12.666666666666666,0.7826489450222927
Hydrophone,Branched,H1,Gasket Leak,0.18 LPS,N,5,BR_GL_0.18 LPS_N_H1,0.00037004206636029037,0.10284007420808403,0.0030481667953398254,-0.5955122224523284,0.10284073995384856,12.333333333333332,1.1676586040971844
Hydrophone,Branched,H1,Gasket Leak,0.18 LPS,N,6,BR_GL_0.18 LPS_N_H1,-7.304060471963977e-05,0.09087608668552942,-0.02284176829572864,-0.3007710596649207,0.09087611603829576,12.0,0.9770679544909513
Hydrophone,Branched,H1,Gasket Leak,0.18 LPS,N,7,BR_GL_0.18 LPS_N_H1,-0.00017093378415545057,0.10007123954178505,-0.03102830847718979,-0.5024107187240197,0.10007138552947036,13.333333333333332,0.9823270338459216
Hydrophone,Branched,H1,Gasket Leak,0.18 LPS,N,8,BR_GL_0.18 LPS_N_H1,0.00091811680835174,0.11175457030229949,-0.012399210080815012,-0.20957279599815992,0.11175834162122028,12.333333333333332,1.7047253325757523
Hydrophone,Branched,H1,Gasket Leak,0.18 LPS,N,9,BR_GL_0.18 LPS_N_H1,-0.0004928513772687296,0.11320040260689535,0.015028265511331644,-0.1599691303400541,0.11320147548880834,12.333333333333332,1.1174048591050738
Hydrophone,Branched,H1,Gasket Leak,0.18 LPS,N,10,BR_GL_0.18 LPS_N_H1,-0.0001488430410132097,0.10758439758867716,-0.0026115342994711536,-0.4229416382522202,0.10758450055082015,12.666666666666666,0.9014105581383717
Hydrophone,Branched,H1,Gasket Leak,0.18 LPS,N,11,BR_GL_0.18 LPS_N_H1,-0.0006124656665012329,0.0996744975595763,0.002526441310301598,-0.24649864809396904,0.09967637923774432,11.0,1.348290810833895
Hydrophone,Branched,H1,Gasket Leak,0.18 LPS,N,12,BR_GL_0.18 LPS_N_H1,-0.0002843677105473181,0.10561075623496355,0.004840961749411582,-0.317005987652327,0.10561113907877186,11.666666666666666,1.0012435309431928
Hydrophone,Branched,H1,Gasket Leak,0.18 LPS,N,13,BR_GL_0.18 LPS_N_H1,0.0009105305738703755,0.10024441663950717,0.00240930375235401,-0.2821618464995903,0.10024855177667683,11.666666666666666,1.7535998759911826
Hydrophone,Branched,H1,Gasket Leak,0.18 LPS,N,14,BR_GL_0.18 LPS_N_H1,-0.0005542233968157601,0.09082974041520238,0.010695889944217328,0.16706065120467928,0.09083143127500869,13.0,1.17677815572149
Hydrophone,Branched,H1,Gasket Leak,0.18 LPS,N,15,BR_GL_0.18 LPS_N_H1,0.00022739026979670297,0.10472345768071754,-0.00852092592676674,0.3908067936538733,0.10472370455126116,12.333333333333332,0.828500696636893
Hydrophone,Branched,H1,Gasket Leak,0.18 LPS,N,16,BR_GL_0.18 LPS_N_H1,0.0008010867191096429,0.09840991416475064,0.038230808569254204,0.4448140930773188,0.09841317465586162,12.666666666666666,1.583046618257719
Hydrophone,Branched,H1,Gasket Leak,0.18 LPS,N,17,BR_GL_0.18 LPS_N_H1,-0.0001252824109471468,0.10033010718932633,0.010018791074908487,0.1761641454732863,0.1003301854094978,15.0,0.6369956528422169
Hydrophone,Branched,H1,Gasket Leak,0.18 LPS,N,18,BR_GL_0.18 LPS_N_H1,-0.000802879010915935,0.10564000499746774,0.0027964431421741397,0.07292810050750376,0.10564305595055068,15.0,1.4031264337863887
Hydrophone,Branched,H1,Gasket Leak,0.18 LPS,N,19,BR_GL_0.18 LPS_N_H1,0.00035176824352500373,0.10775135394574663,0.005475287431536677,0.12267585970365769,0.10775192814070067,11.333333333333332,1.0113225371504468
Hydrophone,Branched,H1,Gasket Leak,0.18 LPS,N,20,BR_GL_0.18 LPS_N_H1,0.00019215689896524957,0.10157455215638062,-0.0030511708559216163,0.2879630085815772,0.10157473391568941,11.0,0.9056931502059917
Hydrophone,Branched,H1,Gasket Leak,0.18 LPS,N,21,BR_GL_0.18 LPS_N_H1,-6.986315108977885e-05,0.10863414237157466,0.008940709029404754,-0.07921683679831526,0.10863416483624032,12.666666666666666,0.7735497995433512
Hydrophone,Branched,H1,Gasket Leak,0.18 LPS,N,22,BR_GL_0.18 LPS_N_H1,0.0005833737590681766,0.12765890527957383,-0.02062256876697018,-0.40840704053489363,0.12766023821896139,11.666666666666666,1.3132265575755102
Hydrophone,Branched,H1,Gasket Leak,0.18 LPS,N,23,BR_GL_0.18 LPS_N_H1,0.00036455567251406697,0.11333252831125355,-0.016339269506974924,-0.1287254184051969,0.11333311464112972,11.333333333333332,1.0395011811452186
Hydrophone,Branched,H2,Gasket Leak,0.18 LPS,N,0,BR_GL_0.18 LPS_N_H2,-8.700867570344177e-05,0.03777723825296084,0.008922398919674583,-0.5315246037812567,0.03777733845218076,12.0,1.6060717590624056
Hydrophone,Branched,H2,Gasket Leak,0.18 LPS,N,1,BR_GL_0.18 LPS_N_H2,2.193620795692101e-05,0.03973022129258473,0.10514542071151264,-0.15541155116770655,0.03973022734839272,12.666666666666666,1.7622178261530097
Hydrophone,Branched,H2,Gasket Leak,0.18 LPS,N,2,BR_GL_0.18 LPS_N_H2,-4.36806853985973e-05,0.04662558607936141,0.10601909832517,-0.12472459729914886,0.04662560654025014,11.333333333333332,1.735430845123119
Hydrophone,Branched,H2,Gasket Leak,0.18 LPS,N,3,BR_GL_0.18 LPS_N_H2,-0.0002564951155013973,0.046142626834217236,0.090095762344556,0.25328329791106174,0.04614333972423431,12.333333333333332,1.6121525725475963
Hydrophone,Branched,H2,Gasket Leak,0.18 LPS,N,4,BR_GL_0.18 LPS_N_H2,-3.905836147625576e-05,0.040317894479928396,0.007844453488483543,-0.009971671087912082,0.04031791339901213,12.666666666666666,1.3813203281533046
Hydrophone,Branched,H2,Gasket Leak,0.18 LPS,N,5,BR_GL_0.18 LPS_N_H2,0.00016534753421629724,0.03491661754372698,-0.06428226550812556,-0.6592987701820472,0.034917009042900196,12.333333333333332,1.78257361297442
Hydrophone,Branched,H2,Gasket Leak,0.18 LPS,N,6,BR_GL_0.18 LPS_N_H2,-7.311147181565255e-05,0.03029443681609066,0.012829241754526686,-0.3447757482481295,0.030294525038221345,12.0,1.635793549890618
Hydrophone,Branched,H2,Gasket Leak,0.18 LPS,N,7,BR_GL_0.18 LPS_N_H2,-6.475146689338026e-05,0.031554862343484945,-0.009373265470961439,-0.45747149958035394,0.03155492877933253,13.333333333333332,1.604484047667433
Hydrophone,Branched,H2,Gasket Leak,0.18 LPS,N,8,BR_GL_0.18 LPS_N_H2,0.0003087225800349027,0.03639039600437619,-0.0602374793187508,-0.10643445315803124,0.0363917055245662,12.333333333333332,1.6192238500934573
Hydrophone,Branched,H2,Gasket Leak,0.18 LPS,N,9,BR_GL_0.18 LPS_N_H2,-0.00021351540446496627,0.03809373550898538,-0.019962133753848685,-0.25321978740988715,0.03809433388125428,12.333333333333332,1.5165075136577346
Hydrophone,Branched,H2,Gasket Leak,0.18 LPS,N,10,BR_GL_0.18 LPS_N_H2,-2.81674698654244e-05,0.035020229966641586,-0.03914121304788075,-0.48439473875680106,0.03502024129446883,12.666666666666666,1.6177712798392505
Hydrophone,Branched,H2,Gasket Leak,0.18 LPS,N,11,BR_GL_0.18 LPS_N_H2,-0.00021846705637164487,0.03253544038008018,-0.027502014732578142,-0.3800706933163127,0.03253617384666598,11.0,1.6809552938358874
Hydrophone,Branched,H2,Gasket Leak,0.18 LPS,N,12,BR_GL_0.18 LPS_N_H2,-6.981808153217516e-05,0.03554589069128768,-0.0004950285460997999,-0.42976449525797555,0.03554595925842318,13.666666666666666,1.5348224826582904
Hydrophone,Branched,H2,Gasket Leak,0.18 LPS,N,13,BR_GL_0.18 LPS_N_H2,0.00035241985748013337,0.03313681118943114,-0.05016718534783588,-0.22831039855194657,0.03313868518152093,11.666666666666666,1.717466282237933
Hydrophone,Branched,H2,Gasket Leak,0.18 LPS,N,14,BR_GL_0.18 LPS_N_H2,-0.00015111942682434384,0.026939801162835408,-0.1362350038048523,0.519561629849953,0.026940225013430595,13.0,1.790377481423985
Hydrophone,Branched,H2,Gasket Leak,0.18 LPS,N,15,BR_GL_0.18 LPS_N_H2,4.97352176013511e-05,0.029654348801168125,-0.03608013383358092,0.2897197405896619,0.029654390508206563,12.333333333333332,1.4694145758584514
Hydrophone,Branched,H2,Gasket Leak,0.18 LPS,N,16,BR_GL_0.18 LPS_N_H2,0.00021012457350685486,0.02955000831500019,0.1477467236948979,-0.25298589153508066,0.029550755383796402,12.666666666666666,2.158242376981993
Hydrophone,Branched,H2,Gasket Leak,0.18 LPS,N,17,BR_GL_0.18 LPS_N_H2,-2.786701653144826e-05,0.032530078126765186,0.02920385215126848,0.2466771489936499,0.032530090062956436,15.0,1.380537380079722
Hydrophone,Branched,H2,Gasket Leak,0.18 LPS,N,18,BR_GL_0.18 LPS_N_H2,-0.00024632920413484097,0.0349493315305406,0.04145654333119201,0.22485870099124305,0.03495019960613171,15.0,1.4339613384797187
Hydrophone,Branched,H2,Gasket Leak,0.18 LPS,N,19,BR_GL_0.18 LPS_N_H2,0.00013285109588875683,0.03596809251060837,0.1565028888587551,0.3990424087551996,0.03596833785797393,12.333333333333332,2.0856763837665415
Hydrophone,Branched,H2,Gasket Leak,0.18 LPS,N,20,BR_GL_0.18 LPS_N_H2,3.2121633738239844e-05,0.03324148895252105,0.16606769049927422,0.5305658733009824,0.033241504472269805,11.0,2.2005059343444553
Hydrophone,Branched,H2,Gasket Leak,0.18 LPS,N,21,BR_GL_0.18 LPS_N_H2,4.643281631375333e-05,0.03596571920904486,0.04591532400289187,0.019991249308766168,0.03596574918210781,12.666666666666666,1.5160841515032613
Hydrophone,Branched,H2,Gasket Leak,0.18 LPS,N,22,BR_GL_0.18 LPS_N_H2,0.0002329510730606216,0.0437712781605019,-0.06570089253866729,-0.28668906952469886,0.04377189803979799,11.666666666666666,1.5950185938597523
Hydrophone,Branched,H2,Gasket Leak,0.18 LPS,N,23,BR_GL_0.18 LPS_N_H2,5.140710095476601e-05,0.03951844895454513,-0.07622410217771827,0.018140566263707303,0.03951848239068674,12.333333333333332,1.5073602902085796
Hydrophone,Branched,H1,Gasket Leak,0.47 LPS,N,0,BR_GL_0.47 LPS_N_H1,8.756115598466548e-05,0.1604916404845583,-0.006529756223871813,1.7747768459715152,0.16049166437039886,11.0,1.59332260595906
Hydrophone,Branched,H1,Gasket Leak,0.47 LPS,N,1,BR_GL_0.47 LPS_N_H1,-0.00024412364229262095,0.11935963913664739,0.036845085855307116,-0.039605754998503606,0.11935988878674197,11.333333333333332,0.9797809842904432
Hydrophone,Branched,H1,Gasket Leak,0.47 LPS,N,2,BR_GL_0.47 LPS_N_H1,0.00017591811129520122,0.11717934642479473,0.010291815825419985,-0.25040680478651245,0.1171794784752174,11.0,0.9440916675065562
Hydrophone,Branched,H1,Gasket Leak,0.47 LPS,N,3,BR_GL_0.47 LPS_N_H1,-1.19719247216461e-05,0.11907789960509561,0.015404837724137905,-0.37257121970986784,0.11907790020691585,11.0,0.9314275294580743
Hydrophone,Branched,H1,Gasket Leak,0.47 LPS,N,4,BR_GL_0.47 LPS_N_H1,-0.0002306878015849516,0.12493120514487782,0.018110197547539633,0.057753755581714916,0.12493141812936147,11.666666666666666,0.8881569464413436
Hydrophone,Branched,H1,Gasket Leak,0.47 LPS,N,5,BR_GL_0.47 LPS_N_H1,0.0006487813983795368,0.22796215484037785,-0.01607544957151742,0.22830235402499,0.22796307805601174,11.333333333333332,2.0938828192440915
Hydrophone,Branched,H1,Gasket Leak,0.47 LPS,N,6,BR_GL_0.47 LPS_N_H1,0.0011111551817931658,0.2665344248015712,-0.016025448073155507,-0.7916828046389486,0.2665367409385476,11.333333333333332,2.8766733787155365
Hydrophone,Branched,H1,Gasket Leak,0.47 LPS,N,7,BR_GL_0.47 LPS_N_H1,-0.00017039719772721007,0.1784191698906626,-0.002490601876484976,-0.055341330486636586,0.17841925125859628,11.333333333333332,1.2061085684618282
Hydrophone,Branched,H1,Gasket Leak,0.47 LPS,N,8,BR_GL_0.47 LPS_N_H1,-0.0008807077558359291,0.11282922638609592,-0.01666896445228375,-0.2996072536178822,0.11283266359098358,11.666666666666666,1.6473723542906935
Hydrophone,Branched,H1,Gasket Leak,0.47 LPS,N,9,BR_GL_0.47 LPS_N_H1,-0.000246100265347382,0.1207420894330515,-0.011619599800703118,-0.2685118404667466,0.12074234023738155,11.333333333333332,0.9412756529485755
Hydrophone,Branched,H1,Gasket Leak,0.47 LPS,N,10,BR_GL_0.47 LPS_N_H1,0.00027372420964817825,0.14109905990013943,-0.02675772020234973,-0.1594427823865474,0.14109932540464565,11.333333333333332,1.0086636179193338
Hydrophone,Branched,H1,Gasket Leak,0.47 LPS,N,11,BR_GL_0.47 LPS_N_H1,6.535445627309211e-05,0.13386962672073968,-0.016898787771582092,0.1792085679874078,0.13386964267359175,11.666666666666666,0.8116069396811033
Hydrophone,Branched,H1,Gasket Leak,0.47 LPS,N,12,BR_GL_0.47 LPS_N_H1,-0.00027941769808076064,0.10307531332546896,-0.016537701960421973,0.12516159965974882,0.10307569204906461,11.666666666666666,0.9038492425708489
Hydrophone,Branched,H1,Gasket Leak,0.47 LPS,N,13,BR_GL_0.47 LPS_N_H1,6.673938824667313e-05,0.09267299360479002,-0.03580979832951592,-0.23631584919664217,0.09267301763630768,10.666666666666666,1.0436095227516753
Hydrophone,Branched,H1,Gasket Leak,0.47 LPS,N,14,BR_GL_0.47 LPS_N_H1,-0.00011432753129549633,0.10636244332392397,0.05681944386482082,1.6116044032380703,0.10636250476845377,11.666666666666666,1.3829131672657515
Hydrophone,Branched,H1,Gasket Leak,0.47 LPS,N,15,BR_GL_0.47 LPS_N_H1,-0.00036861073248323076,0.1254103695988376,0.012466218356928219,0.515250919939167,0.12541091131472237,11.666666666666666,1.0058246192020346
Hydrophone,Branched,H1,Gasket Leak,0.47 LPS,N,16,BR_GL_0.47 LPS_N_H1,0.0009616176463539828,0.13642083516175654,-0.002715057089431933,-0.5659884556517341,0.13642422429586662,11.333333333333332,1.8398063001405944
Hydrophone,Branched,H1,Gasket Leak,0.47 LPS,N,17,BR_GL_0.47 LPS_N_H1,0.00017720608634935815,0.17281249965225642,0.029307305361987897,-0.450142130013242,0.17281259050792036,11.0,1.2266263095343521
Hydrophone,Branched,H1,Gasket Leak,0.47 LPS,N,18,BR_GL_0.47 LPS_N_H1,4.987648859425538e-05,0.19892036977548253,0.0514057995088721,-0.863767417675501,0.19892037602839688,10.666666666666666,1.5444668674332858
Hydrophone,Branched,H1,Gasket Leak,0.47 LPS,N,19,BR_GL_0.47 LPS_N_H1,0.0002271561985357285,0.18811735436686597,0.01702840348509915,-1.0246421201964169,0.18811749151508364,11.0,1.4614593416283217
Hydrophone,Branched,H1,Gasket Leak,0.47 LPS,N,20,BR_GL_0.47 LPS_N_H1,-0.00096734522711973,0.15654307405613616,-0.03253544347697049,-0.6994124325422701,0.1565460628432838,11.0,1.924806355003107
Hydrophone,Branched,H1,Gasket Leak,0.47 LPS,N,21,BR_GL_0.47 LPS_N_H1,-0.0009430713607583584,0.14730236050658455,0.0004804287254345486,-0.5006701410283716,0.147305379380399,11.666666666666666,1.7919293873574857
Hydrophone,Branched,H1,Gasket Leak,0.47 LPS,N,22,BR_GL_0.47 LPS_N_H1,-0.000801720645457675,0.149505976963433,0.018269908261083743,-0.7411900742027959,0.14950812654763593,10.666666666666666,1.6930441254296649
Hydrophone,Branched,H2,Gasket Leak,0.47 LPS,N,0,BR_GL_0.47 LPS_N_H2,-3.8963863912571546e-05,0.05092625909980596,0.055098065354313545,2.3282236537202765,0.05092627400549995,11.0,1.8456519060078926
Hydrophone,Branched,H2,Gasket Leak,0.47 LPS,N,1,BR_GL_0.47 LPS_N_H2,-3.341686327314225e-05,0.03690482632988419,-0.004248125191406443,-0.26163955182090026,0.03690484145915905,11.333333333333332,1.5391688382467197
Hydrophone,Branched,H2,Gasket Leak,0.47 LPS,N,2,BR_GL_0.47 LPS_N_H2,1.3222050387549884e-05,0.03848841089737249,0.0036808012409191614,-0.5363822555077631,0.03848841316847965,11.0,1.6298799400280253
Hydrophone,Branched,H2,Gasket Leak,0.47 LPS,N,3,BR_GL_0.47 LPS_N_H2,2.7572035081718055e-06,0.039395640804704396,0.03852388024096892,-0.6629542609850327,0.03939564090118932,11.666666666666666,1.6868240597854962
Hydrophone,Branched,H2,Gasket Leak,0.47 LPS,N,4,BR_GL_0.47 LPS_N_H2,-6.670831764394514e-05,0.041509990982861664,-0.00722837493764097,-0.26094067659123743,0.04151004458437619,11.666666666666666,1.470628873261938
Hydrophone,Branched,H2,Gasket Leak,0.47 LPS,N,5,BR_GL_0.47 LPS_N_H2,0.00023387910607925295,0.07388696904516533,-0.028019085241226028,0.04577359361055677,0.073887339200417,11.333333333333332,1.1313052765040195
Hydrophone,Branched,H2,Gasket Leak,0.47 LPS,N,6,BR_GL_0.47 LPS_N_H2,0.0005324622514214247,0.08610640735298626,-0.018306794250102267,-0.8687005222785871,0.08610805364939796,11.333333333333332,1.5590216695452626
Hydrophone,Branched,H2,Gasket Leak,0.47 LPS,N,7,BR_GL_0.47 LPS_N_H2,-3.49462160428741e-05,0.05828549531369324,-0.020640345143316738,-0.10192186213371368,0.05828550579003816,11.333333333333332,1.2443884445151596
Hydrophone,Branched,H2,Gasket Leak,0.47 LPS,N,8,BR_GL_0.47 LPS_N_H2,-0.0003766447106280353,0.03831128987197167,-0.19179848776274822,0.17948792319696416,0.03831314125587046,11.666666666666666,2.1984792159454383
Hydrophone,Branched,H2,Gasket Leak,0.47 LPS,N,9,BR_GL_0.47 LPS_N_H2,-0.00015500764779368263,0.04058802640610375,0.049397624190404686,0.008604518177572462,0.040588322395899164,11.333333333333332,1.536136086689056
Hydrophone,Branched,H2,Gasket Leak,0.47 LPS,N,10,BR_GL_0.47 LPS_N_H2,5.8996894919178146e-05,0.046042799807746254,0.02684164799137861,-0.12060377628620333,0.046042837605536534,11.333333333333332,1.433107793951402
Hydrophone,Branched,H2,Gasket Leak,0.47 LPS,N,11,BR_GL_0.47 LPS_N_H2,0.00011713025934652203,0.043662846156117936,-0.023586185173457685,0.06705787140741748,0.0436630032630656,11.666666666666666,1.3750621291559748
Hydrophone,Branched,H2,Gasket Leak,0.47 LPS,N,12,BR_GL_0.47 LPS_N_H2,-0.0001638081153963138,0.033209796561332175,-0.0200525608916507,-0.2489583537858966,0.03321020055259739,11.666666666666666,1.585505443665143
Hydrophone,Branched,H2,Gasket Leak,0.47 LPS,N,13,BR_GL_0.47 LPS_N_H2,-7.606747216000772e-05,0.029500944759357012,-0.034007409750080854,-0.5049148566149255,0.0295010428282621,10.666666666666666,1.7545893025259822
Hydrophone,Branched,H2,Gasket Leak,0.47 LPS,N,14,BR_GL_0.47 LPS_N_H2,2.5486452010473614e-06,0.03457790056800135,0.11078868943098515,1.0982988060601562,0.034577900661928285,11.666666666666666,1.8492523714025724
Hydrophone,Branched,H2,Gasket Leak,0.47 LPS,N,15,BR_GL_0.47 LPS_N_H2,-7.3873346634954e-05,0.041126244632280644,0.046082118906557154,0.3643954566687122,0.041126310980022694,11.666666666666666,1.441894869987009
Hydrophone,Branched,H2,Gasket Leak,0.47 LPS,N,16,BR_GL_0.47 LPS_N_H2,0.00028495098981451774,0.04460209832821308,0.058391424591503024,-0.4201092796317911,0.04460300855711624,11.333333333333332,1.6875952948814084
Hydrophone,Branched,H2,Gasket Leak,0.47 LPS,N,17,BR_GL_0.47 LPS_N_H2,2.849102580335631e-05,0.054211679536581986,0.03112440218685196,-0.3712173234918881,0.05421168702333117,11.0,1.430947641587788
Hydrophone,Branched,H2,Gasket Leak,0.47 LPS,N,18,BR_GL_0.47 LPS_N_H2,4.1775221059103806e-07,0.06134012575537553,-0.03115995250328854,-0.7807334675838993,0.061340125756798064,10.666666666666666,1.5069367669599847
Hydrophone,Branched,H2,Gasket Leak,0.47 LPS,N,19,BR_GL_0.47 LPS_N_H2,0.00011065175485170298,0.05884186267106931,-0.024812653780190097,-1.0053793924114864,0.058841966710943924,11.0,1.6286090436279521
Hydrophone,Branched,H2,Gasket Leak,0.47 LPS,N,20,BR_GL_0.47 LPS_N_H2,-0.0002844976036469269,0.05101084732090924,-0.0057533518008814205,-0.5132318909590659,0.051011640664495345,11.0,1.531574929232693
Hydrophone,Branched,H2,Gasket Leak,0.47 LPS,N,21,BR_GL_0.47 LPS_N_H2,-0.00043189454506733187,0.04720829807463808,-0.03371231795981676,-0.3946759215653408,0.04721027367005975,11.666666666666666,1.6067378973296333
Hydrophone,Branched,H2,Gasket Leak,0.47 LPS,N,22,BR_GL_0.47 LPS_N_H2,-0.00029813783693511005,0.04707616210098775,-0.0030994126601364635,-0.9261302273754737,0.04707710615923931,10.666666666666666,1.755778049167348
Hydrophone,Branched,H1,Gasket Leak,ND,NN,0,BR_GL_ND_NN_H1,0.00043900433117187215,0.11304322141847585,-0.018139126797590815,-0.8630921939281633,0.11304407385382634,11.333333333333332,1.3701102820519018
Hydrophone,Branched,H1,Gasket Leak,ND,NN,1,BR_GL_ND_NN_H1,-0.000133079902834402,0.10989743499228118,-0.009265208750751123,-0.7866760455102919,0.10989751556856599,10.666666666666666,1.1387918378978568
Hydrophone,Branched,H1,Gasket Leak,ND,NN,2,BR_GL_ND_NN_H1,-0.0006907121353180796,0.1016333630798687,0.0023718430350963657,-0.5958502928011495,0.10163571013270037,11.333333333333332,1.606352863242701
Hydrophone,Branched,H1,Gasket Leak,ND,NN,3,BR_GL_ND_NN_H1,-0.00014522743157016244,0.1116247650643026,-0.008207499923312035,-0.41481652897422405,0.11162485953705667,11.0,0.9898084212924678
Hydrophone,Branched,H1,Gasket Leak,ND,NN,4,BR_GL_ND_NN_H1,-0.00030806273794929835,0.13075342388888142,-0.010441543912620765,-0.6673378288826064,0.13075378679532007,11.333333333333332,1.2205703752804924
Hydrophone,Branched,H1,Gasket Leak,ND,NN,5,BR_GL_ND_NN_H1,-0.0008095926076773473,0.12950839625250357,-0.03134411907809289,-0.5660136959385569,0.12951092672082107,12.0,1.8090704952252865
Hydrophone,Branched,H1,Gasket Leak,ND,NN,6,BR_GL_ND_NN_H1,-0.0016633051273099238,0.1965255896278904,-0.0216434948515583,-0.5388525702260125,0.19653262823901915,11.333333333333332,3.356194565345787
Hydrophone,Branched,H1,Gasket Leak,ND,NN,7,BR_GL_ND_NN_H1,0.002184290750550614,0.23188626847778782,-0.022736308848117195,-1.0645657695279713,0.2318965558921383,11.333333333333332,4.363881064166126
Hydrophone,Branched,H1,Gasket Leak,ND,NN,8,BR_GL_ND_NN_H1,0.0027091161935693733,0.17254448181590662,0.01431754944981382,-0.21349727714100775,0.17256574838498512,11.666666666666666,4.9128531613034925
Hydrophone,Branched,H1,Gasket Leak,ND,NN,9,BR_GL_ND_NN_H1,-0.002022886042720077,0.11856948512147462,0.00511066942579982,-0.7657889940609239,0.11858673985700688,11.333333333333332,3.814794847751008
Hydrophone,Branched,H1,Gasket Leak,ND,NN,10,BR_GL_ND_NN_H1,5.664062947027541e-05,0.19035210986955806,-0.01672239613315597,0.10429045347047472,0.19035211829646972,11.666666666666666,1.2887707659855547
Hydrophone,Branched,H1,Gasket Leak,ND,NN,11,BR_GL_ND_NN_H1,0.0015599735127857835,0.18115637904748352,-0.034665375707121325,0.6743839732541548,0.18116309554364576,11.333333333333332,3.0136298509549366
Hydrophone,Branched,H1,Gasket Leak,ND,NN,12,BR_GL_ND_NN_H1,-0.00035592513855173057,0.08038000504106523,0.019241870039482023,-0.38421809345590097,0.08038079306094165,10.666666666666666,1.1984905011981857
Hydrophone,Branched,H1,Gasket Leak,ND,NN,13,BR_GL_ND_NN_H1,-0.0006222954430016394,0.10216724571922288,-0.0033323501316719533,-0.1170384629043526,0.1021691408864264,11.333333333333332,1.4238350323976192
Hydrophone,Branched,H1,Gasket Leak,ND,NN,14,BR_GL_ND_NN_H1,-0.001544765875321621,0.139878110925852,-0.027226164772449914,-0.15866378160977934,0.13988664059800177,11.333333333333332,2.95462541278445
Hydrophone,Branched,H1,Gasket Leak,ND,NN,15,BR_GL_ND_NN_H1,0.0008043409107325781,0.17073413217626826,-0.011862632147004636,-0.3661974109470467,0.1707360268200128,11.333333333333332,1.8512069905634918
Hydrophone,Branched,H1,Gasket Leak,ND,NN,16,BR_GL_ND_NN_H1,0.0006024507124921594,0.14937210761813838,0.018509957646566613,0.10012841791172278,0.14937332252161262,11.666666666666666,1.368148929973354
Hydrophone,Branched,H1,Gasket Leak,ND,NN,17,BR_GL_ND_NN_H1,-0.0016216317599277049,0.10323181881678853,-0.0002531304821471825,-0.4197015376454081,0.10324455484812291,11.666666666666666,3.0806598585322456
Hydrophone,Branched,H1,Gasket Leak,ND,NN,18,BR_GL_ND_NN_H1,0.0014207559325880774,0.133696723954757,-0.00996117942847032,-0.6488552116473336,0.13370427272026306,11.666666666666666,2.7185907478636913
Hydrophone,Branched,H1,Gasket Leak,ND,NN,19,BR_GL_ND_NN_H1,2.0294105278430822e-05,0.15315379053084738,-0.0133633118530672,-0.8757870001599048,0.1531537918754132,11.333333333333332,1.2676645450220194
Hydrophone,Branched,H1,Gasket Leak,ND,NN,20,BR_GL_ND_NN_H1,4.281653984388504e-05,0.15904857512381912,0.00038549802114601795,-0.9283266183169814,0.15904858088701457,11.666666666666666,1.2691954320996117
Hydrophone,Branched,H1,Gasket Leak,ND,NN,21,BR_GL_ND_NN_H1,0.0012430947329347235,0.18624410121437754,-0.012174953865595342,-0.8994333349966839,0.18624824971437007,11.666666666666666,2.6480808484754923
Hydrophone,Branched,H1,Gasket Leak,ND,NN,22,BR_GL_ND_NN_H1,-0.0008213735300611972,0.15859399081105383,0.0035247972337924594,0.01078549631628034,0.15859611778304195,11.333333333333332,1.8370485418277107
Hydrophone,Branched,H1,Gasket Leak,ND,NN,23,BR_GL_ND_NN_H1,-0.001403707115329409,0.13593162753336685,0.017123606751452955,0.38204171168758005,0.1359388750782336,11.666666666666666,2.7243307029340045
Hydrophone,Branched,H1,Gasket Leak,ND,NN,24,BR_GL_ND_NN_H1,0.0009937733358644017,0.1864937122587709,-0.016045163466382767,-0.34165088466250726,0.18649636001139622,11.666666666666666,2.1943667746345175
Hydrophone,Branched,H1,Gasket Leak,ND,NN,25,BR_GL_ND_NN_H1,0.0004990440096575931,0.1608455948899581,-0.009498645596312336,0.4031616647996241,0.16084636906199684,11.666666666666666,1.3003415249949832
Hydrophone,Branched,H2,Gasket Leak,ND,NN,0,BR_GL_ND_NN_H2,0.0001365787624111364,0.03523388697135271,-0.036740786141863775,-0.8329237643116367,0.035234151683677585,11.333333333333332,1.476772410515499
Hydrophone,Branched,H2,Gasket Leak,ND,NN,1,BR_GL_ND_NN_H2,-8.008944321103998e-05,0.03374501214655305,0.0647745385133389,-0.6538655016205039,0.03374510718741203,10.666666666666666,1.390137962058396
Hydrophone,Branched,H2,Gasket Leak,ND,NN,2,BR_GL_ND_NN_H2,-0.00023929099546218354,0.03174961445965753,0.0955864142730218,-0.4174777132519192,0.031750516192928326,11.333333333333332,1.5536940992256305
Hydrophone,Branched,H2,Gasket Leak,ND,NN,3,BR_GL_ND_NN_H2,-1.8432609360579925e-05,0.03519692789671722,-0.037088204942892784,-0.3944893338618516,0.03519693272328994,11.0,1.3221808479021495
Hydrophone,Branched,H2,Gasket Leak,ND,NN,4,BR_GL_ND_NN_H2,-7.720439469801826e-05,0.041865391892917624,-0.02351397246513285,-0.6947787250365072,0.04186546307956157,11.333333333333332,1.3259944758323117
Hydrophone,Branched,H2,Gasket Leak,ND,NN,5,BR_GL_ND_NN_H2,-0.0002871646022972432,0.04138877436884971,-0.03682139785899426,-0.5216018477215241,0.04138977056307951,12.0,1.376258028564642
Hydrophone,Branched,H2,Gasket Leak,ND,NN,6,BR_GL_ND_NN_H2,-0.0005378405207906667,0.06239453907488749,-0.035241034466841265,-0.5061728803562322,0.06239685712272267,11.333333333333332,1.51229161209244
Hydrophone,Branched,H2,Gasket Leak,ND,NN,7,BR_GL_ND_NN_H2,0.0007447612100268765,0.07453699249298294,-0.027541737350792243,-1.0872522398311184,0.07454071316508151,11.333333333333332,1.8734849856948268
Hydrophone,Branched,H2,Gasket Leak,ND,NN,8,BR_GL_ND_NN_H2,0.0008605456410022369,0.055931333312988205,0.015225924281338272,-0.24072951084172978,0.05593795299230061,11.666666666666666,1.7922250260544639
Hydrophone,Branched,H2,Gasket Leak,ND,NN,9,BR_GL_ND_NN_H2,-0.0006583617946406938,0.038352296789468096,-0.006640987993070317,-0.7225408115866427,0.03835794714632272,11.333333333333332,1.7857595727594475
Hydrophone,Branched,H2,Gasket Leak,ND,NN,10,BR_GL_ND_NN_H2,2.5491723709602473e-05,0.061562104687467416,-0.03030358511808321,-0.07403135212124123,0.06156210996529177,11.666666666666666,0.9968779511229774
Hydrophone,Branched,H2,Gasket Leak,ND,NN,11,BR_GL_ND_NN_H2,0.0005157469146817927,0.05804132025630657,-0.051290709256552595,0.5635458177737873,0.05804361163793262,11.333333333333332,1.345390927558824
Hydrophone,Branched,H2,Gasket Leak,ND,NN,12,BR_GL_ND_NN_H2,-0.00010974345102912507,0.02522795048543272,0.03244925604667873,-0.35578488915017425,0.025228189180369027,11.666666666666666,1.3345712168751755
Hydrophone,Branched,H2,Gasket Leak,ND,NN,13,BR_GL_ND_NN_H2,-0.00018712085062078806,0.03309933565695654,0.05426401290609957,-0.04492640016088556,0.03309986457894671,11.333333333333332,1.3508158796071148
Hydrophone,Branched,H2,Gasket Leak,ND,NN,14,BR_GL_ND_NN_H2,-0.0004642086717026587,0.04496638954275328,-0.014375593381377654,-0.16795645955617067,0.04496878559847393,11.333333333333332,1.4148256435613822
Hydrophone,Branched,H2,Gasket Leak,ND,NN,15,BR_GL_ND_NN_H2,0.00023916667086229393,0.05474022069969194,-0.0005790370105921883,-0.3454133972005988,0.05474074317131102,11.333333333333332,1.1387090369986848
Hydrophone,Branched,H2,Gasket Leak,ND,NN,16,BR_GL_ND_NN_H2,0.0001532584701019398,0.0480789186791662,0.03200988772475354,0.11953648539351702,0.0480791629452566,11.666666666666666,1.0892826197295749
Hydrophone,Branched,H2,Gasket Leak,ND,NN,17,BR_GL_ND_NN_H2,-0.0005136269943619862,0.032781345654752714,0.0030952378462420155,-0.3560329729914278,0.032785369231193844,11.666666666666666,1.5656306688625847
Hydrophone,Branched,H2,Gasket Leak,ND,NN,18,BR_GL_ND_NN_H2,0.0005081196764156035,0.04262348211323127,0.030332729002843634,-0.6154364903236806,0.042626510683640366,11.666666666666666,1.461528824656556
Hydrophone,Branched,H2,Gasket Leak,ND,NN,19,BR_GL_ND_NN_H2,2.8892266479549087e-05,0.04903742361144098,0.01426844035715472,-0.9403387208012117,0.04903743212293004,11.333333333333332,1.2735032199105665
Hydrophone,Branched,H2,Gasket Leak,ND,NN,20,BR_GL_ND_NN_H2,-5.992036391184263e-05,0.05136619234794941,0.034144362530704145,-0.9949393095277395,0.05136622729748164,11.666666666666666,1.2605978651496264
Hydrophone,Branched,H2,Gasket Leak,ND,NN,21,BR_GL_ND_NN_H2,0.0003899294993631855,0.060029685117565935,-0.00880332225481387,-0.8968101211708284,0.060030951519433634,11.666666666666666,1.3946423693945609
Hydrophone,Branched,H2,Gasket Leak,ND,NN,22,BR_GL_ND_NN_H2,-0.00022135454383759618,0.05018247471472902,-0.0243009998402043,0.16062655691963412,0.05018296290902416,11.333333333333332,1.116400085068212
Hydrophone,Branched,H2,Gasket Leak,ND,NN,23,BR_GL_ND_NN_H2,-0.00046435501772562995,0.04304851305182363,0.04135916919972772,0.39306223936220475,0.04305101742764643,11.666666666666666,1.4875456846067816
Hydrophone,Branched,H2,Gasket Leak,ND,NN,24,BR_GL_ND_NN_H2,0.00026299300812661423,0.0601872058446605,0.006315067153629258,-0.341834620334025,0.06018778042684294,11.666666666666666,1.0954439889713672
Hydrophone,Branched,H2,Gasket Leak,ND,NN,25,BR_GL_ND_NN_H2,0.00018063631436929226,0.05202257876200745,0.002368378192411775,0.452442963764927,0.05202289236987248,11.666666666666666,1.0209136250371988
Hydrophone,Branched,H1,Gasket Leak,ND,N,0,BR_GL_ND_N_H1,-0.00017813339979205623,0.12231298709797626,-0.037341276581857305,-0.198420073408204,0.1223131168122938,11.666666666666666,0.9084289203675937
Hydrophone,Branched,H1,Gasket Leak,ND,N,1,BR_GL_ND_N_H1,0.001280165754861906,0.11837980106077428,-0.024448815726834692,-0.5890779844257188,0.1183867227502663,11.666666666666666,2.303577295734392
Hydrophone,Branched,H1,Gasket Leak,ND,N,2,BR_GL_ND_N_H1,-0.0003522021309675423,0.12398411554253898,-0.013679245243106816,-0.7248274407728599,0.12398461579247125,11.333333333333332,1.1677268036003685
Hydrophone,Branched,H1,Gasket Leak,ND,N,3,BR_GL_ND_N_H1,-0.0014700666648673124,0.16490377643062443,0.005459670482934308,0.3326761807538512,0.16491032889749663,11.666666666666666,2.58744178363799
Hydrophone,Branched,H1,Gasket Leak,ND,N,4,BR_GL_ND_N_H1,-0.00011648732482607944,0.1998981337983729,0.00526218307244384,-0.186245374659467,0.19989816773889907,11.333333333333332,1.4302584601572932
Hydrophone,Branched,H1,Gasket Leak,ND,N,5,BR_GL_ND_N_H1,0.0004296399548529409,0.17665910845000593,0.009277860282298319,-0.14053156440778158,0.1766596308975023,11.333333333333332,1.3583497390854262
Hydrophone,Branched,H1,Gasket Leak,ND,N,6,BR_GL_ND_N_H1,-0.001067755488505243,0.15681063310606563,0.01396357082825892,-0.8953311007227938,0.1568142683460544,11.333333333333332,2.0691023397889787
Hydrophone,Branched,H1,Gasket Leak,ND,N,7,BR_GL_ND_N_H1,0.0003715170304559274,0.14039529284523858,0.0041079173537859875,-0.5001222372150917,0.14039578440253903,11.666666666666666,1.12152797243447
Hydrophone,Branched,H1,Gasket Leak,ND,N,8,BR_GL_ND_N_H1,0.0011746643235155253,0.15025163318792178,-0.009325419821170737,-0.42177980877123566,0.15025622486909065,11.333333333333332,2.1433337391681815
Hydrophone,Branched,H1,Gasket Leak,ND,N,9,BR_GL_ND_N_H1,0.0008710416360039817,0.17925496952134298,-0.010354655870712047,-0.9724477345736116,0.17925708580591523,11.666666666666666,1.923274021260996
Hydrophone,Branched,H1,Gasket Leak,ND,N,10,BR_GL_ND_N_H1,-0.0017960115299954999,0.1642176326747984,-0.0056403591699262035,-0.8742078554151309,0.16422745366938774,11.666666666666666,3.1234550874059717
Hydrophone,Branched,H1,Gasket Leak,ND,N,11,BR_GL_ND_N_H1,-0.0008491004189451511,0.13958526706818428,-0.003475488532457163,-0.496296345891321,0.1395878495930709,11.666666666666666,1.6465002485702747
Hydrophone,Branched,H1,Gasket Leak,ND,N,12,BR_GL_ND_N_H1,0.0007145737921696131,0.11981430753050415,0.04954249655356869,0.004007365573468924,0.11981643837436778,11.333333333333332,1.5189287297107248
Hydrophone,Branched,H1,Gasket Leak,ND,N,13,BR_GL_ND_N_H1,0.00021087050567274586,0.12289578958095045,-0.0022186073932282196,-0.24495509040561103,0.12289597049169436,11.333333333333332,0.9278888920590297
Hydrophone,Branched,H1,Gasket Leak,ND,N,14,BR_GL_ND_N_H1,0.0008464102172214807,0.13694949731827352,-0.018102526100508554,-0.3688647528248774,0.13695211289346224,11.333333333333332,1.6576551762310237
Hydrophone,Branched,H1,Gasket Leak,ND,N,15,BR_GL_ND_N_H1,-0.0008904033229339316,0.14383558655088133,-0.022167977970000675,-0.39770460580656364,0.14383834251170152,12.0,1.6956887207611349
Hydrophone,Branched,H1,Gasket Leak,ND,N,16,BR_GL_ND_N_H1,-8.017234980465085e-05,0.1677829785791313,-0.02148468230054479,-0.7951942954124878,0.16778299773365268,11.333333333333332,1.2074199101460241
Hydrophone,Branched,H1,Gasket Leak,ND,N,17,BR_GL_ND_N_H1,0.0024706673344111075,0.17254145993311035,-0.027076509550163986,-0.7784455335092892,0.17255914809979345,11.333333333333332,4.179434460569503
Hydrophone,Branched,H1,Gasket Leak,ND,N,18,BR_GL_ND_N_H1,-0.00026104938793427006,0.17547584756672194,-0.004070258392386558,-0.5980778281272667,0.17547604174371606,11.333333333333332,1.2651164072266194
Hydrophone,Branched,H1,Gasket Leak,ND,N,19,BR_GL_ND_N_H1,-0.001970178363701526,0.15759989665428106,0.01000148702918833,-0.2495949453409989,0.15761221091090905,11.333333333333332,3.323096859506148
Hydrophone,Branched,H1,Gasket Leak,ND,N,20,BR_GL_ND_N_H1,0.0009206733472543449,0.11231892390108306,0.03847736503770852,-0.44585003296633374,0.11232269719744818,11.333333333333332,1.8157822144003324
Hydrophone,Branched,H1,Gasket Leak,ND,N,21,BR_GL_ND_N_H1,-0.0005345330583652433,0.20303864258294088,0.008217657728453412,-0.11261833174611402,0.20303934620539363,11.333333333333332,1.6959610728086036
Hydrophone,Branched,H1,Gasket Leak,ND,N,22,BR_GL_ND_N_H1,-0.0015920322078601518,0.25757637659778987,0.014004028412474386,-1.0892939348627015,0.25758129657992895,11.666666666666666,3.3724591052699733
Hydrophone,Branched,H1,Gasket Leak,ND,N,23,BR_GL_ND_N_H1,0.0018384457558388463,0.21202133475794796,-0.016756202774349905,-0.8371712717067159,0.21202930522769486,11.666666666666666,3.3637654107139534
Hydrophone,Branched,H1,Gasket Leak,ND,N,24,BR_GL_ND_N_H1,0.0006559602183568627,0.15069022655679717,0.006982651786762363,-0.9116690578743945,0.1506916542597729,11.666666666666666,1.5466471577341694
Hydrophone,Branched,H1,Gasket Leak,ND,N,25,BR_GL_ND_N_H1,0.0005152299728790088,0.12314413355831225,0.03195782679870166,-0.36482018539112104,0.12314521140406719,12.0,1.2471279543760767
Hydrophone,Branched,H2,Gasket Leak,ND,N,0,BR_GL_ND_N_H2,-7.240005129180809e-05,0.028968171649123506,-0.10771299504218383,-0.08312845539966673,0.028968262123581213,15.666666666666666,1.6841738965102928
Hydrophone,Branched,H2,Gasket Leak,ND,N,1,BR_GL_ND_N_H2,0.0004009801115872493,0.052243467231672454,-0.01868295482656823,0.5899531437256713,0.052245006014323726,11.333333333333332,1.380597188538144
Hydrophone,Branched,H2,Gasket Leak,ND,N,2,BR_GL_ND_N_H2,0.00014202768186858623,0.05535320136789321,-0.003970664336124483,0.098052995934923,0.05535338357803388,11.666666666666666,1.2393857775124095
Hydrophone,Branched,H2,Gasket Leak,ND,N,3,BR_GL_ND_N_H2,-0.0004338105575201141,0.04139018881838171,0.0189017529314442,-0.5593659677697369,0.041392462140118054,11.333333333333332,1.7339517874409203
Hydrophone,Branched,H2,Gasket Leak,ND,N,4,BR_GL_ND_N_H2,-0.00024059187985010685,0.04232762884307805,-0.02276482688904909,-0.5522281245577885,0.04232831260433166,11.0,1.6318412994157556
Hydrophone,Branched,H2,Gasket Leak,ND,N,5,BR_GL_ND_N_H2,-0.000202825865343058,0.05608559651040596,0.00035069832203423525,-0.5831996363693661,0.05608596325516496,11.333333333333332,1.4606219310954485
Hydrophone,Branched,H2,Gasket Leak,ND,N,6,BR_GL_ND_N_H2,0.00012487104799255685,0.06275168346230675,-0.006797514276838821,-0.9969999904171765,0.06275180770409862,11.333333333333332,1.5630502199846703
Hydrophone,Branched,H2,Gasket Leak,ND,N,7,BR_GL_ND_N_H2,0.00012565237791894467,0.05455325444094517,-0.009992259089400603,-0.7329567186182735,0.05455339914816107,11.333333333333332,1.529427154271469
Hydrophone,Branched,H2,Gasket Leak,ND,N,8,BR_GL_ND_N_H2,0.0003405383101493511,0.05280948928909293,0.00030430315053353,-0.5968526675300194,0.05281058724645561,11.333333333333332,1.5854293835236768
Hydrophone,Branched,H2,Gasket Leak,ND,N,9,BR_GL_ND_N_H2,-1.1008501859741893e-05,0.04575217531558292,0.023939792875750276,-0.3941787340535683,0.04575217663996926,11.666666666666666,1.4906044328620673
Hydrophone,Branched,H2,Gasket Leak,ND,N,10,BR_GL_ND_N_H2,-0.00017448246056303189,0.03906452776989579,-0.018430665388179293,-0.6727762074715646,0.03906491743257629,11.666666666666666,1.671118171574218
Hydrophone,Branched,H2,Gasket Leak,ND,N,11,BR_GL_ND_N_H2,-7.795283599789834e-05,0.04636089302912575,-0.001988296156238492,-0.8615515777720644,0.04636095856539941,11.0,1.6691924812274685
Hydrophone,Branched,H2,Gasket Leak,ND,N,12,BR_GL_ND_N_H2,1.8700599510847274e-05,0.045016106133390875,0.021783569925214647,-0.6778198567447444,0.045016110017694046,11.0,1.6234039154410336
Hydrophone,Branched,H2,Gasket Leak,ND,N,13,BR_GL_ND_N_H2,4.983688219221838e-05,0.0513553943682358,-0.017303768949170514,0.024704990000733673,0.05135541854986533,11.333333333333332,1.2927205440860046
Hydrophone,Branched,H2,Gasket Leak,ND,N,14,BR_GL_ND_N_H2,-0.0002825543514434691,0.05983531978625511,0.007795403894606011,-0.5833314630202024,0.05983598692162544,11.333333333333332,1.4568021788976915
Hydrophone,Branched,H2,Gasket Leak,ND,N,15,BR_GL_ND_N_H2,4.151971544705372e-05,0.04794857184021562,0.027817630467418916,-0.18965020623872908,0.0479485898166264,11.666666666666666,1.4147655855903145
Hydrophone,Branched,H2,Gasket Leak,ND,N,16,BR_GL_ND_N_H2,0.0003069510402646023,0.04472824548842793,-0.04055511350853868,-0.5080367929006049,0.044729298713641744,12.0,1.6274479117497378
Hydrophone,Branched,H2,Gasket Leak,ND,N,17,BR_GL_ND_N_H2,8.387594912661929e-05,0.05613364335100117,-0.03465457777952427,-0.8924419066555673,0.056133706015479144,11.666666666666666,1.589926889528333
Hydrophone,Branched,H2,Gasket Leak,ND,N,18,BR_GL_ND_N_H2,0.0001264006708445377,0.04919240577201478,-0.01910941470810493,-0.34051282938626803,0.04919256816601612,11.666666666666666,1.4290798169594894
Hydrophone,Branched,H2,Gasket Leak,ND,N,19,BR_GL_ND_N_H2,-0.00010453727857536828,0.052586083523184064,-0.005249188603732325,0.0005359662431874135,0.05258618742930411,11.0,1.3009957508489491
Hydrophone,Branched,H2,Gasket Leak,ND,N,20,BR_GL_ND_N_H2,1.4236112607782422e-05,0.06504446826683773,0.0038457963868459514,-0.9404289328853808,0.06504446982474807,11.666666666666666,1.4844310181038929
Hydrophone,Branched,H2,Gasket Leak,ND,N,21,BR_GL_ND_N_H2,0.00022154043464277487,0.06060190638209819,-0.03703496541839564,-0.6522197048206944,0.06060231131985624,11.333333333333332,1.4946732808603722
Hydrophone,Branched,H2,Gasket Leak,ND,N,22,BR_GL_ND_N_H2,-0.0001878926795565848,0.0581531536013106,-0.02590539238105824,-0.3224994985517369,0.05815345714088419,11.333333333333332,1.3476375783111982
Hydrophone,Branched,H1,Gasket Leak,Transient,NN,0,BR_GL_Transient_NN_H1,0.00016772357221890284,0.13616103230967694,0.012438081115479685,-0.5412410743050025,0.13616113561084003,11.333333333333332,1.027300687524589
Hydrophone,Branched,H1,Gasket Leak,Transient,NN,1,BR_GL_Transient_NN_H1,-0.0009339966714898121,0.14109668327930286,0.019188997319049012,-0.6829638849236632,0.14109977456467554,11.333333333333332,2.037392179548707
Hydrophone,Branched,H1,Gasket Leak,Transient,NN,2,BR_GL_Transient_NN_H1,-0.0005377932999661051,0.1175183107068098,0.04386485716416414,-0.2527554399242704,0.11751954123896068,11.333333333333332,1.3886955570952033
Hydrophone,Branched,H1,Gasket Leak,Transient,NN,3,BR_GL_Transient_NN_H1,6.19993384144788e-05,0.10571522254982683,-0.02206518337807345,0.1171154982821343,0.10571524073035724,11.666666666666666,0.7823581917012202
Hydrophone,Branched,H1,Gasket Leak,Transient,NN,4,BR_GL_Transient_NN_H1,-0.0008498894985577457,0.11463178158426217,-0.04507117293230785,-0.08440875614184451,0.1146349321164441,15.666666666666666,1.6798992835064148
Hydrophone,Branched,H1,Gasket Leak,Transient,NN,5,BR_GL_Transient_NN_H1,0.0004372502709959873,0.13293644350849373,-0.08100446850894738,-0.5581366975268054,0.13293716260130736,11.333333333333332,1.5949198224039414
Hydrophone,Branched,H1,Gasket Leak,Transient,NN,6,BR_GL_Transient_NN_H1,0.0012421083832156404,0.14462234153487205,-0.03891094553914202,-0.873220463858905,0.14462767544375743,11.333333333333332,2.5849638831985042
Hydrophone,Branched,H1,Gasket Leak,Transient,NN,7,BR_GL_Transient_NN_H1,0.00030682688402508177,0.14138428133460376,0.04915580192562299,-0.6946121045691873,0.14138461426633078,11.333333333333332,1.156497509571256
Hydrophone,Branched,H1,Gasket Leak,Transient,NN,8,BR_GL_Transient_NN_H1,0.0005519540043711869,0.14892735682868904,0.03627656965147635,0.35971605174376853,0.14892837965009426,11.0,1.3445842313650558
Hydrophone,Branched,H1,Gasket Leak,Transient,NN,9,BR_GL_Transient_NN_H1,-0.00031474444901947286,0.14747831413834,-0.023882530729240965,0.4569838655511669,0.14747864999773724,11.333333333333332,1.090458143770488
Hydrophone,Branched,H1,Gasket Leak,Transient,NN,10,BR_GL_Transient_NN_H1,-0.0011458472802750891,0.11730923747061085,-0.07360518537698003,0.3916794858331136,0.11731483351190455,11.333333333333332,2.2338638121656533
Hydrophone,Branched,H1,Gasket Leak,Transient,NN,11,BR_GL_Transient_NN_H1,0.00040610890694206173,0.088999973142261,-0.02294893110579143,0.632326277968684,0.08900089967953964,11.0,1.0572903007549164
Hydrophone,Branched,H1,Gasket Leak,Transient,NN,12,BR_GL_Transient_NN_H1,0.0006340708956222888,0.10447227070936813,-0.08015894671389201,-0.2947542893968049,0.10447419486682906,11.333333333333332,1.6761356776977807
Hydrophone,Branched,H1,Gasket Leak,Transient,NN,13,BR_GL_Transient_NN_H1,-0.0015163919623514316,0.13386822550126415,0.037063443591577476,-0.309485656084981,0.1338768136887071,11.0,2.9642208017693723
Hydrophone,Branched,H1,Gasket Leak,Transient,NN,14,BR_GL_Transient_NN_H1,0.0008602952545099925,0.24218245955233458,-0.11830343887601227,1.8189288966656418,0.2421839875440635,11.666666666666666,2.5560063345996595
Hydrophone,Branched,H1,Gasket Leak,Transient,NN,15,BR_GL_Transient_NN_H1,0.0019401367190655927,0.26515165247144734,-0.11888492104750431,0.6425470079080733,0.26515875044740245,11.333333333333332,4.208131750197945
Hydrophone,Branched,H1,Gasket Leak,Transient,NN,16,BR_GL_Transient_NN_H1,-0.001628927411471737,0.22702383744661278,-0.12233219464377039,-0.4446647579954761,0.2270296812610587,11.333333333333332,3.5617479614630208
Hydrophone,Branched,H1,Gasket Leak,Transient,NN,17,BR_GL_Transient_NN_H1,-0.0004988353384399177,0.1808666781006671,-0.23058894916497846,1.5814946802537522,0.1808673660002412,11.333333333333332,2.145614823296031
Hydrophone,Branched,H1,Gasket Leak,Transient,NN,18,BR_GL_Transient_NN_H1,0.00034719097965182937,0.13739806813175914,-0.02428852835734197,1.0233115008291254,0.13739850678925108,11.666666666666666,1.0433912902108238
Hydrophone,Branched,H1,Gasket Leak,Transient,NN,19,BR_GL_Transient_NN_H1,4.278505075715633e-05,0.20287907042131487,-0.015872582283937398,-0.37314884665708004,0.2028790749327722,11.333333333333332,1.5054347900410812
Hydrophone,Branched,H1,Gasket Leak,Transient,NN,20,BR_GL_Transient_NN_H1,-0.00090567630072076,0.19042598510565661,0.008013656069057571,-0.2626061430356761,0.1904281388162512,11.333333333333332,2.1457669923420983
Hydrophone,Branched,H1,Gasket Leak,Transient,NN,21,BR_GL_Transient_NN_H1,-0.0010787078524828134,0.17071008571609633,0.009509405390029653,-0.6420341168636643,0.17071349383053458,11.0,2.356178592541561
Hydrophone,Branched,H1,Gasket Leak,Transient,NN,22,BR_GL_Transient_NN_H1,0.0013938854302535863,0.15167526394565312,-0.027963935867446475,0.15618261059505567,0.15168166866690322,11.333333333333332,2.6574760873010574
Hydrophone,Branched,H1,Gasket Leak,Transient,NN,23,BR_GL_Transient_NN_H1,0.0006615474650742558,0.11745257685591483,-0.009608584428506284,-0.20794662800070451,0.11745443991243211,11.0,1.4485176452268564
Hydrophone,Branched,H1,Gasket Leak,Transient,NN,24,BR_GL_Transient_NN_H1,-0.0012610482985146267,0.14767546141194932,0.01511533566920489,-0.43167827572078465,0.1476808455624605,11.666666666666666,2.532919493597741
Hydrophone,Branched,H1,Gasket Leak,Transient,NN,25,BR_GL_Transient_NN_H1,-0.002330184380758506,0.1724364144792257,-0.004904053337942044,-0.651215104915595,0.17245215799664454,11.333333333333332,4.40591530635147
Hydrophone,Branched,H1,Gasket Leak,Transient,NN,26,BR_GL_Transient_NN_H1,0.0017345362123628234,0.18817225972996854,-0.015532066330383646,-0.8519839070179498,0.1881802538731276,11.666666666666666,3.418026345924631
Hydrophone,Branched,H1,Gasket Leak,Transient,NN,27,BR_GL_Transient_NN_H1,0.00197498430671323,0.2176803775055379,-0.005149455010566477,-1.0919608557415619,0.21768933670247897,11.666666666666666,3.931208467987018
Hydrophone,Branched,H1,Gasket Leak,Transient,NN,28,BR_GL_Transient_NN_H1,-0.0014812268028296357,0.1908545803757626,0.01179137262820371,-0.6436995437103965,0.19086032820691115,11.333333333333332,3.0582562457025086
Hydrophone,Branched,H1,Gasket Leak,Transient,NN,29,BR_GL_Transient_NN_H1,0.0002046306655490234,0.10034544517332944,-0.036476840179559086,-0.2782307749024304,0.10034565382089523,11.333333333333332,1.0277958822710218
Hydrophone,Branched,H1,Gasket Leak,Transient,NN,30,BR_GL_Transient_NN_H1,-6.774020827309046e-06,0.10347913720725775,-0.010332522953595304,-0.11835654889934144,0.1034791374289805,11.333333333333332,0.8353664238575075
Hydrophone,Branched,H1,Gasket Leak,Transient,NN,31,BR_GL_Transient_NN_H1,0.000844954732264451,0.1312230123257953,0.017317448506077214,-0.7541333884803523,0.13122573266076817,11.666666666666666,1.773695342443764
Hydrophone,Branched,H1,Gasket Leak,Transient,NN,32,BR_GL_Transient_NN_H1,0.0005800485311285276,0.17515615771080512,-0.003790705822884108,-0.9718062781354799,0.1751571181548466,11.333333333333332,1.733358188332664
Hydrophone,Branched,H2,Gasket Leak,Transient,NN,0,BR_GL_Transient_NN_H2,-1.573737361955607e-05,0.044934490961228896,0.001991611251357947,-0.43057832176045174,0.04493449371707319,11.333333333333332,1.1655033768164365
Hydrophone,Branched,H2,Gasket Leak,Transient,NN,1,BR_GL_Transient_NN_H2,-0.0002948923664531579,0.04610375408186136,0.046842431147408096,-0.522236113082791,0.04610469717879666,11.333333333333332,1.3440251509201364
Hydrophone,Branched,H2,Gasket Leak,Transient,NN,2,BR_GL_Transient_NN_H2,-0.00015374288329721278,0.03904786840782074,0.03365781352717118,-0.41450082578411385,0.03904817107200605,11.333333333333332,1.2610078923386894
Hydrophone,Branched,H2,Gasket Leak,Transient,NN,3,BR_GL_Transient_NN_H2,-3.505677897459826e-05,0.03524436319016863,0.08353655909931068,-0.23798022517247164,0.03524438062526089,11.666666666666666,1.367345045048893
Hydrophone,Branched,H2,Gasket Leak,Transient,NN,4,BR_GL_Transient_NN_H2,-0.0002650433224535396,0.03904834440004488,0.0537572068895011,-0.28516117922017203,0.03904924388957222,15.666666666666666,1.2333220958829807
Hydrophone,Branched,H2,Gasket Leak,Transient,NN,5,BR_GL_Transient_NN_H2,0.00021099204181456707,0.04487853183069142,0.019576987186068668,-0.6829774563371624,0.044879027807207365,11.333333333333332,1.2562879385200898
Hydrophone,Branched,H2,Gasket Leak,Transient,NN,6,BR_GL_Transient_NN_H2,0.0004984602957429643,0.047472930452129254,0.04975634794844036,-0.8969669577129347,0.04747554726782128,11.333333333333332,1.490817797374112
Hydrophone,Branched,H2,Gasket Leak,Transient,NN,7,BR_GL_Transient_NN_H2,6.445358724721703e-05,0.04675766976577184,0.08066270858556812,-0.6799006901085964,0.04675771418910341,11.333333333333332,1.2898314362222858
Hydrophone,Branched,H2,Gasket Leak,Transient,NN,8,BR_GL_Transient_NN_H2,9.161232101573583e-05,0.04968692737963705,-0.03239333200678928,-0.16139353189772043,0.04968701183656236,11.0,1.1468243493076282
Hydrophone,Branched,H2,Gasket Leak,Transient,NN,9,BR_GL_Transient_NN_H2,-8.443328163907408e-05,0.0492048859437975,-0.14516049793569488,-0.185814830433086,0.04920495838552422,11.333333333333332,1.7136526678144808
Hydrophone,Branched,H2,Gasket Leak,Transient,NN,10,BR_GL_Transient_NN_H2,-0.00041602932760489194,0.039029373561686495,-0.1969485040889949,0.1177016437895575,0.03903159080820432,11.333333333333332,2.0953625520662937
Hydrophone,Branched,H2,Gasket Leak,Transient,NN,11,BR_GL_Transient_NN_H2,0.00014099585494846374,0.02970687858834199,-0.007486891782613659,0.7233552658102504,0.029707213186255025,11.0,1.2290623745973435
Hydrophone,Branched,H2,Gasket Leak,Transient,NN,12,BR_GL_Transient_NN_H2,0.00022295050115032962,0.03433581962962953,-0.020015790412147003,-0.18694549649156755,0.0343365434568539,11.333333333333332,1.2758896534905586
Hydrophone,Branched,H2,Gasket Leak,Transient,NN,13,BR_GL_Transient_NN_H2,-0.0005671056441696523,0.04234456811565283,-0.03164483701480259,-0.47223367114901027,0.042348365466837214,11.0,1.637121369125941
Hydrophone,Branched,H2,Gasket Leak,Transient,NN,14,BR_GL_Transient_NN_H2,0.00037591396169898,0.10325660550398365,-0.22073748030871865,1.4580214184333933,0.1032572897741942,20.0,1.7328719108069337
Hydrophone,Branched,H2,Gasket Leak,Transient,NN,15,BR_GL_Transient_NN_H2,0.0007132455928777426,0.11142570795457156,-0.16853803070047507,0.5081498739361958,0.11142799070454977,20.0,1.919294657379697
Hydrophone,Branched,H2,Gasket Leak,Transient,NN,16,BR_GL_Transient_NN_H2,-0.0006126865669550128,0.07228396450416115,0.030693967835731598,-0.6519126014707783,0.07228656105576026,11.333333333333332,1.5691696984737582
Hydrophone,Branched,H2,Gasket Leak,Transient,NN,17,BR_GL_Transient_NN_H2,-0.0002055746300283466,0.053085174189439616,-0.10886746195583126,0.3510031939374163,0.05308557223626451,11.333333333333332,1.3267988206962358
Hydrophone,Branched,H2,Gasket Leak,Transient,NN,18,BR_GL_Transient_NN_H2,0.0001463558721717663,0.04495821367246936,-0.056541399398523026,0.9264271852815962,0.04495845189350642,11.666666666666666,1.0942042546623465
Hydrophone,Branched,H2,Gasket Leak,Transient,NN,19,BR_GL_Transient_NN_H2,4.995981864579983e-05,0.06538921897860257,-0.03715569092069865,-0.39358865902623874,0.06538923806418849,11.333333333333332,1.1153652419557485
Hydrophone,Branched,H2,Gasket Leak,Transient,NN,20,BR_GL_Transient_NN_H2,-0.00028197090330913467,0.0613419111246026,0.0015512549852233946,-0.2876699147262145,0.06134255919024701,11.333333333333332,1.1552339080457497
Hydrophone,Branched,H2,Gasket Leak,Transient,NN,21,BR_GL_Transient_NN_H2,-0.00034580747962633117,0.05547756480214049,0.014183847156147414,-0.5678758089663005,0.05547864254998192,11.0,1.3189853156132434
Hydrophone,Branched,H2,Gasket Leak,Transient,NN,22,BR_GL_Transient_NN_H2,0.00043606622249847595,0.049085512073573534,-0.03508771178855028,0.28280809835236465,0.04908744899946765,11.333333333333332,1.293109591855961
Hydrophone,Branched,H2,Gasket Leak,Transient,NN,23,BR_GL_Transient_NN_H2,0.00029385285636552633,0.03771852894431685,-0.014085604254550061,-0.20309623393768073,0.03771967358321732,11.0,1.298315256431532
Hydrophone,Branched,H2,Gasket Leak,Transient,NN,24,BR_GL_Transient_NN_H2,-0.00037472891435864593,0.04757841124803724,0.0339407505400223,-0.4700009916972494,0.047579886912923745,11.666666666666666,1.3651552859205436
Hydrophone,Branched,H2,Gasket Leak,Transient,NN,25,BR_GL_Transient_NN_H2,-0.0008118165320655235,0.05558052740878774,0.017807038405471723,-0.7500141255532831,0.05558645584241488,11.333333333333332,1.9120562336768987
Hydrophone,Branched,H2,Gasket Leak,Transient,NN,26,BR_GL_Transient_NN_H2,0.0005423679213375931,0.06115381157648123,-0.015402471398021247,-0.893418351365237,0.061156216636527365,11.666666666666666,1.5576746148423515
Hydrophone,Branched,H2,Gasket Leak,Transient,NN,27,BR_GL_Transient_NN_H2,0.000628988038929467,0.07075514283719969,-0.01725818687465928,-1.0761906800953827,0.07075793852187645,11.666666666666666,1.69138697393965
Hydrophone,Branched,H2,Gasket Leak,Transient,NN,28,BR_GL_Transient_NN_H2,-0.000513912971392195,0.062071952532336584,-0.0016498699163282646,-0.6406135859930946,0.06207407991842336,11.333333333333332,1.4741260166201837
Hydrophone,Branched,H2,Gasket Leak,Transient,NN,29,BR_GL_Transient_NN_H2,6.098309873328256e-05,0.033670143775331195,-0.03571270374536919,-0.20214708447594054,0.033670199001339524,11.333333333333332,1.2670148386001505
Hydrophone,Branched,H2,Gasket Leak,Transient,NN,30,BR_GL_Transient_NN_H2,1.1851288843005385e-05,0.034242743673423184,0.029462748686546966,-0.21963034846826268,0.03424274572426707,11.333333333333332,1.2193494286554645
Hydrophone,Branched,H2,Gasket Leak,Transient,NN,31,BR_GL_Transient_NN_H2,0.00029233754234725434,0.04326171717978466,0.011117301068873568,-0.8097186826039402,0.043262704892116255,11.666666666666666,1.343904937104466
Hydrophone,Branched,H2,Gasket Leak,Transient,NN,32,BR_GL_Transient_NN_H2,0.00021846504383268354,0.05677986290212148,0.006674743914720222,-0.9999636935539451,0.05678028318139219,11.333333333333332,1.3070698838923087
Hydrophone,Branched,H1,Gasket Leak,Transient,N,0,BR_GL_Transient_N_H1,0.00020324275762416622,0.145450375002528,0.002989142105284712,-0.38868854248506723,0.14545051700146874,11.333333333333332,1.0049965268319283
Hydrophone,Branched,H1,Gasket Leak,Transient,N,1,BR_GL_Transient_N_H1,-0.0006376085076446967,0.129989130525146,0.015496626513245312,-0.15662791506890716,0.1299906942796001,11.0,1.341162219500834
Hydrophone,Branched,H1,Gasket Leak,Transient,N,2,BR_GL_Transient_N_H1,-0.0002825303379202895,0.16212849450865324,0.019610799790632488,-0.18262105788626304,0.16212874068170102,11.0,1.1506249612006876
Hydrophone,Branched,H1,Gasket Leak,Transient,N,3,BR_GL_Transient_N_H1,0.0012186449576140502,0.16397888391404972,0.023839873116261626,-0.4732447707896199,0.16398341216485926,11.0,2.267695439193865
Hydrophone,Branched,H1,Gasket Leak,Transient,N,4,BR_GL_Transient_N_H1,0.0006579442089590068,0.16952128221226204,0.014981474483641274,-0.3284647800870313,0.16952255901050897,11.333333333333332,1.5426477356863784
Hydrophone,Branched,H1,Gasket Leak,Transient,N,5,BR_GL_Transient_N_H1,-0.0010801021776940826,0.17375718286427475,0.017709128115955344,-0.3898481511861065,0.17376053987497642,11.333333333333332,2.0883917286819176
Hydrophone,Branched,H1,Gasket Leak,Transient,N,6,BR_GL_Transient_N_H1,-0.0007859088983550447,0.12735381881924487,-0.01916437720056037,-0.41419676713622655,0.12735624374423724,11.333333333333332,1.5486048307271776
Hydrophone,Branched,H1,Gasket Leak,Transient,N,7,BR_GL_Transient_N_H1,-0.00016347773591841882,0.12897668688631564,-0.03406912118383035,-0.6207884180466556,0.1289767904901531,11.0,1.0656691314037834
Hydrophone,Branched,H1,Gasket Leak,Transient,N,8,BR_GL_Transient_N_H1,7.80933355686666e-05,0.13650099075613142,-0.006659749505350753,-0.6563658542111623,0.13650101309504828,11.0,1.0243187270148388
Hydrophone,Branched,H1,Gasket Leak,Transient,N,9,BR_GL_Transient_N_H1,0.0006730975840193718,0.1254079177227322,-0.0278015267954387,-0.49490575800775005,0.12540972405642703,11.0,1.473517817193862
Hydrophone,Branched,H1,Gasket Leak,Transient,N,10,BR_GL_Transient_N_H1,-0.0005022550244494362,0.13796121918967014,0.01619344557301798,-0.6639690209933105,0.13796213342946606,11.333333333333332,1.2895869851673611
Hydrophone,Branched,H1,Gasket Leak,Transient,N,11,BR_GL_Transient_N_H1,-0.0014517232969258468,0.12567193973884422,0.05023211133626022,-0.36084484121957905,0.12568032438792687,10.666666666666666,2.548610455880122
Hydrophone,Branched,H1,Gasket Leak,Transient,N,12,BR_GL_Transient_N_H1,0.0005211387605684805,0.10455339323198999,-0.0015511024784450717,-0.129005376164955,0.10455469201298857,11.333333333333332,1.2263737407743691
Hydrophone,Branched,H1,Gasket Leak,Transient,N,13,BR_GL_Transient_N_H1,-0.0005463505750708203,0.15890650216237642,-0.08061522242884427,-0.06612247009658301,0.15890744138784763,11.0,1.4879643864358174
Hydrophone,Branched,H1,Gasket Leak,Transient,N,14,BR_GL_Transient_N_H1,-0.00015237998338053977,0.18999997927150153,-0.02647957512266912,-0.8207083555039318,0.19000004037586504,11.333333333333332,1.4174669648327076
Hydrophone,Branched,H1,Gasket Leak,Transient,N,15,BR_GL_Transient_N_H1,0.0019518391379520213,0.22992189539250896,-0.11473775851678929,1.3395494222510607,0.229930179961014,11.333333333333332,3.914004083659958
Hydrophone,Branched,H1,Gasket Leak,Transient,N,16,BR_GL_Transient_N_H1,0.0006018693182034877,0.22210513119326428,-0.14930560630788967,1.9834590144718538,0.2221059466764754,11.333333333333332,2.7574350485590378
Hydrophone,Branched,H1,Gasket Leak,Transient,N,17,BR_GL_Transient_N_H1,-0.0012964351010151664,0.16516288011665614,-0.05324515565791248,-0.2813144448586935,0.16516796817906332,11.333333333333332,2.378287515265697
Hydrophone,Branched,H1,Gasket Leak,Transient,N,18,BR_GL_Transient_N_H1,-0.001102670446572276,0.16128673339809876,-0.006556099030511403,-0.7868874062355209,0.16129050267248574,11.0,2.1147425085053007
Hydrophone,Branched,H1,Gasket Leak,Transient,N,19,BR_GL_Transient_N_H1,0.0002967503256079513,0.16287428826480996,-0.01695808477193855,-0.9012204894043063,0.16287455859809463,11.333333333333332,1.292544457151326
Hydrophone,Branched,H1,Gasket Leak,Transient,N,20,BR_GL_Transient_N_H1,0.0007804192178588628,0.14419777588590313,-0.0013642740575418707,-0.6594470380856672,0.1441998877412765,11.333333333333332,1.6281909595461714
Hydrophone,Branched,H1,Gasket Leak,Transient,N,21,BR_GL_Transient_N_H1,0.0004378247222746978,0.12294321903744827,-0.0008760622745739488,-0.7243432330637902,0.1229439986244852,11.333333333333332,1.2535205350869958
Hydrophone,Branched,H1,Gasket Leak,Transient,N,22,BR_GL_Transient_N_H1,3.920041521604811e-05,0.1303696361360084,-0.010390093619448855,-0.6172688316843384,0.13036964202952997,11.666666666666666,0.9667052240432299
Hydrophone,Branched,H1,Gasket Leak,Transient,N,23,BR_GL_Transient_N_H1,-0.0008146586480213201,0.12062449703849816,-0.0025740897704773147,-0.16972873342783146,0.12062724797699502,11.333333333333332,1.5397663952007499
Hydrophone,Branched,H1,Gasket Leak,Transient,N,24,BR_GL_Transient_N_H1,-0.0012252913966925721,0.15615132249706806,0.01094479928762127,-0.4989591838024787,0.1561561297438886,11.333333333333332,2.2225166705083748
Hydrophone,Branched,H1,Gasket Leak,Transient,N,25,BR_GL_Transient_N_H1,0.000904863630044116,0.16875387860287708,-0.003191935999992078,-0.9384822160574697,0.16875630453912988,11.333333333333332,1.9140218639273117
Hydrophone,Branched,H1,Gasket Leak,Transient,N,26,BR_GL_Transient_N_H1,0.0021974274777679347,0.14009218341386417,-0.019179804783092662,-0.9683942453497165,0.1401094163187607,11.0,3.743101000006947
Hydrophone,Branched,H1,Gasket Leak,Transient,N,27,BR_GL_Transient_N_H1,0.0004481704562401324,0.18076335687108397,-0.013264939400352754,-0.8194243335989806,0.18076391244952822,11.333333333333332,1.4839823964795573
Hydrophone,Branched,H1,Gasket Leak,Transient,N,28,BR_GL_Transient_N_H1,-0.0022620812103657244,0.1796701049965806,0.015515910081449287,-0.7287273180623459,0.1796843444512754,11.666666666666666,3.858763735126137
Hydrophone,Branched,H1,Gasket Leak,Transient,N,29,BR_GL_Transient_N_H1,-0.00039807990509320863,0.1600191232999068,-0.008282905773055845,-0.5819402355474201,0.1600196184512437,11.333333333333332,1.247796496935168
Hydrophone,Branched,H1,Gasket Leak,Transient,N,30,BR_GL_Transient_N_H1,0.001282087039729492,0.1562236417094963,-0.02303926877318817,-0.43371614222861066,0.15622890249935995,11.0,2.3279924966119836
Hydrophone,Branched,H1,Gasket Leak,Transient,N,31,BR_GL_Transient_N_H1,-0.0002393375747187522,0.15021219824005902,-0.02051650692278387,-0.3312633552066928,0.15021238891178537,11.0,1.052932475701299
Hydrophone,Branched,H2,Gasket Leak,Transient,N,0,BR_GL_Transient_N_H2,7.576085176822622e-06,0.04383416431683604,-0.0026104444520529237,-0.4210195085048669,0.043834164971543015,11.333333333333332,1.510057854576163
Hydrophone,Branched,H2,Gasket Leak,Transient,N,1,BR_GL_Transient_N_H2,-0.0001455120480168237,0.04028067809975468,0.02192967840173283,-0.33446732174822236,0.0402809409265992,11.0,1.5700337727642704
Hydrophone,Branched,H2,Gasket Leak,Transient,N,2,BR_GL_Transient_N_H2,-0.00020075055018069907,0.05024972611341034,0.03522880313743959,-0.24851260042619572,0.05025012711681584,11.0,1.4731170701869467
Hydrophone,Branched,H2,Gasket Leak,Transient,N,3,BR_GL_Transient_N_H2,0.00027020321410428796,0.05199012788487412,-0.018131714827861963,-0.6067843620104654,0.05199083003052057,11.333333333333332,1.5636477369589274
Hydrophone,Branched,H2,Gasket Leak,Transient,N,4,BR_GL_Transient_N_H2,0.0002833307877490203,0.05478014672182282,-0.008519377343344686,-0.5403735305852293,0.05478087943068933,11.333333333333332,1.511450415951996
Hydrophone,Branched,H2,Gasket Leak,Transient,N,5,BR_GL_Transient_N_H2,-0.0002687142966198171,0.05481073189121907,0.022678645764257217,-0.4598818083206937,0.05481139058466139,11.333333333333332,1.4751723630371478
Hydrophone,Branched,H2,Gasket Leak,Transient,N,6,BR_GL_Transient_N_H2,-0.0004565883221064324,0.03987769459466521,-0.01741036269921162,-0.3619441725343404,0.03988030841256465,11.333333333333332,1.6870291792154053
Hydrophone,Branched,H2,Gasket Leak,Transient,N,7,BR_GL_Transient_N_H2,-0.0001543209121727518,0.04181766270820498,-0.006770416574662824,-0.5220580059597193,0.0418179474546651,11.0,1.595274209950339
Hydrophone,Branched,H2,Gasket Leak,Transient,N,8,BR_GL_Transient_N_H2,6.0053799430309917e-05,0.04399674171226765,0.051368678054059785,-0.6425398071997597,0.04399678269777027,11.0,1.6859261404441415
Hydrophone,Branched,H2,Gasket Leak,Transient,N,9,BR_GL_Transient_N_H2,0.00038122262559303903,0.0401775791594069,0.020958472284080692,-0.18008258608502414,0.04017938772306855,11.0,1.651073222784609
Hydrophone,Branched,H2,Gasket Leak,Transient,N,10,BR_GL_Transient_N_H2,-8.83490769851673e-06,0.04336402223892575,-0.0344504931557046,-0.3461004394956504,0.04336402313892983,11.333333333333332,1.5076025504557453
Hydrophone,Branched,H2,Gasket Leak,Transient,N,11,BR_GL_Transient_N_H2,-0.000488378367075929,0.03725976216131419,0.043088027458603274,-0.025097954419280644,0.037262962707588464,10.666666666666666,1.7413274087791344
Hydrophone,Branched,H2,Gasket Leak,Transient,N,12,BR_GL_Transient_N_H2,0.00022468346885126634,0.031030638027771586,0.0185739141492625,0.3567486076280817,0.03103145144964636,11.333333333333332,1.5559763173652341
Hydrophone,Branched,H2,Gasket Leak,Transient,N,13,BR_GL_Transient_N_H2,-0.00019131692922850685,0.04903373379156179,-0.047226787706910744,-0.2546699040874483,0.049034107024694136,11.0,1.4726328458787346
Hydrophone,Branched,H2,Gasket Leak,Transient,N,14,BR_GL_Transient_N_H2,-0.00017336279110901194,0.058617868226043646,-0.03724306736413461,-0.8958108965650706,0.05861812458636969,11.333333333333332,1.5921332731503888
Hydrophone,Branched,H2,Gasket Leak,Transient,N,15,BR_GL_Transient_N_H2,0.0012889206548074485,0.08371695631408214,-0.42860037520087013,2.742786420260593,0.0837268779481734,11.333333333333332,4.464360377693625
Hydrophone,Branched,H2,Gasket Leak,Transient,N,16,BR_GL_Transient_N_H2,0.00030825471546281637,0.09575131293407843,-0.2701458088015828,1.1501757439863773,0.09575180911904183,20.333333333333332,2.3475717130626386
Hydrophone,Branched,H2,Gasket Leak,Transient,N,17,BR_GL_Transient_N_H2,-0.0010615161649608225,0.0726670931408438,0.01614949407998454,0.18550880121767355,0.07267484600677555,20.0,1.825922627949417
Hydrophone,Branched,H2,Gasket Leak,Transient,N,18,BR_GL_Transient_N_H2,-0.00045139285341862733,0.05256456837281537,0.011970880874848147,-0.7707104409792551,0.05256650648206041,12.0,1.6796614152820473
Hydrophone,Branched,H2,Gasket Leak,Transient,N,19,BR_GL_Transient_N_H2,3.869802881410545e-05,0.052000677002827435,0.009877306800522675,-0.9906482075404655,0.05200069140203638,11.333333333333332,1.657792615443752
Hydrophone,Branched,H2,Gasket Leak,Transient,N,20,BR_GL_Transient_N_H2,0.00024838249944767214,0.045632161077368005,0.005698594061030524,-0.752134957822558,0.04563283706342277,11.333333333333332,1.6771069216542356
Hydrophone,Branched,H2,Gasket Leak,Transient,N,21,BR_GL_Transient_N_H2,0.00013396681653556522,0.039014979148127994,0.005826133905841821,-0.5841494836592074,0.03901520915023774,11.333333333333332,1.6492872991585787
Hydrophone,Branched,H2,Gasket Leak,Transient,N,22,BR_GL_Transient_N_H2,4.49162524281147e-05,0.041410633984803796,-0.006925581179130168,-0.5384221131361646,0.04141065834411618,11.666666666666666,1.572147287739122
Hydrophone,Branched,H2,Gasket Leak,Transient,N,23,BR_GL_Transient_N_H2,-0.0002516112725629302,0.03751141880990694,0.031473304898818125,-0.09539322693035235,0.03751226265322743,11.333333333333332,1.572959046412037
Hydrophone,Branched,H2,Gasket Leak,Transient,N,24,BR_GL_Transient_N_H2,-0.0003659754250630664,0.0489038091171444,0.03322800326515521,-0.45512693315041997,0.04890517850062349,11.333333333333332,1.602989489806434
Hydrophone,Branched,H2,Gasket Leak,Transient,N,25,BR_GL_Transient_N_H2,0.00026635360064016433,0.053509027938634164,0.015992587212434406,-0.9734989551208679,0.05350969085294836,11.333333333333332,1.6996108938175714
Hydrophone,Branched,H2,Gasket Leak,Transient,N,26,BR_GL_Transient_N_H2,0.0006729997105950639,0.04439781823669124,-0.002123127564675454,-1.0450349527233251,0.04440291874177569,12.0,2.0705602662751494
Hydrophone,Branched,H2,Gasket Leak,Transient,N,27,BR_GL_Transient_N_H2,0.0001112501445104918,0.05716367282160007,0.006864534576097018,-0.9020294973082974,0.057163781077265975,11.333333333333332,1.572876986525661
Hydrophone,Branched,H2,Gasket Leak,Transient,N,28,BR_GL_Transient_N_H2,-0.000753359619110992,0.05542306334871376,0.049318888865024293,-0.7186996181273866,0.05542818327954872,11.666666666666666,1.9532607776903654
Hydrophone,Branched,H2,Gasket Leak,Transient,N,29,BR_GL_Transient_N_H2,-4.9235332154621874e-05,0.049461813006452617,-0.026810996233856983,-0.5119802293872322,0.049461837511390716,11.333333333333332,1.4894429554811646
Hydrophone,Branched,H2,Gasket Leak,Transient,N,30,BR_GL_Transient_N_H2,0.00046920342280162126,0.0488031392580354,-0.06288896853021464,-0.38668328476868696,0.04880539471504318,11.333333333333332,1.7197034841892918
Hydrophone,Branched,H2,Gasket Leak,Transient,N,31,BR_GL_Transient_N_H2,-6.0059179962756816e-05,0.0461674233366802,-0.011193670530691485,-0.303209003065362,0.04616746240214359,11.0,1.4558675120214688
Hydrophone,Branched,H1,Longitudinal Crack,0.18 LPS,N,0,BR_LC_0.18 LPS_N_H1,0.0003331081047893772,0.09833602742613025,-0.0032170964543914693,-0.43076727998195574,0.09833659161757699,11.666666666666666,1.128345476902642
Hydrophone,Branched,H1,Longitudinal Crack,0.18 LPS,N,1,BR_LC_0.18 LPS_N_H1,7.555707082074721e-05,0.07778665297804956,0.016161301060711977,-0.1325316481005543,0.07778668967373824,12.0,1.052268324457812
Hydrophone,Branched,H1,Longitudinal Crack,0.18 LPS,N,2,BR_LC_0.18 LPS_N_H1,-0.0010516075646058818,0.09960971083379333,0.01767490451610078,0.5648432463319888,0.09961526173665289,11.0,1.8914384241562487
Hydrophone,Branched,H1,Longitudinal Crack,0.18 LPS,N,3,BR_LC_0.18 LPS_N_H1,0.0004840166274134834,0.11267239235248742,-0.013744910516452808,0.27791054678462634,0.11267343196392164,11.0,1.1432935502191222
Hydrophone,Branched,H1,Longitudinal Crack,0.18 LPS,N,4,BR_LC_0.18 LPS_N_H1,0.0003021486228507035,0.09163182491000434,-0.07325012881375516,1.01369822955703,0.09163232306412394,11.0,1.1905911679536347
Hydrophone,Branched,H1,Longitudinal Crack,0.18 LPS,N,5,BR_LC_0.18 LPS_N_H1,-0.000272113327934128,0.10226765332315545,-0.010298654227676634,-0.052298670973552674,0.10226801534149543,11.0,0.969152174082842
Hydrophone,Branched,H1,Longitudinal Crack,0.18 LPS,N,6,BR_LC_0.18 LPS_N_H1,0.0005963370981106617,0.11066778311244291,0.0019482224184179928,-0.46505210605265646,0.11066938979210686,11.0,1.3814163871714111
Hydrophone,Branched,H1,Longitudinal Crack,0.18 LPS,N,7,BR_LC_0.18 LPS_N_H1,0.0008935671377557714,0.11896407473682459,-0.009782000928752364,-0.7479244169606298,0.11896743058593164,11.0,1.8048764000919086
Hydrophone,Branched,H1,Longitudinal Crack,0.18 LPS,N,8,BR_LC_0.18 LPS_N_H1,0.0005494753893908063,0.10443171704419985,-0.0013355862407437174,-0.14257521398227135,0.10443316258738584,11.0,1.2767152244126434
Hydrophone,Branched,H1,Longitudinal Crack,0.18 LPS,N,9,BR_LC_0.18 LPS_N_H1,-0.0012658617492664539,0.08124161952531178,-0.05353928215033069,-0.48674188003218166,0.0812514809038197,10.666666666666666,2.3715771019033722
Hydrophone,Branched,H1,Longitudinal Crack,0.18 LPS,N,10,BR_LC_0.18 LPS_N_H1,-0.0010806969633857693,0.08858007180585856,-0.017607305117372744,-0.47304774850795184,0.08858666393457724,10.666666666666666,2.0470242930306437
Hydrophone,Branched,H1,Longitudinal Crack,0.18 LPS,N,11,BR_LC_0.18 LPS_N_H1,0.0009090161207088225,0.0963263631462272,-0.010022791818707197,0.5571892319807037,0.0963306521689049,11.0,1.731018219744492
Hydrophone,Branched,H1,Longitudinal Crack,0.18 LPS,N,12,BR_LC_0.18 LPS_N_H1,0.0003729726066967622,0.098154920368071,-0.0021302482695243446,0.25663873427053563,0.09815562898289483,11.666666666666666,1.0278845326639656
Hydrophone,Branched,H1,Longitudinal Crack,0.18 LPS,N,13,BR_LC_0.18 LPS_N_H1,0.00017139675991245876,0.11007726033840522,-0.0171332258313035,-0.5068495006564762,0.11007739377573557,11.0,1.0367077367171933
Hydrophone,Branched,H1,Longitudinal Crack,0.18 LPS,N,14,BR_LC_0.18 LPS_N_H1,-5.498167951301654e-05,0.11835431833451612,-0.01633301363519187,-0.4621420303478252,0.11835433110542705,11.333333333333332,0.9363939231313173
Hydrophone,Branched,H1,Longitudinal Crack,0.18 LPS,N,15,BR_LC_0.18 LPS_N_H1,-0.0011261831805053375,0.09611750536637853,0.017462233489302436,0.13259716865637738,0.0961241027339754,11.333333333333332,1.9965651790335137
Hydrophone,Branched,H1,Longitudinal Crack,0.18 LPS,N,16,BR_LC_0.18 LPS_N_H1,0.0004374767350070634,0.07400245582722537,0.006757538336508225,-0.17869725224257627,0.07400374892094395,15.333333333333332,1.1822499135587003
Hydrophone,Branched,H1,Longitudinal Crack,0.18 LPS,N,17,BR_LC_0.18 LPS_N_H1,0.0001548673558756161,0.08479617084201917,-0.026387433775129806,-0.1816209349362219,0.08479631226277955,11.666666666666666,1.0396732726088382
Hydrophone,Branched,H1,Longitudinal Crack,0.18 LPS,N,18,BR_LC_0.18 LPS_N_H1,-0.0005552112713063642,0.10579490804466386,0.010788240352195578,-0.7750908363980145,0.10579636490794318,11.666666666666666,1.3989717305957314
Hydrophone,Branched,H1,Longitudinal Crack,0.18 LPS,N,19,BR_LC_0.18 LPS_N_H1,0.0005484971451567722,0.09895432014464756,-0.009277059137197131,-0.7511690890514147,0.09895584027437515,11.0,1.462168262199499
Hydrophone,Branched,H1,Longitudinal Crack,0.18 LPS,N,20,BR_LC_0.18 LPS_N_H1,0.00043475150821123355,0.08948313905662972,0.0009597304253625376,-0.6232391926855314,0.08948419516485591,11.666666666666666,1.335366812466824
Hydrophone,Branched,H1,Longitudinal Crack,0.18 LPS,N,21,BR_LC_0.18 LPS_N_H1,0.0005932182852521207,0.09767764911973964,0.02517601667715347,-0.7679844444897728,0.09767945047702169,11.0,1.5364488974616042
Hydrophone,Branched,H1,Longitudinal Crack,0.18 LPS,N,22,BR_LC_0.18 LPS_N_H1,0.0005090816768777547,0.09641570336608966,0.008947234460024413,-0.8820500744467927,0.09641704735020423,11.333333333333332,1.4745015562012922
Hydrophone,Branched,H2,Longitudinal Crack,0.18 LPS,N,0,BR_LC_0.18 LPS_N_H2,0.00011648991738626154,0.04625542168503278,-0.025199658430675405,-0.4920664431873627,0.04625556836923586,11.666666666666666,1.5204349893678775
Hydrophone,Branched,H2,Longitudinal Crack,0.18 LPS,N,1,BR_LC_0.18 LPS_N_H2,6.557954187408855e-05,0.03690598230596386,-0.01694764780110591,-0.12441315767455796,0.03690604057121855,12.0,1.4795485232558023
Hydrophone,Branched,H2,Longitudinal Crack,0.18 LPS,N,2,BR_LC_0.18 LPS_N_H2,-0.0004051305671118297,0.045598083041197966,0.0014180847056590093,0.40281506681648294,0.045599882760906235,11.0,1.4442684018653948
Hydrophone,Branched,H2,Longitudinal Crack,0.18 LPS,N,3,BR_LC_0.18 LPS_N_H2,0.000230389813254044,0.05145337653460477,-0.005184758586838915,0.2574877599840808,0.051453892333601634,11.0,1.3242786539511089
Hydrophone,Branched,H2,Longitudinal Crack,0.18 LPS,N,4,BR_LC_0.18 LPS_N_H2,0.00016248534117071053,0.04216856560838524,-0.04066054981785933,1.0402494949067043,0.042168878654225396,11.0,1.3779322124554283
Hydrophone,Branched,H2,Longitudinal Crack,0.18 LPS,N,5,BR_LC_0.18 LPS_N_H2,-0.00011985456827566327,0.046265757753590576,-0.04924827396406131,0.18138830539338935,0.04626591299900461,11.0,1.3733737954538312
Hydrophone,Branched,H2,Longitudinal Crack,0.18 LPS,N,6,BR_LC_0.18 LPS_N_H2,0.00021365189155131645,0.0502200837681299,-0.028271603684570167,-0.29107326646301646,0.050220538236947915,11.0,1.4669929484570798
Hydrophone,Branched,H2,Longitudinal Crack,0.18 LPS,N,7,BR_LC_0.18 LPS_N_H2,0.00034923860692830983,0.05380098312793838,-0.00553982352147466,-0.7102495856543989,0.05380211662320804,11.0,1.6346339629702404
Hydrophone,Branched,H2,Longitudinal Crack,0.18 LPS,N,8,BR_LC_0.18 LPS_N_H2,0.00017602156560156474,0.047572926364600136,0.009411444966984824,-0.1466045328971899,0.0475732520065974,11.333333333333332,1.424634116426917
Hydrophone,Branched,H2,Longitudinal Crack,0.18 LPS,N,9,BR_LC_0.18 LPS_N_H2,-0.0005435457645637349,0.037199500032042906,-0.06001232896346814,-0.49201670123216434,0.03720347086808079,10.666666666666666,1.9004411097651122
Hydrophone,Branched,H2,Longitudinal Crack,0.18 LPS,N,10,BR_LC_0.18 LPS_N_H2,-0.0004598326410436724,0.04065552850993694,-0.029334999980236014,-0.4952715600809845,0.04065812888562464,10.666666666666666,1.7570117479877918
Hydrophone,Branched,H2,Longitudinal Crack,0.18 LPS,N,11,BR_LC_0.18 LPS_N_H2,0.0003866447665035861,0.04558954368027868,0.007849127483952311,0.7013193768675499,0.045591183217279,15.333333333333332,1.28754710438249
Hydrophone,Branched,H2,Longitudinal Crack,0.18 LPS,N,12,BR_LC_0.18 LPS_N_H2,0.00015994462942215903,0.046606249930181885,0.054405495332067844,0.42857083105362115,0.04660652438059568,11.666666666666666,1.439869505468031
Hydrophone,Branched,H2,Longitudinal Crack,0.18 LPS,N,13,BR_LC_0.18 LPS_N_H2,0.00014287662404797674,0.05096028344610842,0.026711736963873304,-0.4899422312155952,0.0509604837362972,11.0,1.5184169515923245
Hydrophone,Branched,H2,Longitudinal Crack,0.18 LPS,N,14,BR_LC_0.18 LPS_N_H2,-5.335862738379856e-05,0.054208317072776166,0.010183446491697926,-0.2842555651121681,0.054208343333897895,11.333333333333332,1.3529616380908964
Hydrophone,Branched,H2,Longitudinal Crack,0.18 LPS,N,15,BR_LC_0.18 LPS_N_H2,-0.0005074029253317993,0.044778551059460985,0.06678565897918586,0.3628639872716741,0.044781425755701314,11.333333333333332,1.6856968744023628
Hydrophone,Branched,H2,Longitudinal Crack,0.18 LPS,N,16,BR_LC_0.18 LPS_N_H2,0.00019646367915152863,0.035639977137131934,0.06460447703839076,-0.22040334829693764,0.035640518631362715,15.333333333333332,1.5960243456676055
Hydrophone,Branched,H2,Longitudinal Crack,0.18 LPS,N,17,BR_LC_0.18 LPS_N_H2,-8.154752596546893e-06,0.04132314641241404,-0.0466063505518522,-0.15060316311726707,0.041323147217047704,15.333333333333332,1.3472815831368996
Hydrophone,Branched,H2,Longitudinal Crack,0.18 LPS,N,18,BR_LC_0.18 LPS_N_H2,-0.00018631557352780274,0.050334575023263974,-0.005860195597381204,-0.6915502332013097,0.05033491984959873,11.666666666666666,1.5491344062856935
Hydrophone,Branched,H2,Longitudinal Crack,0.18 LPS,N,19,BR_LC_0.18 LPS_N_H2,0.00032532146958191117,0.04610006144303101,-0.021963127208187005,-0.6337531938881837,0.04610120930203247,11.0,1.6803127468759411
Hydrophone,Branched,H2,Longitudinal Crack,0.18 LPS,N,20,BR_LC_0.18 LPS_N_H2,0.00016944244364652613,0.042176446148848266,0.05685215293134716,-0.5421432903718539,0.04217678651211359,11.666666666666666,1.6891236646016314
Hydrophone,Branched,H2,Longitudinal Crack,0.18 LPS,N,21,BR_LC_0.18 LPS_N_H2,0.00025542614393520897,0.045949340861266716,0.04316466001023422,-0.7099770356625945,0.04595005079540044,11.0,1.7223689297238516
Hydrophone,Branched,H2,Longitudinal Crack,0.18 LPS,N,22,BR_LC_0.18 LPS_N_H2,0.0002581585810416389,0.04486603708651556,-0.05310211679914625,-0.8030530515154584,0.04486677980089006,11.333333333333332,1.76820487022891
Hydrophone,Branched,H1,Longitudinal Crack,0.47 LPS,N,0,BR_LC_0.47 LPS_N_H1,-0.00011438277729298192,0.10367044648555673,0.03429515570257276,-0.39348628778197314,0.10367050958654743,10.666666666666666,1.0628288029799455
Hydrophone,Branched,H1,Longitudinal Crack,0.47 LPS,N,1,BR_LC_0.47 LPS_N_H1,-0.00014696244304627506,0.10542782723598454,0.06543290688006044,-0.264701374262966,0.10542792966600582,10.666666666666666,1.1612346310239132
Hydrophone,Branched,H1,Longitudinal Crack,0.47 LPS,N,2,BR_LC_0.47 LPS_N_H1,0.0005314488184045118,0.08631013951039615,0.05052312627588071,0.19827970094939618,0.08631177567487897,11.0,1.4078872526547606
Hydrophone,Branched,H1,Longitudinal Crack,0.47 LPS,N,3,BR_LC_0.47 LPS_N_H1,0.00028474922420703824,0.09590810956290328,-0.02619431423131572,-0.38740148283096687,0.09590853226929576,11.0,1.1387807473899494
Hydrophone,Branched,H1,Longitudinal Crack,0.47 LPS,N,4,BR_LC_0.47 LPS_N_H1,-0.001232205448177515,0.170646747848766,0.0585442240378654,-0.3208048834173529,0.17065119654320282,10.666666666666666,2.3504325777054578
Hydrophone,Branched,H1,Longitudinal Crack,0.47 LPS,N,5,BR_LC_0.47 LPS_N_H1,0.0005948624642582399,0.19060026853268905,0.003659757067901936,-0.9168867730132262,0.19060119681178436,11.0,1.7010381376734987
Hydrophone,Branched,H1,Longitudinal Crack,0.47 LPS,N,6,BR_LC_0.47 LPS_N_H1,0.0012970389798399205,0.14291579506033497,-0.053133204649814796,-0.7716616805604692,0.142921680608097,10.666666666666666,2.4178908083889534
Hydrophone,Branched,H1,Longitudinal Crack,0.47 LPS,N,7,BR_LC_0.47 LPS_N_H1,-0.000652207321359978,0.10694521600724832,0.050451730922018406,-0.1917644952696005,0.10694720473779123,11.0,1.456086700545721
Hydrophone,Branched,H1,Longitudinal Crack,0.47 LPS,N,8,BR_LC_0.47 LPS_N_H1,-0.0008421392868639614,0.09573877413378748,0.019975867832854655,-0.37701153046251346,0.0957424778832199,10.666666666666666,1.6969406051698845
Hydrophone,Branched,H1,Longitudinal Crack,0.47 LPS,N,9,BR_LC_0.47 LPS_N_H1,0.0002758156315235034,0.09784942245282272,-0.0043148154295047075,-0.19735811602484477,0.09784981118333115,11.0,1.0512335143244698
Hydrophone,Branched,H1,Longitudinal Crack,0.47 LPS,N,10,BR_LC_0.47 LPS_N_H1,0.00185025558256005,0.12520240834138735,0.1538080312745784,0.6810215416793222,0.12521607923986558,11.333333333333332,3.4879433255337036
Hydrophone,Branched,H1,Longitudinal Crack,0.47 LPS,N,11,BR_LC_0.47 LPS_N_H1,-9.136962075113993e-05,0.16018398024720953,0.01715742898809201,-0.5540069792951723,0.16018400630601673,10.666666666666666,1.116187315422897
Hydrophone,Branched,H1,Longitudinal Crack,0.47 LPS,N,12,BR_LC_0.47 LPS_N_H1,-0.0019960069420149186,0.1390859249616112,-0.07563290747946312,-0.5317166514416876,0.13910024646325944,10.666666666666666,3.4225276564814724
Hydrophone,Branched,H1,Longitudinal Crack,0.47 LPS,N,13,BR_LC_0.47 LPS_N_H1,-0.0002997697907039824,0.13967856643692061,-0.04069434543639597,0.4315262493763541,0.139678888110554,11.333333333333332,1.0189912002376698
Hydrophone,Branched,H1,Longitudinal Crack,0.47 LPS,N,14,BR_LC_0.47 LPS_N_H1,-0.00023858422164961746,0.1613012562306738,-0.0550777693218489,1.1171153761160664,0.1613014326781517,11.0,1.3642131967896218
Hydrophone,Branched,H1,Longitudinal Crack,0.47 LPS,N,15,BR_LC_0.47 LPS_N_H1,0.00015510197502199168,0.1493516728191126,-0.0518881922346989,1.2366977729230353,0.1493517533559279,11.0,1.2798202402751855
Hydrophone,Branched,H1,Longitudinal Crack,0.47 LPS,N,16,BR_LC_0.47 LPS_N_H1,0.0010056234597645695,0.12599596875758298,-0.03487532450007676,-0.38143529338225823,0.12599998183216002,11.0,1.8988321033901145
Hydrophone,Branched,H1,Longitudinal Crack,0.47 LPS,N,17,BR_LC_0.47 LPS_N_H1,-0.0006114605176343337,0.10484886485623386,0.058186673791772774,-0.6205793594330213,0.10485064780727595,10.666666666666666,1.539826549619624
Hydrophone,Branched,H1,Longitudinal Crack,0.47 LPS,N,18,BR_LC_0.47 LPS_N_H1,-0.0005711077036709919,0.11289860010014646,0.08951640125429632,-0.35040395609457375,0.11290004459069972,11.0,1.543933436887185
Hydrophone,Branched,H1,Longitudinal Crack,0.47 LPS,N,19,BR_LC_0.47 LPS_N_H1,0.00023069578189379222,0.10318228324941411,0.021462485791609694,0.274523041522468,0.10318254114483762,10.666666666666666,0.9922540889300855
Hydrophone,Branched,H1,Longitudinal Crack,0.47 LPS,N,20,BR_LC_0.47 LPS_N_H1,-0.0004155770769607949,0.10797642162293006,-0.05479592270041779,-0.09019701821944626,0.10797722135154088,11.0,1.1563900967728657
Hydrophone,Branched,H1,Longitudinal Crack,0.47 LPS,N,21,BR_LC_0.47 LPS_N_H1,-0.00018617782879786008,0.12400820426212528,-0.028345843579728903,-0.6101789905979893,0.1240083440196704,10.666666666666666,1.0747386922510809
Hydrophone,Branched,H1,Longitudinal Crack,0.47 LPS,N,22,BR_LC_0.47 LPS_N_H1,0.001300407218743347,0.1594272180090006,-0.05180259389894899,-0.7911888215397362,0.1594325214660546,11.0,2.4439179226901633
Hydrophone,Branched,H1,Longitudinal Crack,0.47 LPS,N,23,BR_LC_0.47 LPS_N_H1,-0.0003019308921822264,0.15719254472890365,-0.008037982399670232,-0.6211491248758594,0.15719283469869744,11.0,1.1826407982194689
Hydrophone,Branched,H2,Longitudinal Crack,0.47 LPS,N,0,BR_LC_0.47 LPS_N_H2,-8.2240689104586e-05,0.04852656857124423,-0.015265432141123643,0.0127170738262401,0.04852663826014133,10.666666666666666,1.3563221635580385
Hydrophone,Branched,H2,Longitudinal Crack,0.47 LPS,N,1,BR_LC_0.47 LPS_N_H2,8.388557620612672e-06,0.05093536667882305,-0.07965061640775924,-0.1877367305757205,0.05093536736957981,10.666666666666666,1.5185852406144298
Hydrophone,Branched,H2,Longitudinal Crack,0.47 LPS,N,2,BR_LC_0.47 LPS_N_H2,0.00040613654833744536,0.04277622093380073,-0.05050621717292385,-0.2710390728477474,0.04277814891125172,11.0,1.6829463914562415
Hydrophone,Branched,H2,Longitudinal Crack,0.47 LPS,N,3,BR_LC_0.47 LPS_N_H2,0.00016875846816070982,0.046390712013717965,-0.0399116533040302,-0.43554254569789075,0.04639101896445358,11.0,1.5583996886428566
Hydrophone,Branched,H2,Longitudinal Crack,0.47 LPS,N,4,BR_LC_0.47 LPS_N_H2,-0.0007115133038917444,0.08096113164847367,0.03680254700095161,-0.3997575587533251,0.08096425809567516,10.666666666666666,1.645138664053173
Hydrophone,Branched,H2,Longitudinal Crack,0.47 LPS,N,5,BR_LC_0.47 LPS_N_H2,0.00023091368485795967,0.0895348268814715,0.02235696681767088,-0.9574063254093361,0.08953512464851394,11.0,1.376793182268945
Hydrophone,Branched,H2,Longitudinal Crack,0.47 LPS,N,6,BR_LC_0.47 LPS_N_H2,0.0005995811171026358,0.06762406868140058,-0.022241525146010757,-0.7821991298146775,0.06762672668806889,10.666666666666666,1.7481919821968537
Hydrophone,Branched,H2,Longitudinal Crack,0.47 LPS,N,7,BR_LC_0.47 LPS_N_H2,-0.00019796118774657642,0.05201200588262912,-0.09335838832770357,-0.038950594521457216,0.052012382608053055,11.0,1.5315958585119474
Hydrophone,Branched,H2,Longitudinal Crack,0.47 LPS,N,8,BR_LC_0.47 LPS_N_H2,-0.00044152676372621397,0.046405367488296614,-0.06609785780085188,-0.5093157102611592,0.0464074679077295,10.666666666666666,1.7629374007577632
Hydrophone,Branched,H2,Longitudinal Crack,0.47 LPS,N,9,BR_LC_0.47 LPS_N_H2,0.00014402499449410144,0.04782561600367846,-0.02937681219110571,-0.14236611466370963,0.04782583286603951,11.0,1.4239292703066926
Hydrophone,Branched,H2,Longitudinal Crack,0.47 LPS,N,10,BR_LC_0.47 LPS_N_H2,0.0007854995555793899,0.06070163675366504,-0.09354095013103947,0.5350435030230485,0.060706718854882234,11.333333333333332,1.8496774211772513
Hydrophone,Branched,H2,Longitudinal Crack,0.47 LPS,N,11,BR_LC_0.47 LPS_N_H2,-0.00012820971296491273,0.07614757821376307,-0.020587416860103198,-0.4991942616842717,0.07614768614706334,10.666666666666666,1.2453228993117589
Hydrophone,Branched,H2,Longitudinal Crack,0.47 LPS,N,12,BR_LC_0.47 LPS_N_H2,-0.0008051768541492925,0.06575596436210936,0.029379281634700025,-0.3352855474630623,0.065760893842446,10.666666666666666,1.8180099992870444
Hydrophone,Branched,H2,Longitudinal Crack,0.47 LPS,N,13,BR_LC_0.47 LPS_N_H2,-9.26252855412358e-05,0.06785256853003725,-0.12748724721726354,0.4248365425318208,0.06785263175122187,11.333333333333332,1.455936349200848
Hydrophone,Branched,H2,Longitudinal Crack,0.47 LPS,N,14,BR_LC_0.47 LPS_N_H2,-0.00020356237630968026,0.07644988626456618,-0.1698246318696549,0.3803795917691364,0.07645015727587585,11.0,1.7384388920950236
Hydrophone,Branched,H2,Longitudinal Crack,0.47 LPS,N,15,BR_LC_0.47 LPS_N_H2,-1.2877335805411875e-05,0.06954000646448148,-0.06447214458792117,0.22222584247532362,0.06954000765678635,11.0,1.1649371576156828
Hydrophone,Branched,H2,Longitudinal Crack,0.47 LPS,N,16,BR_LC_0.47 LPS_N_H2,0.0005838329493583618,0.061373312550410786,0.009564271986675274,-0.5589031044691857,0.06137608943491893,11.0,1.6946593722178038
Hydrophone,Branched,H2,Longitudinal Crack,0.47 LPS,N,17,BR_LC_0.47 LPS_N_H2,-0.00026354279584181033,0.05157353987571847,-0.09435994318028008,-0.6557478144922237,0.051574213228294266,11.666666666666666,1.7490663523214436
Hydrophone,Branched,H2,Longitudinal Crack,0.47 LPS,N,18,BR_LC_0.47 LPS_N_H2,-0.0002498851250868644,0.05463216808351735,-0.006637993741527369,-0.35196648292148236,0.054632739562293885,11.0,1.4218092749731583
Hydrophone,Branched,H2,Longitudinal Crack,0.47 LPS,N,19,BR_LC_0.47 LPS_N_H2,0.0002930245390299199,0.050738937847736545,0.0202558895310444,0.060323608274403195,0.050739783969750464,10.666666666666666,1.4448724502680046
Hydrophone,Branched,H2,Longitudinal Crack,0.47 LPS,N,20,BR_LC_0.47 LPS_N_H2,-0.00017963865491560778,0.05293517869254399,0.018588134625517325,-0.2928230873830353,0.052935483498858335,11.0,1.4169363532823724
Hydrophone,Branched,H2,Longitudinal Crack,0.47 LPS,N,21,BR_LC_0.47 LPS_N_H2,-0.00025746896340586264,0.059095469787766516,-0.03983730960934913,-0.6004108303380673,0.059096030659460896,10.666666666666666,1.5155154644603417
Hydrophone,Branched,H2,Longitudinal Crack,0.47 LPS,N,22,BR_LC_0.47 LPS_N_H2,0.0005868827451868354,0.07532980892610318,-0.04917951645857672,-0.7097698095869069,0.07533209504719626,11.0,1.683707121215571
Hydrophone,Branched,H2,Longitudinal Crack,0.47 LPS,N,23,BR_LC_0.47 LPS_N_H2,-8.3000795331857e-05,0.07467946419398479,0.00036295559329236596,-0.5906275641061187,0.0746795103186455,11.0,1.2642213626938321
Hydrophone,Branched,H1,Longitudinal Crack,ND,NN,0,BR_LC_ND_NN_H1,0.00030769033918956636,0.16974519675227925,-0.017282892627808983,-0.7826769610938888,0.16974547562104514,11.0,1.4605924722645987
Hydrophone,Branched,H1,Longitudinal Crack,ND,NN,1,BR_LC_ND_NN_H1,0.0022576530636500584,0.1379862559895253,-0.013854142227048798,-0.9476394072362364,0.1380047239748068,11.0,4.198373770399963
Hydrophone,Branched,H1,Longitudinal Crack,ND,NN,2,BR_LC_ND_NN_H1,-0.0014234525201035696,0.13158806842722964,0.001297631455876865,-0.6934600724619608,0.13159576729320083,11.0,2.8065570217755673
Hydrophone,Branched,H1,Longitudinal Crack,ND,NN,3,BR_LC_ND_NN_H1,-0.0009444613504782873,0.13053385637775639,0.025187150443614633,-0.4447097918411891,0.13053727309887883,10.333333333333332,2.0298351533141226
Hydrophone,Branched,H1,Longitudinal Crack,ND,NN,4,BR_LC_ND_NN_H1,0.0014372635258108736,0.11861404441254857,0.024835703598087157,-0.4228273737687709,0.1186227518579158,10.666666666666666,2.6652439419487206
Hydrophone,Branched,H1,Longitudinal Crack,ND,NN,5,BR_LC_ND_NN_H1,0.00031610437348220794,0.09271791149096033,-0.00817611081964799,0.4135740400866541,0.09271845033875667,10.666666666666666,0.9633535712087065
Hydrophone,Branched,H1,Longitudinal Crack,ND,NN,6,BR_LC_ND_NN_H1,-0.0011577288879518256,0.19868310121140978,-0.004135694359615636,0.8613761663983293,0.19868647423305216,11.0,2.544227473449303
Hydrophone,Branched,H1,Longitudinal Crack,ND,NN,7,BR_LC_ND_NN_H1,-0.0001567813817179493,0.2228892836102821,-0.00463038220913181,-0.28516722271528616,0.2228893387506599,11.0,1.7113121637374695
Hydrophone,Branched,H1,Longitudinal Crack,ND,NN,8,BR_LC_ND_NN_H1,0.0007639695326784987,0.1368117775854787,0.014564778370243588,-0.4195079737727898,0.1368139106068727,11.0,1.630057628744532
Hydrophone,Branched,H1,Longitudinal Crack,ND,NN,9,BR_LC_ND_NN_H1,-0.0006025023217324231,0.10337048039202501,-0.014652815199672454,-0.47366011735095315,0.10337223624129314,11.0,1.4787183025384376
Hydrophone,Branched,H1,Longitudinal Crack,ND,NN,10,BR_LC_ND_NN_H1,0.0006893986777592008,0.126535582552682,-0.0075047961940235405,-0.12469882166750335,0.12653746055016077,11.333333333333332,1.4728832981111644
Hydrophone,Branched,H1,Longitudinal Crack,ND,NN,11,BR_LC_ND_NN_H1,0.0009080456832956874,0.13307386516383488,-0.026441312437543975,-0.4256734892312961,0.13307696320778234,11.333333333333332,1.9115211664924763
Hydrophone,Branched,H1,Longitudinal Crack,ND,NN,12,BR_LC_ND_NN_H1,-0.000756479817825194,0.09910876478901937,-0.051923904640810856,-0.5200070292047498,0.09911165178585182,11.666666666666666,1.7459115076769491
Hydrophone,Branched,H1,Longitudinal Crack,ND,NN,13,BR_LC_ND_NN_H1,-0.0016698253875642812,0.08962557094464209,-0.11675968809171076,-0.49455320903200706,0.08964112495935125,11.333333333333332,3.2816573743998263
Hydrophone,Branched,H1,Longitudinal Crack,ND,NN,14,BR_LC_ND_NN_H1,0.0007746831580693296,0.13080514740686253,-0.02037867960122846,-0.19054643992800413,0.13080744138666742,11.0,1.6568240590563614
Hydrophone,Branched,H1,Longitudinal Crack,ND,NN,15,BR_LC_ND_NN_H1,0.001439451607004797,0.15260343195797368,-0.004362990482861957,-0.7080908479377768,0.15261022071368882,11.0,2.7975667369029447
Hydrophone,Branched,H1,Longitudinal Crack,ND,NN,16,BR_LC_ND_NN_H1,0.0008770925113213973,0.1576229329302112,-0.0017179007781839685,-0.8092647770817325,0.15762537320112927,11.0,1.9707243641789849
Hydrophone,Branched,H1,Longitudinal Crack,ND,NN,17,BR_LC_ND_NN_H1,-0.0003513039108527189,0.15323016050160407,0.0016234655793850219,-0.8199822077896455,0.1532305632104285,11.0,1.3941735833551416
Hydrophone,Branched,H1,Longitudinal Crack,ND,NN,18,BR_LC_ND_NN_H1,-0.0006089749510573951,0.12010110760445329,-0.03570850883092857,-0.42270006347478084,0.12010265150406747,11.333333333333332,1.5080184409637443
Hydrophone,Branched,H1,Longitudinal Crack,ND,NN,19,BR_LC_ND_NN_H1,0.00042292032468058355,0.1315655042137743,-0.024363077421617443,-0.42119533966365275,0.13156618395555028,11.0,1.274955732529455
Hydrophone,Branched,H1,Longitudinal Crack,ND,NN,20,BR_LC_ND_NN_H1,-0.0010760445829993733,0.1478076234703764,0.005732369590217265,-0.6697011035444906,0.14781154023926943,11.333333333333332,2.269261055256645
Hydrophone,Branched,H1,Longitudinal Crack,ND,NN,21,BR_LC_ND_NN_H1,-0.0005480625203686896,0.1465842207429241,0.0019340998706944262,-0.7096929112114356,0.1465852453125366,11.0,1.5373700869062257
Hydrophone,Branched,H1,Longitudinal Crack,ND,NN,22,BR_LC_ND_NN_H1,0.000500508971689074,0.13844591845889934,-0.020040258322054673,-0.5555258577866344,0.13844682317467216,11.0,1.406463661604763
Hydrophone,Branched,H2,Longitudinal Crack,ND,NN,0,BR_LC_ND_NN_H2,0.00023249409652140906,0.07613666343264174,-0.04312860739421786,-0.7441203146456776,0.0761370184086577,11.0,1.316965117717499
Hydrophone,Branched,H2,Longitudinal Crack,ND,NN,1,BR_LC_ND_NN_H2,0.0009890256441410824,0.06215377795994217,-0.02862691806761677,-0.8890281412487351,0.06216164642622138,11.0,2.1910472030629258
Hydrophone,Branched,H2,Longitudinal Crack,ND,NN,2,BR_LC_ND_NN_H2,-0.0005903350736722982,0.05742795022035923,-0.017885174695822535,-0.8096449746199808,0.057430984337822955,11.0,1.6588344365129375
Hydrophone,Branched,H2,Longitudinal Crack,ND,NN,3,BR_LC_ND_NN_H2,-0.00036384602690183197,0.05449785898822119,0.006705347486258826,-0.5653733320132854,0.05449907355388101,10.333333333333332,1.368658013474648
Hydrophone,Branched,H2,Longitudinal Crack,ND,NN,4,BR_LC_ND_NN_H2,0.0004890757834836743,0.05018796325262918,0.02752043890416681,-0.5306256002020686,0.050190346188975894,10.666666666666666,1.4170504497006897
Hydrophone,Branched,H2,Longitudinal Crack,ND,NN,5,BR_LC_ND_NN_H2,9.06143426647582e-05,0.04067512893466352,0.02287411234922328,0.34630184648465434,0.04067522986795032,10.666666666666666,1.1643583432281122
Hydrophone,Branched,H2,Longitudinal Crack,ND,NN,6,BR_LC_ND_NN_H2,-0.0004216092894873722,0.08658824063553225,0.003820908186108429,0.7894259511346498,0.08658926706439904,11.0,1.1870872349077295
Hydrophone,Branched,H2,Longitudinal Crack,ND,NN,7,BR_LC_ND_NN_H2,-5.648660487642691e-05,0.09698952399140608,0.0006213911636568964,-0.30970477608024316,0.09698954044027669,11.0,0.9085862453696206
Hydrophone,Branched,H2,Longitudinal Crack,ND,NN,8,BR_LC_ND_NN_H2,0.00028289568991949574,0.059871079553038116,-0.019684008934394984,-0.3604813863799481,0.05987174790180752,11.0,1.1951803389893676
Hydrophone,Branched,H2,Longitudinal Crack,ND,NN,9,BR_LC_ND_NN_H2,-0.00033160317227831393,0.047256587651457765,-0.07235036651738568,-0.527360168457335,0.047257751079836374,11.0,1.5341503976780708
Hydrophone,Branched,H2,Longitudinal Crack,ND,NN,10,BR_LC_ND_NN_H2,0.00029954901266829813,0.056346606286397455,-0.08784602373106168,-0.3335978242833235,0.056347402509834256,11.333333333333332,1.4964535648957942
Hydrophone,Branched,H2,Longitudinal Crack,ND,NN,11,BR_LC_ND_NN_H2,0.0003897220319492309,0.05844885683132942,-0.0835114404345384,-0.5166724423047016,0.05845015610031705,11.333333333333332,1.598688014646779
Hydrophone,Branched,H2,Longitudinal Crack,ND,NN,12,BR_LC_ND_NN_H2,-0.000315923331617426,0.045680898323590936,-0.07024075112157292,-0.6122723983316138,0.04568199075348746,11.666666666666666,1.5303862776555772
Hydrophone,Branched,H2,Longitudinal Crack,ND,NN,13,BR_LC_ND_NN_H2,-0.000710797192724491,0.042351555465864776,-0.23024445399617974,-0.3722186834126946,0.042357519793153685,11.333333333333332,2.6519703673728925
Hydrophone,Branched,H2,Longitudinal Crack,ND,NN,14,BR_LC_ND_NN_H2,0.00033696922209866303,0.058945180662323,-0.054970449252544906,-0.08871677667002764,0.05894614382273484,11.0,1.2884453415766544
Hydrophone,Branched,H2,Longitudinal Crack,ND,NN,15,BR_LC_ND_NN_H2,0.0006496732051434004,0.06809960948961812,-0.025578555540207337,-0.5929235346214994,0.06810270837427809,11.0,1.6214864996778242
Hydrophone,Branched,H2,Longitudinal Crack,ND,NN,16,BR_LC_ND_NN_H2,0.0004061833954575045,0.07113017554501273,0.002602747662831212,-0.7695038679908706,0.0711313352750746,11.0,1.3143227602045164
Hydrophone,Branched,H2,Longitudinal Crack,ND,NN,17,BR_LC_ND_NN_H2,-0.00018347522948257137,0.06953843233051143,0.03493561706521865,-0.8072449562237716,0.06953867437724817,11.0,1.1877246134333925
Hydrophone,Branched,H2,Longitudinal Crack,ND,NN,18,BR_LC_ND_NN_H2,-0.00035324144673903673,0.05513201099287986,-0.05007469016796259,-0.43206941457536985,0.05513314262436633,11.333333333333332,1.3806916444712782
Hydrophone,Branched,H2,Longitudinal Crack,ND,NN,19,BR_LC_ND_NN_H2,0.00018216264425737405,0.05699153768655905,-0.0578369728070808,-0.45644594476029887,0.05699182880999208,11.0,1.3256123963592288
Hydrophone,Branched,H2,Longitudinal Crack,ND,NN,20,BR_LC_ND_NN_H2,-0.00032453280914434564,0.06294695117180468,0.018534315630600113,-0.6659328145902794,0.06294778775596306,11.333333333333332,1.2709627011776217
Hydrophone,Branched,H2,Longitudinal Crack,ND,NN,21,BR_LC_ND_NN_H2,-0.00022451304327627988,0.0654896727939816,-0.001469644470351411,-0.7343612713026415,0.06549005763296728,11.0,1.2298580076614394
Hydrophone,Branched,H2,Longitudinal Crack,ND,NN,22,BR_LC_ND_NN_H2,0.0001828110397990296,0.06297892964100518,-0.06038023703729601,-0.49332803283307936,0.06297919496629782,11.0,1.3233979552230017
Hydrophone,Branched,H1,Longitudinal Crack,ND,N,0,BR_LC_ND_N_H1,-0.0004624429501313861,0.12684958389586226,0.011127174998783454,-0.21136185542340158,0.1268504268342662,11.333333333333332,1.1268035953582196
Hydrophone,Branched,H1,Longitudinal Crack,ND,N,1,BR_LC_ND_N_H1,-0.00040683028804295565,0.12265034291700416,-0.005839260509163366,-0.355883081284567,0.12265101764168931,11.333333333333332,1.090719986566531
Hydrophone,Branched,H1,Longitudinal Crack,ND,N,2,BR_LC_ND_N_H1,0.0010882110230956954,0.12752536846692253,-0.011446783685249597,-0.7348196415559411,0.1275300113928292,11.0,2.0570668258512894
Hydrophone,Branched,H1,Longitudinal Crack,ND,N,3,BR_LC_ND_N_H1,-0.00034340584840651753,0.12712447565530022,0.007182070713854678,-0.8523056638374964,0.12712493948164433,11.0,1.216801865944665
Hydrophone,Branched,H1,Longitudinal Crack,ND,N,4,BR_LC_ND_N_H1,-0.0005552217721239597,0.1356201482473453,0.0010655170212120417,-0.9132614881118837,0.13562128476698693,11.0,1.4226741387886925
Hydrophone,Branched,H1,Longitudinal Crack,ND,N,5,BR_LC_ND_N_H1,0.0010528702484013015,0.11766077592785658,-0.015028730917734143,-0.30019963910707936,0.11766548656129054,11.0,1.9415831553712661
Hydrophone,Branched,H1,Longitudinal Crack,ND,N,6,BR_LC_ND_N_H1,-0.0007458295908736234,0.12395625160672417,0.003526394912292028,0.35441138335243183,0.12395849536908769,11.333333333333332,1.428018040424025
Hydrophone,Branched,H1,Longitudinal Crack,ND,N,7,BR_LC_ND_N_H1,-0.0007488964912810148,0.15343725127222596,0.005505582718388786,-0.6692977867588743,0.15343907886822983,11.333333333333332,1.600340343679581
Hydrophone,Branched,H1,Longitudinal Crack,ND,N,8,BR_LC_ND_N_H1,-0.0005178805117939497,0.16531670823847058,-0.03360119820310873,-0.15377152592604393,0.1653175194074364,11.333333333333332,1.358586490854733
Hydrophone,Branched,H1,Longitudinal Crack,ND,N,9,BR_LC_ND_N_H1,0.0001552168960515588,0.17499982275041434,-0.0012386313832137234,-0.1637525797992807,0.17499989158557,11.0,1.1831961595643405
Hydrophone,Branched,H1,Longitudinal Crack,ND,N,10,BR_LC_ND_N_H1,0.000983304324286414,0.13941320088992812,0.050448361227848376,0.2036411104664677,0.13941666855067802,11.0,1.9079071418040208
Hydrophone,Branched,H1,Longitudinal Crack,ND,N,11,BR_LC_ND_N_H1,0.00021330960214928504,0.10462148793045295,-0.014711927548488858,-0.605979862647398,0.10462170538549007,11.333333333333332,1.1006961673735398
Hydrophone,Branched,H1,Longitudinal Crack,ND,N,12,BR_LC_ND_N_H1,-0.00015840240379844773,0.1238454543853691,-0.018218219275366866,-0.6018049409305641,0.12384555568626623,11.333333333333332,1.0114851828221827
Hydrophone,Branched,H1,Longitudinal Crack,ND,N,13,BR_LC_ND_N_H1,4.0145012464798104e-05,0.13763986577908432,-0.004749269769597964,-0.5968689435523289,0.13763987163357275,11.0,0.9980057856291692
Hydrophone,Branched,H1,Longitudinal Crack,ND,N,14,BR_LC_ND_N_H1,0.00039521604420659487,0.11657248870603353,0.01843959823073601,-0.0939129147201867,0.1165731586551549,11.333333333333332,1.081932721173222
Hydrophone,Branched,H1,Longitudinal Crack,ND,N,15,BR_LC_ND_N_H1,-0.0005788600526258877,0.0986909443556261,-0.0025266592069031622,-0.5042592278463367,0.09869264195858683,11.0,1.379914200512767
Hydrophone,Branched,H1,Longitudinal Crack,ND,N,16,BR_LC_ND_N_H1,-0.0001911626967274283,0.09261139421092511,-0.05476161376985949,-0.020839749071816627,0.09261159150380688,11.333333333333332,1.029999424941137
Hydrophone,Branched,H1,Longitudinal Crack,ND,N,17,BR_LC_ND_N_H1,0.0004514324298539535,0.08489420910079812,-0.01613541044068227,0.37087216026402325,0.08489540935815527,11.0,1.1985478241103356
Hydrophone,Branched,H1,Longitudinal Crack,ND,N,18,BR_LC_ND_N_H1,0.00018789813473530623,0.09182490939710956,0.003235384091500249,0.4872903347858739,0.09182510164163402,10.666666666666666,0.9770524866081602
Hydrophone,Branched,H1,Longitudinal Crack,ND,N,19,BR_LC_ND_N_H1,0.00020526100936742097,0.09622214817806746,-0.016848843939546186,0.13573120358000734,0.09622236710912872,11.333333333333332,0.9270541186491685
Hydrophone,Branched,H1,Longitudinal Crack,ND,N,20,BR_LC_ND_N_H1,-0.00046852205513102114,0.08706622046976141,-0.008838997702086855,-0.26600525070752523,0.08706748106960052,11.0,1.2617238892942304
Hydrophone,Branched,H1,Longitudinal Crack,ND,N,21,BR_LC_ND_N_H1,2.9558707839340964e-05,0.09604170498968899,-0.0026033541595704567,0.13115827407763803,0.0960417095383233,11.0,0.8828009979173675
Hydrophone,Branched,H1,Longitudinal Crack,ND,N,22,BR_LC_ND_N_H1,-0.0003734547170815868,0.12081028895865706,0.0013163875290923316,-0.5860043670630093,0.12081086617808814,11.0,1.1464280259057964
Hydrophone,Branched,H2,Longitudinal Crack,ND,N,0,BR_LC_ND_N_H2,-0.00019755946204676146,0.0567307728603506,0.011154436476113886,-0.33735570349615607,0.05673111685022371,11.333333333333332,1.3712785217712815
Hydrophone,Branched,H2,Longitudinal Crack,ND,N,1,BR_LC_ND_N_H2,-0.00020374264276395402,0.056617835512148655,-0.009773317537322294,-0.42104320380617777,0.05661820210096045,11.333333333333332,1.393695749444265
Hydrophone,Branched,H2,Longitudinal Crack,ND,N,2,BR_LC_ND_N_H2,0.0004336358138558439,0.05741145456340156,0.027407808401837163,-0.7786438674737495,0.05741309219250067,11.0,1.7016889364516103
Hydrophone,Branched,H2,Longitudinal Crack,ND,N,3,BR_LC_ND_N_H2,-0.00013865187115609312,0.05575290272364298,0.06264002305261035,-0.9932377972062043,0.05575307513001747,11.0,1.7316683109065938
Hydrophone,Branched,H2,Longitudinal Crack,ND,N,4,BR_LC_ND_N_H2,-0.0001932765816289308,0.060457250023232524,0.021727605342849402,-0.8484536384353807,0.06045755896667228,11.0,1.5498729759853969
Hydrophone,Branched,H2,Longitudinal Crack,ND,N,5,BR_LC_ND_N_H2,0.000469464681476604,0.05310194678376634,0.014689714039152223,-0.15949119916429533,0.05310402196927373,11.0,1.5673690643489917
Hydrophone,Branched,H2,Longitudinal Crack,ND,N,6,BR_LC_ND_N_H2,-0.00034046617485461586,0.05612377881450285,0.00541900860671193,0.40943470794268766,0.056124811497549464,11.333333333333332,1.2841542625861775
Hydrophone,Branched,H2,Longitudinal Crack,ND,N,7,BR_LC_ND_N_H2,-0.0003608111574017295,0.06987290257881637,0.0019566907062433326,-0.6679797709243696,0.0698738341547111,11.333333333333332,1.434017680128838
Hydrophone,Branched,H2,Longitudinal Crack,ND,N,8,BR_LC_ND_N_H2,-0.00024064320820991607,0.07462799722201932,-0.0451766124882914,-0.07774549556402999,0.07462838520645734,11.333333333333332,1.167230908613584
Hydrophone,Branched,H2,Longitudinal Crack,ND,N,9,BR_LC_ND_N_H2,6.491348160463358e-05,0.07827300508569911,0.016186053898022194,-0.004427829426441043,0.07827303200276563,11.0,1.068963833908779
Hydrophone,Branched,H2,Longitudinal Crack,ND,N,10,BR_LC_ND_N_H2,0.00043878294375880524,0.06276652287122644,0.09540320680686468,0.2770191563211868,0.06276805655598973,11.0,1.678587210401496
Hydrophone,Branched,H2,Longitudinal Crack,ND,N,11,BR_LC_ND_N_H2,8.352428309828977e-05,0.047065859694103776,-0.04962164574044351,-0.6176540830083819,0.04706593380621413,11.333333333333332,1.6070005515981611
Hydrophone,Branched,H2,Longitudinal Crack,ND,N,12,BR_LC_ND_N_H2,-1.4696105526987598e-05,0.05618645094003417,-0.036325343185685005,-0.5722157922442932,0.056186452861987854,11.333333333333332,1.453335051326013
Hydrophone,Branched,H2,Longitudinal Crack,ND,N,13,BR_LC_ND_N_H2,0.00010252423040238338,0.062184710545116484,0.004875619193578775,-0.6633208543562761,0.062184795061154145,11.0,1.4281906987049333
Hydrophone,Branched,H2,Longitudinal Crack,ND,N,14,BR_LC_ND_N_H2,6.442830868920128e-05,0.05250647697686578,0.007009016419608202,-0.28561618528451893,0.052506516505373864,11.333333333333332,1.3761251461138022
Hydrophone,Branched,H2,Longitudinal Crack,ND,N,15,BR_LC_ND_N_H2,-0.0003021896917346876,0.04542543519891265,-0.12861101742329106,-0.47687393763622143,0.04542644033622272,11.0,1.9337250972201414
Hydrophone,Branched,H2,Longitudinal Crack,ND,N,16,BR_LC_ND_N_H2,-5.671125036939502e-05,0.04219933592200976,-0.12527149733394247,0.07175936511697589,0.042199374028823476,11.333333333333332,1.7174258531684168
Hydrophone,Branched,H2,Longitudinal Crack,ND,N,17,BR_LC_ND_N_H2,0.0001837454246621977,0.037940436348109056,0.023159376219657257,0.38041767844992247,0.037940881284783026,11.0,1.4800645910111037
Hydrophone,Branched,H2,Longitudinal Crack,ND,N,18,BR_LC_ND_N_H2,0.00012454095313933926,0.04180260091033064,0.08619080734388694,0.5015790058519429,0.04180278643006211,10.666666666666666,1.6643893493334745
Hydrophone,Branched,H2,Longitudinal Crack,ND,N,19,BR_LC_ND_N_H2,0.0001236684407382003,0.04515160356865596,0.017279679133808477,0.2752263725150028,0.04515177292980089,11.333333333333332,1.361895566834074
Hydrophone,Branched,H2,Longitudinal Crack,ND,N,20,BR_LC_ND_N_H2,-0.0002073791768608654,0.04056731783247288,-0.03998238644269249,0.19525573497810278,0.04056784788775303,11.0,1.4405172388383691
Hydrophone,Branched,H2,Longitudinal Crack,ND,N,21,BR_LC_ND_N_H2,3.053561500853604e-05,0.04400162941199564,-0.009802941803011642,0.29281395255485254,0.04400164000732681,11.0,1.3389613549525285
Hydrophone,Branched,H2,Longitudinal Crack,ND,N,22,BR_LC_ND_N_H2,-0.00023916072383262872,0.05499897620787298,0.01783899764316831,-0.6237655658037253,0.05499949619556531,11.0,1.5258574576236443
Hydrophone,Branched,H1,Longitudinal Crack,Transient,NN,0,BR_LC_Transient_NN_H1,0.0005791779955776454,0.1322679691268147,0.036084411308404195,-0.5118641120790954,0.13226923717963512,11.0,1.3686672224467817
Hydrophone,Branched,H1,Longitudinal Crack,Transient,NN,1,BR_LC_Transient_NN_H1,0.00042731031069189265,0.15897100184016316,0.004067800515067847,-0.7874295415004431,0.1589715761391538,11.0,1.4275368182291168
Hydrophone,Branched,H1,Longitudinal Crack,Transient,NN,2,BR_LC_Transient_NN_H1,-0.0007480520771208692,0.1639888703712823,-0.015363860106240995,-0.9545947305365865,0.16399057652060167,11.0,1.9447328945593585
Hydrophone,Branched,H1,Longitudinal Crack,Transient,NN,3,BR_LC_Transient_NN_H1,-0.00043096760630458166,0.15525134615667777,0.034288195008749474,-0.9414834090059743,0.15525194432450198,11.0,1.4931889137470495
Hydrophone,Branched,H1,Longitudinal Crack,Transient,NN,4,BR_LC_Transient_NN_H1,0.00043271626032208413,0.14595580934227942,0.019238925110706455,-0.7537081549158238,0.14595645077940805,11.0,1.3274229852553125
Hydrophone,Branched,H1,Longitudinal Crack,Transient,NN,5,BR_LC_Transient_NN_H1,7.939286141411032e-05,0.1227080710489575,-0.05016039073956653,-0.2969386447402269,0.12270809673278471,11.0,1.0840829543901662
Hydrophone,Branched,H1,Longitudinal Crack,Transient,NN,6,BR_LC_Transient_NN_H1,0.00032097013883304387,0.08880773325762205,-0.04482572782261872,0.2099634799877963,0.08880831328308725,10.666666666666666,1.0706148433426694
Hydrophone,Branched,H1,Longitudinal Crack,Transient,NN,7,BR_LC_Transient_NN_H1,1.5469129193934615e-06,0.09374905616058703,-0.07686649644683145,0.17396648695666528,0.0937490561733495,10.666666666666666,1.049485216221455
Hydrophone,Branched,H1,Longitudinal Crack,Transient,NN,8,BR_LC_Transient_NN_H1,-0.0011799240350207586,0.12888673138486878,0.012802111327741336,-0.5356625984722201,0.12889213221839313,11.0,2.3869045256130605
Hydrophone,Branched,H1,Longitudinal Crack,Transient,NN,9,BR_LC_Transient_NN_H1,-0.0012075788327987084,0.1452253446164212,0.006144823177273337,-0.6271669128651292,0.14523036516374846,11.0,2.4721650613337607
Hydrophone,Branched,H1,Longitudinal Crack,Transient,NN,10,BR_LC_Transient_NN_H1,0.0016314131117714193,0.17407392330520002,-0.019177830661695455,-0.6121166567109331,0.17408156790311236,11.0,3.1871192967751982
Hydrophone,Branched,H1,Longitudinal Crack,Transient,NN,11,BR_LC_Transient_NN_H1,0.00027070143387865033,0.17265865711177064,-0.013654570864390458,-0.6987753710221103,0.17265886932013164,11.0,1.418699941116984
Hydrophone,Branched,H1,Longitudinal Crack,Transient,NN,12,BR_LC_Transient_NN_H1,0.0006538860631843013,0.1368112393621377,-0.02007029251903966,-0.7976183781068604,0.13681280196965404,11.0,1.6558510649078781
Hydrophone,Branched,H1,Longitudinal Crack,Transient,NN,13,BR_LC_Transient_NN_H1,-0.0009275212066974762,0.14062333074348357,-0.0064727728161290705,-0.7931290281815015,0.14062638957528578,11.0,2.058995046581356
Hydrophone,Branched,H1,Longitudinal Crack,Transient,NN,14,BR_LC_Transient_NN_H1,-0.0044827780167875746,0.1535892195763912,-0.6066165117532646,1.908825839414912,0.15365462462559568,11.0,8.87073379496145
Hydrophone,Branched,H1,Longitudinal Crack,Transient,NN,15,BR_LC_Transient_NN_H1,0.0012738433453702014,0.212370099792695,-0.33621267761503143,2.3934860427536364,0.2123739201569434,11.333333333333332,3.8355121505193766
Hydrophone,Branched,H1,Longitudinal Crack,Transient,NN,16,BR_LC_Transient_NN_H1,0.003943466867817703,0.20955391762626513,-0.035493306008650416,2.2107606157033786,0.20959101918606407,11.333333333333332,7.22738343091669
Hydrophone,Branched,H1,Longitudinal Crack,Transient,NN,17,BR_LC_Transient_NN_H1,-0.0007524383147570198,0.1492194928655918,0.2799995964909139,0.5909266636814743,0.14922138993616807,11.333333333333332,3.236260740887381
Hydrophone,Branched,H1,Longitudinal Crack,Transient,NN,18,BR_LC_Transient_NN_H1,-0.0011395325070274454,0.1418510571264604,0.012504578138248526,-1.0683579478359475,0.14185563415750854,11.333333333333332,2.4240987198470334
Hydrophone,Branched,H1,Longitudinal Crack,Transient,NN,19,BR_LC_Transient_NN_H1,0.0015368915762004813,0.1708747728699105,-0.03339117304245385,-0.6522129610557141,0.17088168432883757,11.333333333333332,3.0600198693334693
Hydrophone,Branched,H1,Longitudinal Crack,Transient,NN,20,BR_LC_Transient_NN_H1,0.0005469762713897568,0.17422239464337516,-0.021932137909068818,-0.771170343904751,0.17422325326520977,11.333333333333332,1.6894086326828872
Hydrophone,Branched,H1,Longitudinal Crack,Transient,NN,21,BR_LC_Transient_NN_H1,-0.000568615840324872,0.12041482429449028,-0.009224421204138696,-0.6577878489630282,0.12041616682923782,11.333333333333332,1.4755019208416142
Hydrophone,Branched,H1,Longitudinal Crack,Transient,NN,22,BR_LC_Transient_NN_H1,-0.0005896582698712645,0.08146973881929763,0.0016111822042234826,-0.7333016354978583,0.08147187269334,11.333333333333332,1.526416739445763
Hydrophone,Branched,H1,Longitudinal Crack,Transient,NN,23,BR_LC_Transient_NN_H1,0.0009399207772706412,0.09760074804287389,0.03392008569537013,-0.15040548159460565,0.09760527377962779,11.333333333333332,1.8068587837147505
Hydrophone,Branched,H1,Longitudinal Crack,Transient,NN,24,BR_LC_Transient_NN_H1,0.0013025536550337147,0.13036560924913562,-0.012311209272931391,-0.7713429211592286,0.13037211634748652,11.0,2.5622145950005106
Hydrophone,Branched,H1,Longitudinal Crack,Transient,NN,25,BR_LC_Transient_NN_H1,-0.0006088638706352849,0.13461838281331082,0.007137949671146362,-0.6637196905554119,0.13461975971782175,11.333333333333332,1.547441380244448
Hydrophone,Branched,H2,Longitudinal Crack,Transient,NN,0,BR_LC_Transient_NN_H2,0.00018119390430593814,0.07005142713803103,0.04181596076229173,-0.44581642450914316,0.07005166147427073,11.0,1.0554850153043454
Hydrophone,Branched,H2,Longitudinal Crack,Transient,NN,1,BR_LC_Transient_NN_H2,0.00010583215485965688,0.08410069324914754,0.030735452356558085,-0.7902220143582084,0.0841007598386139,11.0,1.0575972429535863
Hydrophone,Branched,H2,Longitudinal Crack,Transient,NN,2,BR_LC_Transient_NN_H2,-0.0003977884405736707,0.08777974504026333,0.031087543994872995,-1.0017784572137172,0.08778064635770852,11.0,1.3666988765837422
Hydrophone,Branched,H2,Longitudinal Crack,Transient,NN,3,BR_LC_Transient_NN_H2,-0.00011062848313118945,0.08296609511607572,-0.0017396240160319314,-1.020524826158256,0.0829661688730473,11.0,1.2190704776169663
Hydrophone,Branched,H2,Longitudinal Crack,Transient,NN,4,BR_LC_Transient_NN_H2,0.00026742840134915487,0.07732164137220729,-0.0005588068561157349,-0.7666821290204329,0.07732210384128259,11.0,1.1880716295849059
Hydrophone,Branched,H2,Longitudinal Crack,Transient,NN,5,BR_LC_Transient_NN_H2,0.00014425139774622113,0.06495155541306312,0.05631745478580747,-0.15264517462666927,0.06495171559737249,11.0,1.0752623698969488
Hydrophone,Branched,H2,Longitudinal Crack,Transient,NN,6,BR_LC_Transient_NN_H2,0.00019297835372223768,0.04612310128052097,-0.020648463969656104,0.29778095200439125,0.04612350498800151,10.666666666666666,1.124398598631738
Hydrophone,Branched,H2,Longitudinal Crack,Transient,NN,7,BR_LC_Transient_NN_H2,-0.00014902975689197418,0.0483945633175864,-0.056205897550422296,-0.048347877473007284,0.04839479278360761,10.666666666666666,1.2338893321920632
Hydrophone,Branched,H2,Longitudinal Crack,Transient,NN,8,BR_LC_Transient_NN_H2,-0.0004989019684937232,0.0689981265152133,0.011367064162374006,-0.5197607026795246,0.06899993018680196,11.0,1.4095865502589928
Hydrophone,Branched,H2,Longitudinal Crack,Transient,NN,9,BR_LC_Transient_NN_H2,-0.000715346442219768,0.07943227856988584,-0.060559034963853696,-0.772717944488496,0.07943549961658415,11.0,1.8340460524170081
Hydrophone,Branched,H2,Longitudinal Crack,Transient,NN,10,BR_LC_Transient_NN_H2,0.0009112914457516494,0.09415215860787769,-0.07659613866392322,-0.7348472113548672,0.09415656866423106,11.0,2.171136503407898
Hydrophone,Branched,H2,Longitudinal Crack,Transient,NN,11,BR_LC_Transient_NN_H2,0.0001706594227070101,0.09280408835211626,-0.0011172277772284035,-0.7412761912241281,0.0928042452666146,11.0,1.0873264281826693
Hydrophone,Branched,H2,Longitudinal Crack,Transient,NN,12,BR_LC_Transient_NN_H2,0.00015942933791005502,0.07422535207162033,0.020274464049440048,-0.8117311277412553,0.07422552329131657,11.0,1.1223632356933253
Hydrophone,Branched,H2,Longitudinal Crack,Transient,NN,13,BR_LC_Transient_NN_H2,-0.00036038337145935734,0.07626963933933756,-0.027352856139864063,-0.7618745738707045,0.07627049076233253,11.0,1.3590635781899174
Hydrophone,Branched,H2,Longitudinal Crack,Transient,NN,14,BR_LC_Transient_NN_H2,-0.0004061246600349972,0.07968299070797585,-0.14000520698697097,0.12277835656002134,0.0796840256601463,11.0,1.6029865921465305
Hydrophone,Branched,H2,Longitudinal Crack,Transient,NN,15,BR_LC_Transient_NN_H2,0.0004038566357423567,0.10908158630547606,-0.123132351577965,1.0033109976454133,0.10908233390930565,11.333333333333332,1.361980581856352
Hydrophone,Branched,H2,Longitudinal Crack,Transient,NN,16,BR_LC_Transient_NN_H2,0.00013497636877697259,0.11295397839648655,-0.0744145013127958,0.4446384056798762,0.112954059042666,11.333333333333332,0.9665770583130346
Hydrophone,Branched,H2,Longitudinal Crack,Transient,NN,17,BR_LC_Transient_NN_H2,-0.00026713503193257057,0.09116772337868245,-0.025146802644457646,-0.8852183701417364,0.09116811475059276,11.333333333333332,1.2809016687943515
Hydrophone,Branched,H2,Longitudinal Crack,Transient,NN,18,BR_LC_Transient_NN_H2,-0.0005502249541041727,0.08835390974824733,-0.008324734164074173,-0.9747032482035749,0.08835562299764263,11.333333333333332,1.548101411409046
Hydrophone,Branched,H2,Longitudinal Crack,Transient,NN,19,BR_LC_Transient_NN_H2,0.0009964001122989856,0.10361723138893658,-0.060531525064446,-0.6447677366648943,0.10362202205077942,11.333333333333332,2.185383476090751
Hydrophone,Branched,H2,Longitudinal Crack,Transient,NN,20,BR_LC_Transient_NN_H2,0.00029235508185830356,0.10612689848255728,-0.0479438599429847,-0.7921447548839393,0.10612730116714034,11.333333333333332,1.3444026529674509
Hydrophone,Branched,H2,Longitudinal Crack,Transient,NN,21,BR_LC_Transient_NN_H2,-0.00037052129904102953,0.07451193990870977,-0.0247830243540308,-0.6640160612010786,0.07451286113814326,11.333333333333332,1.318613079775158
Hydrophone,Branched,H2,Longitudinal Crack,Transient,NN,22,BR_LC_Transient_NN_H2,-0.0003271081301820587,0.05048291137787994,0.01657320085431648,-0.7694679835195379,0.050483971128623704,11.333333333333332,1.367776394881541
Hydrophone,Branched,H2,Longitudinal Crack,Transient,NN,23,BR_LC_Transient_NN_H2,0.0005409480711209414,0.05992146922468547,0.01825517698270695,-0.20574777465217942,0.05992391091092584,11.333333333333332,1.3473299699940042
Hydrophone,Branched,H2,Longitudinal Crack,Transient,NN,24,BR_LC_Transient_NN_H2,0.0007572555505697813,0.08007034306174857,-0.017997616788774658,-0.7859986281011406,0.08007392380791001,11.333333333333332,1.7508162511018805
Hydrophone,Branched,H2,Longitudinal Crack,Transient,NN,25,BR_LC_Transient_NN_H2,-0.0004322422408960934,0.08277936828901178,0.014731522467746887,-0.6584717222301264,0.08278049678325605,11.333333333333332,1.3065951306906374
Hydrophone,Branched,H1,Longitudinal Crack,Transient,N,0,BR_LC_Transient_N_H1,0.0008451020425612197,0.10822214583608306,0.0009363678646872821,-0.4896360778738882,0.10822544546837758,11.333333333333332,1.6914412933257132
Hydrophone,Branched,H1,Longitudinal Crack,Transient,N,1,BR_LC_Transient_N_H1,-0.0010380532211742238,0.11608605613707026,0.03865043206204696,-0.7519119292117646,0.11609069723259059,11.0,2.00077680418992
Hydrophone,Branched,H1,Longitudinal Crack,Transient,N,2,BR_LC_Transient_N_H1,-0.0007941108518300005,0.1052682134676384,0.014664416213082685,-0.5239253020876053,0.10527120868838394,11.0,1.6221042604094453
Hydrophone,Branched,H1,Longitudinal Crack,Transient,N,3,BR_LC_Transient_N_H1,0.00029086657455685633,0.12973545966160654,0.013875453684050751,-0.6298520113071997,0.12973578572226144,11.0,1.1176297563164648
Hydrophone,Branched,H1,Longitudinal Crack,Transient,N,4,BR_LC_Transient_N_H1,-0.0007487792946132513,0.12967260643855946,0.045007984657917104,-0.6430957188351689,0.12967476828975472,10.666666666666666,1.621872668021644
Hydrophone,Branched,H1,Longitudinal Crack,Transient,N,5,BR_LC_Transient_N_H1,0.0005260185039813906,0.09507793416335467,0.07140048217050997,-0.44233546588159145,0.09507938925044553,11.0,1.5224772803115532
Hydrophone,Branched,H1,Longitudinal Crack,Transient,N,6,BR_LC_Transient_N_H1,0.0008807843273864115,0.10036045776537675,-0.08216858444741655,0.15272123439101604,0.1003643226645173,11.0,1.8007797071678704
Hydrophone,Branched,H1,Longitudinal Crack,Transient,N,7,BR_LC_Transient_N_H1,-4.586317344494143e-05,0.12369717004702097,-0.04480450534915646,-0.39877555684079624,0.1236971785493602,11.0,0.9901520207399018
Hydrophone,Branched,H1,Longitudinal Crack,Transient,N,8,BR_LC_Transient_N_H1,0.0003008003884654086,0.13179554800997717,0.03979473591433953,-0.7402349050369206,0.13179589127178395,10.666666666666666,1.223181199541633
Hydrophone,Branched,H1,Longitudinal Crack,Transient,N,9,BR_LC_Transient_N_H1,-0.0016667950751263288,0.15471611831981422,0.03537705989979555,0.07848040209183615,0.15472509645746943,11.0,2.8725857127398307
Hydrophone,Branched,H1,Longitudinal Crack,Transient,N,10,BR_LC_Transient_N_H1,0.0002651628919502442,0.16585329274602523,0.02024443979742794,-0.20033290548514016,0.16585350471442567,11.0,1.1783507377317
Hydrophone,Branched,H1,Longitudinal Crack,Transient,N,11,BR_LC_Transient_N_H1,0.0015122921446442843,0.15977590729542215,0.022938132750012313,-0.8329197464323856,0.15978306412009405,11.0,2.7135319108607825
Hydrophone,Branched,H1,Longitudinal Crack,Transient,N,12,BR_LC_Transient_N_H1,-0.0014713502249367283,0.14412268766592254,0.015568935119031702,-0.7730770174993546,0.1441301979861732,11.333333333333332,2.5929171368214092
Hydrophone,Branched,H1,Longitudinal Crack,Transient,N,13,BR_LC_Transient_N_H1,-0.00024088190528861775,0.12767505218625955,-0.007533960862251052,-0.5717571455616226,0.12767527941953524,11.0,1.0448518143542598
Hydrophone,Branched,H1,Longitudinal Crack,Transient,N,14,BR_LC_Transient_N_H1,0.0009777079056100826,0.11622052849836756,-0.02870287115043684,-0.18773587068917852,0.11622464092088458,11.333333333333332,1.8210331673235949
Hydrophone,Branched,H1,Longitudinal Crack,Transient,N,15,BR_LC_Transient_N_H1,0.0007641938840535771,0.23428239544817817,-0.4357278683779274,3.8539402113113326,0.23428364178753275,20.333333333333332,4.999741797802206
Hydrophone,Branched,H1,Longitudinal Crack,Transient,N,16,BR_LC_Transient_N_H1,-0.00042501589061867716,0.23721808828126043,-0.37787988300490055,3.636154679668424,0.23721846902449045,15.666666666666666,4.508508224024598
Hydrophone,Branched,H1,Longitudinal Crack,Transient,N,17,BR_LC_Transient_N_H1,-0.0004648651399163928,0.09334405029196542,0.4579735201786239,3.9747236953356913,0.09334520782829335,15.666666666666666,5.265558433543696
Hydrophone,Branched,H1,Longitudinal Crack,Transient,N,18,BR_LC_Transient_N_H1,0.000489074392000152,0.12092654341367862,-0.007596610474501197,-0.3233695160352248,0.12092753241400904,11.0,1.2088405254530452
Hydrophone,Branched,H1,Longitudinal Crack,Transient,N,19,BR_LC_Transient_N_H1,0.0006815548520270647,0.16495005289076572,-0.014130582926055589,-1.0673286859852955,0.16495146093830976,11.333333333333332,1.6803282248236848
Hydrophone,Branched,H1,Longitudinal Crack,Transient,N,20,BR_LC_Transient_N_H1,-0.000250374988819342,0.16999031647908183,7.406769338874389e-05,-1.090445462047494,0.16999050086488196,11.666666666666666,1.3449895598267847
Hydrophone,Branched,H1,Longitudinal Crack,Transient,N,21,BR_LC_Transient_N_H1,-0.0018167596875025777,0.1462301818373374,0.004909022081785734,-0.7894813890207826,0.14624146708763178,11.666666666666666,3.107932741174531
Hydrophone,Branched,H1,Longitudinal Crack,Transient,N,22,BR_LC_Transient_N_H1,-0.0003773046453652507,0.12722413978468664,-0.0031167545228612116,-0.7252437884460967,0.12722469926373928,11.333333333333332,1.1796422565350764
Hydrophone,Branched,H1,Longitudinal Crack,Transient,N,23,BR_LC_Transient_N_H1,0.0016075095950655494,0.11208769734778251,0.014403138446158061,-0.3849676507632225,0.11209922383239912,11.333333333333332,2.778099913112269
Hydrophone,Branched,H1,Longitudinal Crack,Transient,N,24,BR_LC_Transient_N_H1,0.00034168320069858884,0.09542906202243662,-0.017551457836941432,-0.06687175640511889,0.09542967371783105,11.333333333333332,1.0716180382684806
Hydrophone,Branched,H1,Longitudinal Crack,Transient,N,25,BR_LC_Transient_N_H1,-0.0001532627402656932,0.08173894030967767,-0.027287101873682055,-0.33240540198646507,0.08173908399545839,11.0,1.1346265884124855
Hydrophone,Branched,H2,Longitudinal Crack,Transient,N,0,BR_LC_Transient_N_H2,0.0005946886956354725,0.057557433231687744,0.03550363666146811,-0.3614749307455538,0.057560505338859806,11.333333333333332,1.7073441273262846
Hydrophone,Branched,H2,Longitudinal Crack,Transient,N,1,BR_LC_Transient_N_H2,-0.0006271417977742919,0.06474189924452269,0.047898943446407535,-0.8172325800154332,0.06474493667169999,11.0,1.808560865487807
Hydrophone,Branched,H2,Longitudinal Crack,Transient,N,2,BR_LC_Transient_N_H2,-0.00046451765828224833,0.05770995094351371,-0.05384031006627974,-0.5819141330037714,0.0577118204058546,11.0,1.6548619700342402
Hydrophone,Branched,H2,Longitudinal Crack,Transient,N,3,BR_LC_Transient_N_H2,0.00015091382267950796,0.06837912447002244,-0.016014190313913244,-0.6271206448851325,0.06837929100443127,11.0,1.3675230392878763
Hydrophone,Branched,H2,Longitudinal Crack,Transient,N,4,BR_LC_Transient_N_H2,-0.0003951985351456758,0.06885977917087052,0.02463487652828044,-0.6854884589564714,0.06886091321891712,10.666666666666666,1.5168080929639778
Hydrophone,Branched,H2,Longitudinal Crack,Transient,N,5,BR_LC_Transient_N_H2,0.00043154582849132755,0.05281184713419855,0.08856845143906723,-0.6503974626089737,0.05281361026788497,11.0,1.8733850774407566
Hydrophone,Branched,H2,Longitudinal Crack,Transient,N,6,BR_LC_Transient_N_H2,0.0005225969477693133,0.05651253551292281,0.04992359322146245,-0.19634427436463975,0.0565149518063068,11.0,1.6623379710838537
Hydrophone,Branched,H2,Longitudinal Crack,Transient,N,7,BR_LC_Transient_N_H2,-0.000134972298696363,0.06932831464655552,-0.021934826746026644,-0.46717004463453726,0.06932844603229774,11.0,1.2834498697438115
Hydrophone,Branched,H2,Longitudinal Crack,Transient,N,8,BR_LC_Transient_N_H2,0.0001238573651670114,0.07280090527606899,0.015871303013707493,-0.6565854563036111,0.07280101063626847,10.666666666666666,1.350382298482577
Hydrophone,Branched,H2,Longitudinal Crack,Transient,N,9,BR_LC_Transient_N_H2,-0.0010221571639848067,0.0849866858660794,-0.02102313823538288,0.227271583051476,0.08499283251996927,11.0,1.8670899101809635
Hydrophone,Branched,H2,Longitudinal Crack,Transient,N,10,BR_LC_Transient_N_H2,0.00015462227563500412,0.0911705908744907,-0.009942976212088101,-0.1308238573418543,0.09117072199150278,11.0,1.0020684402162694
Hydrophone,Branched,H2,Longitudinal Crack,Transient,N,11,BR_LC_Transient_N_H2,0.0009809431469944244,0.08876794647697456,0.029869602377701428,-0.9018800986542632,0.08877336633921602,11.0,2.074558959135288
Hydrophone,Branched,H2,Longitudinal Crack,Transient,N,12,BR_LC_Transient_N_H2,-0.0006660845470932534,0.08101861320564438,0.011846591628162883,-0.8188540276540852,0.0810213512254004,11.333333333333332,1.6657460786602534
Hydrophone,Branched,H2,Longitudinal Crack,Transient,N,13,BR_LC_Transient_N_H2,-0.00021262737623616642,0.07047543421065172,0.0050744050671890206,-0.517842376431715,0.07047575496283118,11.0,1.3102266162315297
Hydrophone,Branched,H2,Longitudinal Crack,Transient,N,14,BR_LC_Transient_N_H2,0.00042980083586129634,0.06429208826509557,-0.02453821088410116,-0.18153838234253783,0.06429352488583392,11.333333333333332,1.4112951835102627
Hydrophone,Branched,H2,Longitudinal Crack,Transient,N,15,BR_LC_Transient_N_H2,0.0005421152196816057,0.11541953390895586,-0.3957981419540254,4.064859470876061,0.11542080703526562,11.0,4.184156116388229
Hydrophone,Branched,H2,Longitudinal Crack,Transient,N,16,BR_LC_Transient_N_H2,-0.0005118724742945392,0.1221022758892932,-0.36609810802375997,2.925252969369743,0.12210334881064899,15.666666666666666,3.5452912657331814
Hydrophone,Branched,H2,Longitudinal Crack,Transient,N,17,BR_LC_Transient_N_H2,-0.00042603773216606865,0.06533762731495632,-0.37057008046602835,1.590994095401336,0.06533901630188012,15.666666666666666,3.3174561555827253
Hydrophone,Branched,H2,Longitudinal Crack,Transient,N,18,BR_LC_Transient_N_H2,0.0004561162355485261,0.07600027901431687,-0.024831711751426656,-0.40963101998274887,0.07600164769447006,11.0,1.4158543916756656
Hydrophone,Branched,H2,Longitudinal Crack,Transient,N,19,BR_LC_Transient_N_H2,0.0005463009530839853,0.1036668345618433,-0.05156415754140208,-1.0558414736071415,0.10366827399356048,11.333333333333332,1.6178980346480962
Hydrophone,Branched,H2,Longitudinal Crack,Transient,N,20,BR_LC_Transient_N_H2,3.7139079189100276e-05,0.10825938290431604,-0.012938737935743449,-1.1011496288251412,0.1082593892747161,11.666666666666666,1.250891348385949
Hydrophone,Branched,H2,Longitudinal Crack,Transient,N,21,BR_LC_Transient_N_H2,-0.0012113347721017375,0.09305328485213155,0.02850463330350063,-0.783085818476644,0.09306116888209624,11.666666666666666,2.2715968856543047
Hydrophone,Branched,H2,Longitudinal Crack,Transient,N,22,BR_LC_Transient_N_H2,-0.0003433005133857888,0.08018432398988455,0.01698291222255634,-0.7213008845877487,0.08018505888853152,11.333333333333332,1.3690961507023813
Hydrophone,Branched,H2,Longitudinal Crack,Transient,N,23,BR_LC_Transient_N_H2,0.0010550617138016744,0.07103762980210507,0.05589704143002271,-0.42503439193338854,0.07104546433883628,11.333333333333332,2.19102837774461
Hydrophone,Branched,H2,Longitudinal Crack,Transient,N,24,BR_LC_Transient_N_H2,0.0003204730691636135,0.06072942148841165,-0.05145053565622741,-0.08773762090815085,0.060730267061039796,11.333333333333332,1.3829144316829993
Hydrophone,Branched,H2,Longitudinal Crack,Transient,N,25,BR_LC_Transient_N_H2,-9.767134279156653e-05,0.05161279983278315,-0.12150359684631491,-0.22810190530997287,0.05161289224864407,11.666666666666666,1.6857888997856745
Hydrophone,Branched,H1,No Leak,0.18 LPS,N,0,BR_NL_0.18 LPS_N_H1,0.0007653277076645086,0.15289141762594813,-0.009823756703824184,-0.08207092945446082,0.15289333311224595,15.666666666666666,1.45092438134461
Hydrophone,Branched,H1,No Leak,0.18 LPS,N,1,BR_NL_0.18 LPS_N_H1,-0.00013899265672503777,0.1923547225767141,0.007240105671382599,-0.5451709653573111,0.19235477279371901,11.333333333333332,1.3676234544496897
Hydrophone,Branched,H1,No Leak,0.18 LPS,N,2,BR_NL_0.18 LPS_N_H1,-0.000913245440670583,0.21006432991541124,-0.00174912675245758,-0.6049314952068716,0.21006631505323656,11.0,2.1475275828967155
Hydrophone,Branched,H1,No Leak,0.18 LPS,N,3,BR_NL_0.18 LPS_N_H1,0.0010997599792472875,0.18002720071324158,-0.02405073337208585,-0.057798786598714624,0.18003055981876442,10.666666666666666,2.1660147004328105
Hydrophone,Branched,H1,No Leak,0.18 LPS,N,4,BR_NL_0.18 LPS_N_H1,-0.000965814266129598,0.20086341689063733,0.003194914702991989,-0.7147718240451115,0.2008657388460726,11.0,2.143675612955539
Hydrophone,Branched,H1,No Leak,0.18 LPS,N,5,BR_NL_0.18 LPS_N_H1,-0.0007638872369783887,0.20818452257825676,0.011680004886807382,-0.8197711135211021,0.20818592403149525,11.0,1.9940473642919958
Hydrophone,Branched,H1,No Leak,0.18 LPS,N,6,BR_NL_0.18 LPS_N_H1,0.002952440844477354,0.21409463130095754,0.0032054996779321107,-0.4625224705778068,0.2141149879359992,11.0,5.0209812639672755
Hydrophone,Branched,H1,No Leak,0.18 LPS,N,7,BR_NL_0.18 LPS_N_H1,-0.000930506042091969,0.25277495286917173,0.010347970203726157,-0.7392192565694309,0.25277666553601497,11.333333333333332,2.5754762191185496
Hydrophone,Branched,H1,No Leak,0.18 LPS,N,8,BR_NL_0.18 LPS_N_H1,1.7997476918066488e-05,0.20682753264600254,-0.012191301790198578,-0.04466327216033639,0.20682753342904428,11.333333333333332,1.5088255788620626
Hydrophone,Branched,H1,No Leak,0.18 LPS,N,9,BR_NL_0.18 LPS_N_H1,-0.001160852153124349,0.18605015137489356,-0.028395225754218673,-0.6683870714700797,0.1860537728839225,11.0,2.3028245942086545
Hydrophone,Branched,H1,No Leak,0.18 LPS,N,10,BR_NL_0.18 LPS_N_H1,-0.0012394210090256764,0.2074102462850843,-0.008737928774248954,-0.8869566888946259,0.20741394945489308,11.0,2.54671074385509
Hydrophone,Branched,H1,No Leak,0.18 LPS,N,11,BR_NL_0.18 LPS_N_H1,0.00300565583082023,0.2083699513664185,-0.011790835261676425,-0.947648002434371,0.2083916279494379,11.0,5.09929285729472
Hydrophone,Branched,H1,No Leak,0.18 LPS,N,12,BR_NL_0.18 LPS_N_H1,-0.0007622137648781632,0.18672482056819154,0.010921130946694956,-0.7961006232798562,0.18672637624622476,11.333333333333332,1.8161653314896717
Hydrophone,Branched,H1,No Leak,0.18 LPS,N,13,BR_NL_0.18 LPS_N_H1,-0.0019787980556857264,0.17068827749336235,0.014190306139573712,-0.15006191703620653,0.17069974726225068,11.666666666666666,3.369444093269569
Hydrophone,Branched,H1,No Leak,0.18 LPS,N,14,BR_NL_0.18 LPS_N_H1,-0.0009914846008683557,0.1812949539017042,0.008475647030116742,-0.29861912986460837,0.18129766504821515,10.666666666666666,2.0198237915831396
Hydrophone,Branched,H1,No Leak,0.18 LPS,N,15,BR_NL_0.18 LPS_N_H1,0.00038707250416828814,0.18692162166529375,0.00111564322478427,-0.741049877573813,0.18692202243477543,10.666666666666666,1.4838633249635338
Hydrophone,Branched,H1,No Leak,0.18 LPS,N,16,BR_NL_0.18 LPS_N_H1,0.0009135027713367166,0.1854803926588336,0.0007606183859552269,-0.6279270037097038,0.18548264217491708,11.0,1.967245599093391
Hydrophone,Branched,H1,No Leak,0.18 LPS,N,17,BR_NL_0.18 LPS_N_H1,0.00015069589317862124,0.18780146315351276,-0.0018649237965162367,-0.34365701532874615,0.1878015236142999,11.0,1.3164256368939762
Hydrophone,Branched,H1,No Leak,0.18 LPS,N,18,BR_NL_0.18 LPS_N_H1,0.0008419863666023996,0.18872276482770015,-0.013861846058437299,-0.5731997571095508,0.18872464307888612,11.0,1.9026587981142573
Hydrophone,Branched,H1,No Leak,0.18 LPS,N,19,BR_NL_0.18 LPS_N_H1,0.00024185873335532312,0.1621085281766259,0.007216094324872574,-0.9248683805315583,0.1621087085977765,11.333333333333332,1.2530539760695405
Hydrophone,Branched,H1,No Leak,0.18 LPS,N,20,BR_NL_0.18 LPS_N_H1,-0.00010660784824536954,0.15207755914474821,0.007021060976716666,-0.5628908453375527,0.15207759651131292,11.0,1.0509543952596476
Hydrophone,Branched,H1,No Leak,0.18 LPS,N,21,BR_NL_0.18 LPS_N_H1,0.0001958285258629373,0.16693239694238443,0.016824684955920717,-0.632014005276694,0.16693251180564359,11.333333333333332,1.1868410930273727
Hydrophone,Branched,H2,No Leak,0.18 LPS,N,0,BR_NL_0.18 LPS_N_H2,0.00021241888061181068,0.04745482127617319,0.0031482466252689455,-0.5368938361189559,0.04745529669209097,15.666666666666666,1.4236074097853195
Hydrophone,Branched,H2,No Leak,0.18 LPS,N,1,BR_NL_0.18 LPS_N_H2,-3.382765030685934e-05,0.057585544091073575,-0.07410358372736937,-0.8624524706960757,0.057585554026812175,11.333333333333332,1.6686969128020275
Hydrophone,Branched,H2,No Leak,0.18 LPS,N,2,BR_NL_0.18 LPS_N_H2,-0.0002825879558875776,0.0630810553241199,-0.08151630364323732,-0.6521459508304175,0.06308168828398213,11.666666666666666,1.5984955469149695
Hydrophone,Branched,H2,No Leak,0.18 LPS,N,3,BR_NL_0.18 LPS_N_H2,0.00031808879501075597,0.05408910725146414,-0.05762411074048801,0.10996561906473534,0.0540900425562959,10.666666666666666,1.4437700743513167
Hydrophone,Branched,H2,No Leak,0.18 LPS,N,4,BR_NL_0.18 LPS_N_H2,-0.0002471449454139449,0.05859220714271316,0.00994504195458593,-0.6750291645267654,0.058592728375444776,11.0,1.5040055756998365
Hydrophone,Branched,H2,No Leak,0.18 LPS,N,5,BR_NL_0.18 LPS_N_H2,-0.0002655294691873433,0.06145880073511644,-0.0005809955182262812,-0.8257504363666506,0.06145937433539131,11.0,1.541149414255267
Hydrophone,Branched,H2,No Leak,0.18 LPS,N,6,BR_NL_0.18 LPS_N_H2,0.0008924050939706056,0.06649294291811962,-0.04172400714950532,-0.38714035434881744,0.06649893115504983,11.0,1.9667366952566094
Hydrophone,Branched,H2,No Leak,0.18 LPS,N,7,BR_NL_0.18 LPS_N_H2,-0.0003013037663557959,0.07876375356633475,-0.014168239490643128,-0.7221032339163393,0.07876432986966836,11.333333333333332,1.349465457813993
Hydrophone,Branched,H2,No Leak,0.18 LPS,N,8,BR_NL_0.18 LPS_N_H2,2.4240301435240882e-05,0.06373905229559532,-0.01575576378629895,0.02912597104518433,0.06373905690495309,11.333333333333332,1.1509896017374501
Hydrophone,Branched,H2,No Leak,0.18 LPS,N,9,BR_NL_0.18 LPS_N_H2,-0.00037928972157193436,0.05669326926606277,-0.03332710394461578,-0.6151328332807249,0.056694538015290216,11.0,1.5818373042188214
Hydrophone,Branched,H2,No Leak,0.18 LPS,N,10,BR_NL_0.18 LPS_N_H2,-0.0003842738651965608,0.06347757075318827,-0.014645917811821094,-0.8404587787028746,0.06347873388095808,11.0,1.5927621021445477
Hydrophone,Branched,H2,No Leak,0.18 LPS,N,11,BR_NL_0.18 LPS_N_H2,0.0009248733002821596,0.064497423484047,-0.006030777192657162,-0.8529928725202192,0.06450405434313468,11.0,2.119819898967708
Hydrophone,Branched,H2,No Leak,0.18 LPS,N,12,BR_NL_0.18 LPS_N_H2,-0.0002760013911464423,0.05837719535860998,0.01128980972105921,-0.7183274461549471,0.058377847808096094,11.333333333333332,1.524238461860136
Hydrophone,Branched,H2,No Leak,0.18 LPS,N,13,BR_NL_0.18 LPS_N_H2,-0.0005027749528340384,0.0530428799636513,0.06337907456005919,-0.24723291707332384,0.053045262724314195,11.666666666666666,1.6687333089404806
Hydrophone,Branched,H2,No Leak,0.18 LPS,N,14,BR_NL_0.18 LPS_N_H2,-0.00031231305547483045,0.054914554237927,0.07464592563712377,-0.32438516447210874,0.0549154423326886,10.666666666666666,1.6325640534646204
Hydrophone,Branched,H2,No Leak,0.18 LPS,N,15,BR_NL_0.18 LPS_N_H2,4.149048808136158e-06,0.05567331484263785,0.04770970152361538,-0.7576780332275166,0.055673314997241596,10.666666666666666,1.6000255340920295
Hydrophone,Branched,H2,No Leak,0.18 LPS,N,16,BR_NL_0.18 LPS_N_H2,0.00027020312024765575,0.05517093302095231,0.055582701496865464,-0.6168638977612235,0.055171594685386766,11.0,1.6341216137957557
Hydrophone,Branched,H2,No Leak,0.18 LPS,N,17,BR_NL_0.18 LPS_N_H2,7.876359975158212e-05,0.05629537512387633,0.002709121826936367,-0.14790030880820781,0.05629543022344353,11.0,1.307121644658348
Hydrophone,Branched,H2,No Leak,0.18 LPS,N,18,BR_NL_0.18 LPS_N_H2,0.00023804196631734882,0.05800545022003756,-0.06246781758824957,-0.42060992170014133,0.05800593865464969,11.0,1.5124193920891513
Hydrophone,Branched,H2,No Leak,0.18 LPS,N,19,BR_NL_0.18 LPS_N_H2,0.0001382727981059836,0.05098843688738845,-0.08560732197482034,-0.756498973648045,0.05098862437432384,11.333333333333332,1.7475694556404555
Hydrophone,Branched,H2,No Leak,0.18 LPS,N,20,BR_NL_0.18 LPS_N_H2,-4.1223201770344e-06,0.04809183822228104,-0.017052462559303486,-0.43689032758761703,0.04809183839895888,11.0,1.4812814417904534
Hydrophone,Branched,H2,No Leak,0.18 LPS,N,21,BR_NL_0.18 LPS_N_H2,-7.474752967267073e-06,0.05213939720841236,0.03851103627327909,-0.5870230394263398,0.05213939774420616,11.333333333333332,1.5270728789583554
Hydrophone,Branched,H1,No Leak,0.47 LPS,N,0,BR_NL_0.47 LPS_N_H1,0.00010403960698944604,0.14344893185678564,0.008232153644270839,-0.2507462429161871,0.14344896958532868,11.0,0.9489231119916937
Hydrophone,Branched,H1,No Leak,0.47 LPS,N,1,BR_NL_0.47 LPS_N_H1,-0.0007225046313661737,0.15043801647141813,0.030975065825509802,-0.6556611264121459,0.15043975143823196,10.666666666666666,1.5990761783237466
Hydrophone,Branched,H1,No Leak,0.47 LPS,N,2,BR_NL_0.47 LPS_N_H1,0.0013357735202277124,0.12310341574022353,-0.03758488430736892,-0.4537804780481922,0.12311066264872289,11.0,2.3881745852458947
Hydrophone,Branched,H1,No Leak,0.47 LPS,N,3,BR_NL_0.47 LPS_N_H1,-0.0002053727634036986,0.14882454666953213,-0.022391113146035393,0.5214239180302731,0.14882468837314494,11.0,1.0262958919851615
Hydrophone,Branched,H1,No Leak,0.47 LPS,N,4,BR_NL_0.47 LPS_N_H1,-0.0009842118334435278,0.15580746387283267,-0.005717075151555926,0.47621947500319717,0.15581057239936305,10.666666666666666,1.8852439529199398
Hydrophone,Branched,H1,No Leak,0.47 LPS,N,5,BR_NL_0.47 LPS_N_H1,-0.0019509392789222885,0.17586382118453975,-0.07655998218269096,0.2597155491545138,0.17587464219067458,11.0,3.4095627305686107
Hydrophone,Branched,H1,No Leak,0.47 LPS,N,6,BR_NL_0.47 LPS_N_H1,-0.0008692337436709356,0.223559770017817,0.000894914510873736,-0.5523514344491498,0.2235614598666782,11.0,2.2193215551169567
Hydrophone,Branched,H1,No Leak,0.47 LPS,N,7,BR_NL_0.47 LPS_N_H1,0.0007248481850398263,0.23922465644172441,-0.0042988051164750875,-0.7754504889939313,0.2392257545803805,10.666666666666666,2.244806150492565
Hydrophone,Branched,H1,No Leak,0.47 LPS,N,8,BR_NL_0.47 LPS_N_H1,0.0027143882635404645,0.23716388964562107,-0.02931101679979926,-0.645876486435411,0.23717942249589355,10.666666666666666,4.769387938176152
Hydrophone,Branched,H1,No Leak,0.47 LPS,N,9,BR_NL_0.47 LPS_N_H1,0.0013426539053806676,0.22399904440631557,-0.01911868002870614,-0.29967326658806037,0.2240030683148161,11.0,2.7644779160870177
Hydrophone,Branched,H1,No Leak,0.47 LPS,N,10,BR_NL_0.47 LPS_N_H1,-0.002669612848894743,0.1848559802972213,-0.029070619283606276,0.10008623245858095,0.18487525600904425,11.666666666666666,4.483998035781972
Hydrophone,Branched,H1,No Leak,0.47 LPS,N,11,BR_NL_0.47 LPS_N_H1,-0.0016979013375104921,0.1570704968578866,-0.040261316457846884,-0.19378686378003485,0.1570796735804327,11.333333333333332,2.9172644898725095
Hydrophone,Branched,H1,No Leak,0.47 LPS,N,12,BR_NL_0.47 LPS_N_H1,-0.00036428855465598796,0.19061364365296263,0.008300963680515003,-0.4390080190615957,0.19061399175509042,11.333333333333332,1.4456570642709021
Hydrophone,Branched,H1,No Leak,0.47 LPS,N,13,BR_NL_0.47 LPS_N_H1,0.00230260042843901,0.21586213073030153,0.012487920199211825,-0.9747574698947812,0.215874411295454,11.0,4.0649420073846185
Hydrophone,Branched,H1,No Leak,0.47 LPS,N,14,BR_NL_0.47 LPS_N_H1,0.0006431579793855955,0.1903529496337231,0.011129117526506811,-0.6603878577472004,0.1903540361706186,11.0,1.7075792014183142
Hydrophone,Branched,H1,No Leak,0.47 LPS,N,15,BR_NL_0.47 LPS_N_H1,-0.00026795757191278914,0.13519305716672342,0.00972538981848476,0.4163287386612766,0.13519332271730472,11.0,0.9789587128091733
Hydrophone,Branched,H1,No Leak,0.47 LPS,N,16,BR_NL_0.47 LPS_N_H1,-0.000263548601235803,0.10702104882311676,-0.06408318615921296,0.1724128997919534,0.1070213733282523,10.333333333333332,1.0690016734011247
Hydrophone,Branched,H1,No Leak,0.47 LPS,N,17,BR_NL_0.47 LPS_N_H1,-0.0006946926666484882,0.12192939426285136,0.05038752718689541,-0.16412694061058275,0.12193137325236253,11.333333333333332,1.4735888393972982
Hydrophone,Branched,H1,No Leak,0.47 LPS,N,18,BR_NL_0.47 LPS_N_H1,0.0007714239426900012,0.1456739477846206,-0.004608478322528126,-0.5990558562279382,0.14567599032804177,11.333333333333332,1.6080378577011403
Hydrophone,Branched,H1,No Leak,0.47 LPS,N,19,BR_NL_0.47 LPS_N_H1,0.0004965418276184455,0.18834597902420297,-0.03343001794166744,-0.7134979256239911,0.1883466335466925,11.0,1.5964729212345283
Hydrophone,Branched,H1,No Leak,0.47 LPS,N,20,BR_NL_0.47 LPS_N_H1,-0.00021234236638393943,0.17183927373718375,-0.030750339340508068,-0.19620331408638636,0.1718394049332205,10.666666666666666,1.2106997909420334
Hydrophone,Branched,H1,No Leak,0.47 LPS,N,21,BR_NL_0.47 LPS_N_H1,-0.00014476603297461292,0.11613575899250361,-0.10434539827158759,-0.28033386262544546,0.1161358492196496,11.0,1.2775110730607255
Hydrophone,Branched,H1,No Leak,0.47 LPS,N,22,BR_NL_0.47 LPS_N_H1,-0.0017427053028602623,0.1327454792796178,-0.047054140453743856,-0.22702423120240445,0.1327569180530644,11.0,2.9534858853416592
Hydrophone,Branched,H2,No Leak,0.47 LPS,N,0,BR_NL_0.47 LPS_N_H2,-4.850268036040162e-06,0.04466080001353399,0.009128574541883143,-0.04580539439111808,0.044660800276909246,10.666666666666666,1.4248218670556065
Hydrophone,Branched,H2,No Leak,0.47 LPS,N,1,BR_NL_0.47 LPS_N_H2,-0.0002019553326616714,0.04618770039140067,0.025494877499098442,-0.3322284734335925,0.04618814191328965,10.666666666666666,1.5350125344311767
Hydrophone,Branched,H2,No Leak,0.47 LPS,N,2,BR_NL_0.47 LPS_N_H2,0.00031981807643280765,0.04129732740674667,-0.11306939181975587,-0.21843581741378904,0.04129856576858382,20.0,1.6444905057663186
Hydrophone,Branched,H2,No Leak,0.47 LPS,N,3,BR_NL_0.47 LPS_N_H2,-0.0001202650295650658,0.0475615102467038,0.018578318370310036,0.20071452929273104,0.0475616622987953,11.0,1.3494874895854945
Hydrophone,Branched,H2,No Leak,0.47 LPS,N,4,BR_NL_0.47 LPS_N_H2,-0.00020006508970154088,0.047094002260784244,0.0638340802063486,0.3305391630888401,0.0470944272178659,10.666666666666666,1.5185425839070632
Hydrophone,Branched,H2,No Leak,0.47 LPS,N,5,BR_NL_0.47 LPS_N_H2,-0.000511308118929882,0.05460887535188062,-0.03836880246527476,0.1407865612908119,0.05461126901281199,11.0,1.4836949914628066
Hydrophone,Branched,H2,No Leak,0.47 LPS,N,6,BR_NL_0.47 LPS_N_H2,-0.0001432236990881124,0.06759929929827839,-0.035457030296780774,-0.5683662963660119,0.06759945102326054,11.0,1.3620545986140014
Hydrophone,Branched,H2,No Leak,0.47 LPS,N,7,BR_NL_0.47 LPS_N_H2,0.00018165196688742547,0.07138014157333988,0.004213294706061935,-0.7379174298175268,0.07138037271174143,10.666666666666666,1.406391936936666
Hydrophone,Branched,H2,No Leak,0.47 LPS,N,8,BR_NL_0.47 LPS_N_H2,0.000715213588235357,0.07227038107352694,0.029084712190325525,-0.3290637933615361,0.07227391999185874,10.666666666666666,1.7201035802133433
Hydrophone,Branched,H2,No Leak,0.47 LPS,N,9,BR_NL_0.47 LPS_N_H2,0.000494698941156721,0.06904619314971751,-0.008152446083867648,0.03685763884371651,0.06904796532491367,11.0,1.3895550314150786
Hydrophone,Branched,H2,No Leak,0.47 LPS,N,10,BR_NL_0.47 LPS_N_H2,-0.0006797091146162269,0.057836553543934625,-0.02836305682983108,-0.004781260784903374,0.05784054745868947,11.666666666666666,1.609315927926579
Hydrophone,Branched,H2,No Leak,0.47 LPS,N,11,BR_NL_0.47 LPS_N_H2,-0.0005361231661302452,0.04999647827412997,-0.02803389421535262,-0.23124184065829745,0.04999935267445781,11.333333333333332,1.610628875992904
Hydrophone,Branched,H2,No Leak,0.47 LPS,N,12,BR_NL_0.47 LPS_N_H2,-0.00027326325645371866,0.05899723943159372,-0.018562165063411327,-0.3775830073460913,0.05899787227821123,11.333333333333332,1.385184145983097
Hydrophone,Branched,H2,No Leak,0.47 LPS,N,13,BR_NL_0.47 LPS_N_H2,0.0006530526737474491,0.06591630646424408,-0.012742159024267733,-0.981426680756686,0.06591954137949411,11.0,1.8690606860873544
Hydrophone,Branched,H2,No Leak,0.47 LPS,N,14,BR_NL_0.47 LPS_N_H2,0.00019685920129677885,0.05640379798101952,0.023805362475981896,-0.6713103731835965,0.056404141516636856,11.0,1.53821127137904
Hydrophone,Branched,H2,No Leak,0.47 LPS,N,15,BR_NL_0.47 LPS_N_H2,-9.961386289401442e-05,0.04002439010692487,0.06641002203108348,0.2979253275655509,0.04002451406766841,11.0,1.570386341535426
Hydrophone,Branched,H2,No Leak,0.47 LPS,N,16,BR_NL_0.47 LPS_N_H2,-7.820362618336178e-05,0.03350606014636585,0.14097214634669128,-0.35943658853606086,0.03350615141043558,20.0,1.9409197980534958
Hydrophone,Branched,H2,No Leak,0.47 LPS,N,17,BR_NL_0.47 LPS_N_H2,-0.00018768882811577133,0.03675160860149999,0.053805899352224434,-0.36414852986386403,0.03675208785761766,11.333333333333332,1.6899543205907188
Hydrophone,Branched,H2,No Leak,0.47 LPS,N,18,BR_NL_0.47 LPS_N_H2,0.0002677874373700983,0.04407665243989557,0.023554123086861042,-0.6743576081376719,0.044077465902873376,11.333333333333332,1.6888411261391696
Hydrophone,Branched,H2,No Leak,0.47 LPS,N,19,BR_NL_0.47 LPS_N_H2,0.0001282686681885771,0.05626967536597322,0.027240974008091154,-0.8239528815068589,0.05626982156221266,11.0,1.5838859585699394
Hydrophone,Branched,H2,No Leak,0.47 LPS,N,20,BR_NL_0.47 LPS_N_H2,-0.00012362763189291445,0.049766169173089556,0.0585808154556779,-0.1592157825467866,0.04976632272888903,10.666666666666666,1.5236475072649864
Hydrophone,Branched,H2,No Leak,0.47 LPS,N,21,BR_NL_0.47 LPS_N_H2,-8.749855442372871e-06,0.03404056612329989,0.05194093801847717,-0.38581625517596185,0.03404056724784008,11.0,1.7144848970826327
Hydrophone,Branched,H2,No Leak,0.47 LPS,N,22,BR_NL_0.47 LPS_N_H2,-0.0005410213160038684,0.040256098090697266,-0.12000550840130217,-0.37438018129563044,0.04025973345108249,11.0,2.0283192028145622
Hydrophone,Branched,H1,No Leak,ND,NN,0,BR_NL_ND_NN_H1,4.9582169219107486e-06,0.06796638094367685,-0.03364337336891796,-0.1378655687042829,0.06796638112453035,10.666666666666666,1.0395191198042193
Hydrophone,Branched,H1,No Leak,ND,NN,1,BR_NL_ND_NN_H1,-8.057754678393906e-05,0.08270670961694948,0.029034189545948264,0.7849360407162682,0.08270674886853824,11.0,0.9929743162490696
Hydrophone,Branched,H1,No Leak,ND,NN,2,BR_NL_ND_NN_H1,4.077387791858315e-05,0.08486590662189542,0.012795150423415032,0.6108576462765747,0.08486591641681242,11.333333333333332,0.8424289407037042
Hydrophone,Branched,H1,No Leak,ND,NN,3,BR_NL_ND_NN_H1,-0.00020430126138504652,0.09702558628696108,0.005421616397750763,0.13301415637028668,0.09702580137949872,15.666666666666666,0.6647567195978468
Hydrophone,Branched,H1,No Leak,ND,NN,4,BR_NL_ND_NN_H1,8.015829517982668e-06,0.09635202150502141,0.015319923389871254,0.12184630839642807,0.09635202183845253,15.666666666666666,0.5362102436179292
Hydrophone,Branched,H1,No Leak,ND,NN,5,BR_NL_ND_NN_H1,0.00034194460598634596,0.07129562348438932,-0.036634030814311394,-0.3474543400467591,0.07129644348872789,11.0,1.2399795903068667
Hydrophone,Branched,H1,No Leak,ND,NN,6,BR_NL_ND_NN_H1,-0.0005585981321213275,0.10870523180390648,0.00606008555187951,-0.26725305400985855,0.10870666701455918,11.0,1.3709217754865766
Hydrophone,Branched,H1,No Leak,ND,NN,7,BR_NL_ND_NN_H1,-0.0006701932847769819,0.11162261013893639,0.03349231909875854,-0.29603757909051653,0.11162462207446862,11.0,1.5656941294524345
Hydrophone,Branched,H1,No Leak,ND,NN,8,BR_NL_ND_NN_H1,0.0010322648174663175,0.08625147008156782,0.01648242030798206,-0.3643726417813884,0.08625764697628245,11.333333333333332,1.995918976264502
Hydrophone,Branched,H1,No Leak,ND,NN,9,BR_NL_ND_NN_H1,0.00020247066361566308,0.11022201039555228,-0.010692335725753767,-0.46626549485716406,0.11022219635811502,11.0,1.0198288992695288
Hydrophone,Branched,H1,No Leak,ND,NN,10,BR_NL_ND_NN_H1,-0.0007119677626117799,0.0997399734695745,0.00911926553530001,0.3279492078453896,0.09974251453520924,11.0,1.5593504105877212
Hydrophone,Branched,H1,No Leak,ND,NN,11,BR_NL_ND_NN_H1,0.00037160353503786956,0.059525137068404184,0.032256579372096895,-0.02346243074536325,0.05952629698040656,11.0,1.17638956215368
Hydrophone,Branched,H1,No Leak,ND,NN,12,BR_NL_ND_NN_H1,-7.472006422211767e-05,0.06375080626709166,0.0037449752754411376,-0.4491131156975916,0.0637508500554483,11.0,1.0717056804472582
Hydrophone,Branched,H1,No Leak,ND,NN,13,BR_NL_ND_NN_H1,-0.0003430839063304805,0.08032759109925608,0.007842621056721968,-0.420908292369627,0.08032832376177203,11.0,1.1738338867116052
Hydrophone,Branched,H1,No Leak,ND,NN,14,BR_NL_ND_NN_H1,0.00016550181494128346,0.08181291288150747,-0.013713756345079335,-0.44546437130336614,0.08181308028064875,11.0,1.0378100566026098
Hydrophone,Branched,H1,No Leak,ND,NN,15,BR_NL_ND_NN_H1,5.4906399175425095e-05,0.06268898767813903,0.0037841929900284876,-0.25970533301473564,0.06268901172312846,11.0,1.015170810221284
Hydrophone,Branched,H1,No Leak,ND,NN,16,BR_NL_ND_NN_H1,0.00032755761033772087,0.05650198369954157,0.04272666001126265,0.14575335707915293,0.05650293316254786,11.0,1.17790805095113
Hydrophone,Branched,H1,No Leak,ND,NN,17,BR_NL_ND_NN_H1,0.00020950061074647734,0.05171617610658904,-0.017194592084825176,0.008135046808005697,0.05171660044505666,11.0,1.1089180294945162
Hydrophone,Branched,H1,No Leak,ND,NN,18,BR_NL_ND_NN_H1,-0.00024248463052454664,0.06905826722661013,0.014559702855941086,0.22073080168920667,0.06905869294403083,11.0,1.0496723825353793
Hydrophone,Branched,H1,No Leak,ND,NN,19,BR_NL_ND_NN_H1,7.067918539510417e-05,0.08811206232037237,0.0016377903109136348,-0.44486416676974105,0.08811209066806004,11.0,0.9562953442197047
Hydrophone,Branched,H1,No Leak,ND,NN,20,BR_NL_ND_NN_H1,-0.00016612566879966735,0.06932396277885297,-0.010315358556602127,0.9488594060169975,0.06932416182761697,11.0,0.9963797023050279
Hydrophone,Branched,H1,No Leak,ND,NN,21,BR_NL_ND_NN_H1,-8.410703808052456e-05,0.02950269858963484,-0.05422250398197837,-0.3124920160185547,0.02950281847662518,59.0,2.771574097278147
Hydrophone,Branched,H1,No Leak,ND,NN,22,BR_NL_ND_NN_H1,7.016582419353169e-05,0.023755296727393786,-0.048885093428860465,-1.2464122078723365,0.02375540035127614,59.0,2.9469169782670877
Hydrophone,Branched,H2,No Leak,ND,NN,0,BR_NL_ND_NN_H2,1.967775433794705e-05,0.021235108804309292,-0.11773934421858767,-0.01096331924461813,0.021235117921614418,10.666666666666666,1.6744080860961341
Hydrophone,Branched,H2,No Leak,ND,NN,1,BR_NL_ND_NN_H2,1.2223034285845147e-05,0.027124769798584816,0.19725431988862374,1.2145588464259536,0.02712477255257242,11.0,2.496527312309566
Hydrophone,Branched,H2,No Leak,ND,NN,2,BR_NL_ND_NN_H2,1.3244142790612719e-05,0.0286407587680297,0.1128601032565021,0.7672517682680997,0.028640761830227013,11.333333333333332,1.7376344541867845
Hydrophone,Branched,H2,No Leak,ND,NN,3,BR_NL_ND_NN_H2,-0.00011271732858311236,0.0326524045453948,0.0004406572517503328,0.2686549139502814,0.03265259909704405,15.666666666666666,1.0392519089041607
Hydrophone,Branched,H2,No Leak,ND,NN,4,BR_NL_ND_NN_H2,8.006888839736104e-06,0.03230799912317261,0.049794082088763396,0.28715226555229423,0.0323080001153459,15.666666666666666,1.1507174458981901
Hydrophone,Branched,H2,No Leak,ND,NN,5,BR_NL_ND_NN_H2,0.00011615238207787517,0.023477136568946243,-0.1300895239517515,0.049650244745173655,0.023477423897285143,11.0,1.720776988955657
Hydrophone,Branched,H2,No Leak,ND,NN,6,BR_NL_ND_NN_H2,-0.00017891842379201496,0.033879061757505546,-0.06062648345957899,-0.20364041922817533,0.03387953419649165,11.0,1.388865375185644
Hydrophone,Branched,H2,No Leak,ND,NN,7,BR_NL_ND_NN_H2,-0.00017784726648380038,0.035020886394200465,0.06604672761386662,-0.31450154493980564,0.03502133797395084,11.0,1.3862885041066366
Hydrophone,Branched,H2,No Leak,ND,NN,8,BR_NL_ND_NN_H2,0.0002893352142658683,0.02832847583996909,0.1814043662026941,-0.36237174365268254,0.02832995337592222,11.333333333333332,1.9643485848578115
Hydrophone,Branched,H2,No Leak,ND,NN,9,BR_NL_ND_NN_H2,4.8095394759771244e-05,0.03477104373880129,0.0036539008989563302,-0.5044992633680789,0.03477107700162061,11.0,1.2743328460130523
Hydrophone,Branched,H2,No Leak,ND,NN,10,BR_NL_ND_NN_H2,-0.0002081158390423836,0.030799642845412454,0.0005793298720374215,0.41992438831353907,0.030800345965709977,11.0,1.270924639137187
Hydrophone,Branched,H2,No Leak,ND,NN,11,BR_NL_ND_NN_H2,9.200804345014931e-05,0.019686997539696428,0.06031592524761381,0.6289005913834718,0.019687212540328625,11.0,1.4925251153792576
Hydrophone,Branched,H2,No Leak,ND,NN,12,BR_NL_ND_NN_H2,-4.1372931766495926e-05,0.02137264735367185,0.014531429792994228,-0.013370356783345638,0.02137268739826368,11.0,1.3198861108763327
Hydrophone,Branched,H2,No Leak,ND,NN,13,BR_NL_ND_NN_H2,-8.906472354378622e-05,0.025799930891259752,0.050430921019077625,-0.5117548383261941,0.025800084622317795,11.0,1.395877740783087
Hydrophone,Branched,H2,No Leak,ND,NN,14,BR_NL_ND_NN_H2,2.9949470682023675e-05,0.026176230548688995,-0.020872187301840584,-0.5339406805926639,0.026176247681990502,11.0,1.3916753648276792
Hydrophone,Branched,H2,No Leak,ND,NN,15,BR_NL_ND_NN_H2,1.2588783193685079e-05,0.020453869652259083,-0.06504831093354434,-0.2686868188020992,0.020453873526280236,11.0,1.4970028444647057
Hydrophone,Branched,H2,No Leak,ND,NN,16,BR_NL_ND_NN_H2,0.00013174117897952865,0.019540870388574858,0.10065122774537288,-0.08789132011064904,0.019541314471685896,11.0,1.586022073267808
Hydrophone,Branched,H2,No Leak,ND,NN,17,BR_NL_ND_NN_H2,7.163753324590608e-05,0.01793756862940485,-0.04172222304636745,-0.008697827413997938,0.017937711678772696,11.0,1.3900083583619662
Hydrophone,Branched,H2,No Leak,ND,NN,18,BR_NL_ND_NN_H2,-1.0094458137290624e-05,0.022920606499846615,-0.07731769271661479,0.4067619075829847,0.0229206087226953,11.0,1.3675479197021758
Hydrophone,Branched,H2,No Leak,ND,NN,19,BR_NL_ND_NN_H2,1.181322172542737e-05,0.02801396962370235,0.05426428874442298,-0.055322243644201574,0.028013972114463267,11.0,1.3344000442670652
Hydrophone,Branched,H2,No Leak,ND,NN,20,BR_NL_ND_NN_H2,-9.187114529550705e-05,0.02052881125462462,0.1768967583749234,2.6268986609678393,0.020529016825833146,11.0,2.9792033863585203
Hydrophone,Branched,H2,No Leak,ND,NN,21,BR_NL_ND_NN_H2,-1.8174451296520034e-05,0.005860375198738435,0.0026321246761528126,0.9274136682813503,0.005860403380371395,11.0,1.4848253705957073
Hydrophone,Branched,H2,No Leak,ND,NN,22,BR_NL_ND_NN_H2,1.114237940012089e-05,0.0026379846390035587,-0.14330548612710528,0.15281627200814585,0.0026380081706161244,11.0,1.8922123716006163
Hydrophone,Branched,H1,No Leak,ND,N,0,BR_NL_ND_N_H1,-0.00012505300603384142,0.04401781275512019,-0.04190739691787839,2.827834438517561,0.04401799039028406,59.0,2.8218256161220068
Hydrophone,Branched,H1,No Leak,ND,N,1,BR_NL_ND_N_H1,-3.4726738981911795e-05,0.04248514281653135,-0.07088951494735479,3.0590073285294572,0.04248515700909513,59.0,2.8807297728645773
Hydrophone,Branched,H1,No Leak,ND,N,2,BR_NL_ND_N_H1,3.986739381367765e-06,0.03791160476839165,-0.03317028908932056,-0.5388265302281705,0.03791160497801205,59.0,3.035202687713109
Hydrophone,Branched,H1,No Leak,ND,N,3,BR_NL_ND_N_H1,-4.881842339300655e-05,0.03682021382739374,-0.010483413710501667,-0.25528898677193546,0.03682024619056016,59.0,2.9466417631923485
Hydrophone,Branched,H1,No Leak,ND,N,4,BR_NL_ND_N_H1,8.193802559902069e-05,0.02944487087625387,0.007183920553798293,-0.06698144382269389,0.029444984882986476,59.0,2.935256087757948
Hydrophone,Branched,H1,No Leak,ND,N,5,BR_NL_ND_N_H1,7.382383820969229e-06,0.03206571649282695,-0.036960528391554816,-0.4257909044069015,0.032065717342637835,59.0,3.031015747071924
Hydrophone,Branched,H1,No Leak,ND,N,6,BR_NL_ND_N_H1,-4.838591428794833e-05,0.03756433804754938,-0.004414847414011102,-0.634155973114285,0.03756436921002757,59.0,3.0566913352553597
Hydrophone,Branched,H1,No Leak,ND,N,7,BR_NL_ND_N_H1,7.801715684855603e-05,0.036684083417366106,-0.0056808403435406885,-0.5871018548925631,0.03668416637800344,59.0,3.0454106005183412
Hydrophone,Branched,H1,No Leak,ND,N,8,BR_NL_ND_N_H1,-1.6216389298647465e-05,0.04223503755231055,-0.018908627763433643,-0.08167629693321299,0.042235040665499116,59.0,2.877019640492603
Hydrophone,Branched,H1,No Leak,ND,N,9,BR_NL_ND_N_H1,0.00024256282922964774,0.048448329784333666,0.020658058955198667,0.022199732305719255,0.04844893699161703,59.0,2.8609417434455873
Hydrophone,Branched,H1,No Leak,ND,N,10,BR_NL_ND_N_H1,-2.2249054396610216e-05,0.04463149268705189,-0.02665667564536549,0.9138349156975383,0.04463149823269199,59.0,2.692223140403976
Hydrophone,Branched,H1,No Leak,ND,N,11,BR_NL_ND_N_H1,-0.00027398739243227407,0.04312577823003101,-0.06923325727244871,1.2779683350431306,0.04312664857181727,59.0,2.7421451560173318
Hydrophone,Branched,H1,No Leak,ND,N,12,BR_NL_ND_N_H1,6.86035566645647e-05,0.047922902683338466,0.0011433182205863803,0.06140629729569058,0.047922951787684326,58.666666666666664,2.798504949279037
Hydrophone,Branched,H1,No Leak,ND,N,13,BR_NL_ND_N_H1,-0.0001717554676090766,0.04778372892135312,0.0029124279076112457,-0.41651367968441644,0.0477840376022162,59.0,2.9598039244364895
Hydrophone,Branched,H1,No Leak,ND,N,14,BR_NL_ND_N_H1,6.477319148703774e-05,0.048079466120648645,-0.026315539444929183,-0.06917233069340512,0.04807950975221083,59.0,2.8544340633948324
Hydrophone,Branched,H1,No Leak,ND,N,15,BR_NL_ND_N_H1,0.00021153292067273714,0.04432799163094665,-0.014773069674046858,0.22193618673612248,0.04432849634501271,59.0,2.814872167396695
Hydrophone,Branched,H1,No Leak,ND,N,16,BR_NL_ND_N_H1,1.8054533182981873e-05,0.06434539659791853,0.009425495057290957,0.6803314431143201,0.06434539913085935,11.0,1.1212694457617842
Hydrophone,Branched,H1,No Leak,ND,N,17,BR_NL_ND_N_H1,-0.00024045521794648184,0.0715788797808562,0.004472539626437479,-0.1403233809296882,0.0715792836608058,59.0,2.8309905354626577
Hydrophone,Branched,H1,No Leak,ND,N,18,BR_NL_ND_N_H1,0.00013287825027583848,0.05450111530870724,-0.009412242337887948,-0.3455157905132462,0.054501277292577276,59.0,2.903532420410902
Hydrophone,Branched,H1,No Leak,ND,N,19,BR_NL_ND_N_H1,0.00022961549686286163,0.054723494566094266,-0.0352743017160501,0.047159198865826646,0.054723976288293855,56.666666666666664,2.67106928648752
Hydrophone,Branched,H1,No Leak,ND,N,20,BR_NL_ND_N_H1,-0.0006038369974999651,0.08117069697638138,-0.08662721894502329,0.7510257904151509,0.0811729429474568,10.666666666666666,1.4870993921837787
Hydrophone,Branched,H1,No Leak,ND,N,21,BR_NL_ND_N_H1,7.436739272954859e-05,0.07734911594162786,-0.11153118733099487,1.2067527621557277,0.07734915169192542,11.0,1.344816296947838
Hydrophone,Branched,H1,No Leak,ND,N,22,BR_NL_ND_N_H1,0.00045535118711751115,0.04293054586074531,-0.035997790514562894,-0.2771305213091879,0.042932960678308284,59.0,3.019497291691026
Hydrophone,Branched,H1,No Leak,ND,N,23,BR_NL_ND_N_H1,-8.74052470290325e-05,0.03582948880677761,-0.03885328503286976,-0.22436379647398486,0.03582959541820435,59.0,2.959823886001133
Hydrophone,Branched,H2,No Leak,ND,N,0,BR_NL_ND_N_H2,1.1606958159522212e-05,0.0032337140508608194,-0.3553391525710113,1.2396103665343388,0.0032337348815591554,27.0,3.3103742264348863
Hydrophone,Branched,H2,No Leak,ND,N,1,BR_NL_ND_N_H2,-1.3040852056437416e-06,0.003232548768313897,-0.3553793385472791,1.3278266688051374,0.0032325490313630076,27.0,3.302623990398673
Hydrophone,Branched,H2,No Leak,ND,N,2,BR_NL_ND_N_H2,-1.6406806991562955e-05,0.006712105009375097,0.17405858928802012,2.493553458785053,0.006712125061423836,26.666666666666664,2.54392092109982
Hydrophone,Branched,H2,No Leak,ND,N,3,BR_NL_ND_N_H2,-7.0745466465015034e-06,0.0075372725909657315,0.19562211469117474,0.9508439949161525,0.007537275911079115,27.0,2.4284747904998683
Hydrophone,Branched,H2,No Leak,ND,N,4,BR_NL_ND_N_H2,1.6127203893085944e-05,0.004369205389058323,0.3580340491788142,1.9258810823614727,0.004369235152573239,37.666666666666664,3.9370440694355016
Hydrophone,Branched,H2,No Leak,ND,N,5,BR_NL_ND_N_H2,-3.4104157214225976e-06,0.0038643926950419414,-0.1948932429889792,4.374662874880186,0.003864394199926932,27.666666666666664,2.8227251558821935
Hydrophone,Branched,H2,No Leak,ND,N,6,BR_NL_ND_N_H2,-2.1397059492420565e-06,0.004826489956988975,-0.08477373667162734,1.4812425296637484,0.004826490431282029,11.0,1.8618326330421204
Hydrophone,Branched,H2,No Leak,ND,N,7,BR_NL_ND_N_H2,1.6818600654345242e-05,0.003974429452725795,-0.06142872593317147,1.0755018843497481,0.003974465038218632,15.333333333333332,1.647905198949348
Hydrophone,Branched,H2,No Leak,ND,N,8,BR_NL_ND_N_H2,7.075286371770619e-06,0.004363198085490193,-0.026412390283894735,3.07563304510424,0.004363203822067281,15.333333333333332,2.112189173270877
Hydrophone,Branched,H2,No Leak,ND,N,9,BR_NL_ND_N_H2,4.608381407615845e-05,0.008820558797873154,0.5702000063470776,2.9945159506488244,0.00882067918159692,15.333333333333332,5.937530153374506
Hydrophone,Branched,H2,No Leak,ND,N,10,BR_NL_ND_N_H2,-2.0954215207816967e-05,0.008838823488601554,0.555497521413413,2.8921868838760494,0.008838848326665049,11.0,5.8450218242465155
Hydrophone,Branched,H2,No Leak,ND,N,11,BR_NL_ND_N_H2,-5.1733304292336785e-05,0.004410296430443055,-0.27138375532729514,1.6704097928416877,0.0044105998389280055,11.0,2.828657950755452
Hydrophone,Branched,H2,No Leak,ND,N,12,BR_NL_ND_N_H2,1.670034808268266e-05,0.0033594864095930744,-0.16592628642172688,0.5382696664572024,0.0033595279188997147,27.0,2.0325820445887364
Hydrophone,Branched,H2,No Leak,ND,N,13,BR_NL_ND_N_H2,-4.084859496188161e-05,0.007885128653582377,-0.360433827857202,4.007990755861122,0.00788523446013219,15.333333333333332,3.7253706490541685
Hydrophone,Branched,H2,No Leak,ND,N,14,BR_NL_ND_N_H2,3.528121876054293e-05,0.010982803942057067,-0.2185674337314795,0.47712634735423665,0.010982860610699812,11.0,2.4971090993547658
Hydrophone,Branched,H2,No Leak,ND,N,15,BR_NL_ND_N_H2,5.7260751699328465e-05,0.00950872194354076,-0.14626194169041795,0.3519813928991815,0.009508894351777116,15.666666666666666,1.9847247431580817
Hydrophone,Branched,H2,No Leak,ND,N,16,BR_NL_ND_N_H2,-4.092392692263899e-06,0.014008095806326627,0.09288898901270501,1.8869347015848117,0.014008096404112286,11.0,2.1116906695726274
Hydrophone,Branched,H2,No Leak,ND,N,17,BR_NL_ND_N_H2,-6.374186583805846e-05,0.014080194287438702,0.08751498197249037,1.8133396553022703,0.01408033856828315,11.0,2.065770833131752
Hydrophone,Branched,H2,No Leak,ND,N,18,BR_NL_ND_N_H2,3.334131231803955e-05,0.008689479248926131,-0.33911541090937986,1.019551013670572,0.008689543213577162,11.0,3.3208788748894578
Hydrophone,Branched,H2,No Leak,ND,N,19,BR_NL_ND_N_H2,4.7541369789226866e-05,0.009809602132229638,-0.007606436298389599,1.4594699474786959,0.009809717334076741,11.0,1.7517557082714519
Hydrophone,Branched,H2,No Leak,ND,N,20,BR_NL_ND_N_H2,-0.00018734106066245815,0.021811871632783204,-0.17324059224437738,2.561302279829291,0.021812676149386683,10.666666666666666,2.28312404575581
Hydrophone,Branched,H2,No Leak,ND,N,21,BR_NL_ND_N_H2,3.4553239453777694e-05,0.022260489040105268,-0.18285495903341123,2.1524401332131413,0.022260515857252805,11.0,2.209524346481166
Hydrophone,Branched,H2,No Leak,ND,N,22,BR_NL_ND_N_H2,0.00015733189556867155,0.010447080864441622,0.014549165124141717,0.42194756920692855,0.010448265497849179,10.666666666666666,1.7991717261695868
Hydrophone,Branched,H2,No Leak,ND,N,23,BR_NL_ND_N_H2,-8.913329228106699e-06,0.007176551898136684,-0.5337815223936011,2.166146758804958,0.007176557433344149,11.0,4.871914255462738
Hydrophone,Branched,H1,No Leak,Transient,NN,0,BR_NL_Transient_NN_H1,-0.0006221470744361278,0.15626222369937343,-0.05418002733429997,-0.4763405664778855,0.15626346221191711,12.0,1.6778027798210708
Hydrophone,Branched,H1,No Leak,Transient,NN,1,BR_NL_Transient_NN_H1,0.0005031170459637164,0.12651270716935395,-0.05110054539968579,-0.6168991406758799,0.12651370756594182,11.333333333333332,1.508541287317821
Hydrophone,Branched,H1,No Leak,Transient,NN,2,BR_NL_Transient_NN_H1,-0.0002343867985748198,0.12765906868019292,-0.044040443639098585,-0.40622849093078006,0.12765928385145187,10.666666666666666,1.1947135273154657
Hydrophone,Branched,H1,No Leak,Transient,NN,3,BR_NL_Transient_NN_H1,0.0007936433985577489,0.14193777516107334,0.05081095438898679,-0.47464960467676587,0.14193999396758997,12.0,1.6461851245824237
Hydrophone,Branched,H1,No Leak,Transient,NN,4,BR_NL_Transient_NN_H1,0.0005934618852085579,0.14234374958861792,-0.025759668695606246,-0.23032797497997004,0.14234498671873327,11.333333333333332,1.4522318806112793
Hydrophone,Branched,H1,No Leak,Transient,NN,5,BR_NL_Transient_NN_H1,0.0005464322163774683,0.14857553871240473,-0.07682122279147315,-0.2830057824185981,0.1485765435452325,10.666666666666666,1.6672406982556263
Hydrophone,Branched,H1,No Leak,Transient,NN,6,BR_NL_Transient_NN_H1,0.00017471912238968792,0.1550620518400905,0.006301798106906004,-0.5783610427596746,0.1550621502741099,11.0,1.1683233467757035
Hydrophone,Branched,H1,No Leak,Transient,NN,7,BR_NL_Transient_NN_H1,-0.00010430016886077897,0.14579329572790417,0.040749105649285494,-0.5967970164263527,0.14579333303594286,11.0,1.1108734270031846
Hydrophone,Branched,H1,No Leak,Transient,NN,8,BR_NL_Transient_NN_H1,0.00020373260636046898,0.1314855692089669,0.02873534446742993,-0.47375045736929655,0.13148572704739062,15.333333333333332,0.8069471640817223
Hydrophone,Branched,H1,No Leak,Transient,NN,9,BR_NL_Transient_NN_H1,-0.0008050331288942792,0.13921542322678607,-0.06330735323320338,-0.4923261312612537,0.13921775081702686,11.333333333333332,1.8959348336392203
Hydrophone,Branched,H1,No Leak,Transient,NN,10,BR_NL_Transient_NN_H1,0.00020238528655552987,0.153534118026022,-0.02716202001065633,-0.37410266546517645,0.15353425141587354,10.666666666666666,1.213200386060133
Hydrophone,Branched,H1,No Leak,Transient,NN,11,BR_NL_Transient_NN_H1,-0.0006151882091672356,0.1410393099773942,0.038416110430833914,-0.055961951759204265,0.14104065164140508,10.666666666666666,1.5495882769225469
Hydrophone,Branched,H1,No Leak,Transient,NN,12,BR_NL_Transient_NN_H1,-0.0005717294787103022,0.11523061969586286,0.046743902606754435,-0.4293902054545691,0.11523203803669102,11.333333333333332,1.4554699192469935
Hydrophone,Branched,H1,No Leak,Transient,NN,13,BR_NL_Transient_NN_H1,-1.112456446096514e-05,0.10755538065162802,0.0030408299554706116,-0.3689088478493838,0.10755538122694062,11.0,0.9078616496745813
Hydrophone,Branched,H1,No Leak,Transient,NN,14,BR_NL_Transient_NN_H1,-0.00037420191110402643,0.2292291788712083,-0.051107567692264634,4.361018939154395,0.22922948430129728,20.0,2.7363902119283465
Hydrophone,Branched,H1,No Leak,Transient,NN,15,BR_NL_Transient_NN_H1,0.0007349512639294896,0.2637969020528977,-0.12431826987527862,2.2269442320389947,0.26379792585626305,15.666666666666666,2.5883599724520936
Hydrophone,Branched,H1,No Leak,Transient,NN,16,BR_NL_Transient_NN_H1,0.00040602681648234097,0.15387868530169088,-0.4229371721348932,6.241492053527493,0.1538792209752588,15.666666666666666,3.55493598132464
Hydrophone,Branched,H1,No Leak,Transient,NN,17,BR_NL_Transient_NN_H1,-0.00020671567390250837,0.03154028272230912,-0.11984295060801146,1.1354819700105399,0.031540960124463994,11.0,1.4121722750644832
Hydrophone,Branched,H1,No Leak,Transient,NN,18,BR_NL_Transient_NN_H1,-4.9672904493919e-05,0.019753317201593523,-0.0795000807628303,-0.7386707949665308,0.019753379656762826,58.666666666666664,2.896715279545022
Hydrophone,Branched,H1,No Leak,Transient,NN,19,BR_NL_Transient_NN_H1,-3.370155963872412e-05,0.01987975256274639,-0.05530729492286959,-0.8592249148741544,0.01987978112935713,59.0,2.8935430529999295
Hydrophone,Branched,H1,No Leak,Transient,NN,20,BR_NL_Transient_NN_H1,-0.00012190177508105915,0.020073549400679857,-0.05808100710250049,-0.7221607436843436,0.020073919537158223,58.666666666666664,2.85972019595797
Hydrophone,Branched,H1,No Leak,Transient,NN,21,BR_NL_Transient_NN_H1,-7.679264423868824e-05,0.027070401048865975,-0.1514324528109476,0.8855998070347058,0.027070509970383884,59.0,2.8414426543471585
Hydrophone,Branched,H1,No Leak,Transient,NN,22,BR_NL_Transient_NN_H1,0.00010259096852279814,0.027352533738974907,-0.134537242510843,0.7704089881126785,0.02735272613193396,11.333333333333332,1.5346136405148836
Hydrophone,Branched,H1,No Leak,Transient,NN,23,BR_NL_Transient_NN_H1,7.039136566393489e-05,0.020737913094923354,0.01428051759870124,-0.5953509858058794,0.020738032560417917,58.666666666666664,2.7949205128941528
Hydrophone,Branched,H1,No Leak,Transient,NN,24,BR_NL_Transient_NN_H1,-3.772130467368462e-06,0.026331648843916727,0.0015493303342826515,0.3049395599089375,0.02633164911410429,59.0,2.7542030634542076
Hydrophone,Branched,H1,No Leak,Transient,NN,25,BR_NL_Transient_NN_H1,0.00010170703599622776,0.02918622290888208,0.00448262978625696,0.13425885940881033,0.02918640012074329,59.0,2.7438968615426056
Hydrophone,Branched,H1,No Leak,Transient,NN,26,BR_NL_Transient_NN_H1,1.9983055913582238e-05,0.0265351081156455,-0.02254367970599687,0.006636857066577573,0.026535115640063056,11.333333333333332,1.2558025901277379
Hydrophone,Branched,H1,No Leak,Transient,NN,27,BR_NL_Transient_NN_H1,0.0002590132542329582,0.035876665102110766,-0.07059451929386402,2.1863749505379033,0.035877600069052565,11.0,1.485472689294829
Hydrophone,Branched,H1,No Leak,Transient,NN,28,BR_NL_Transient_NN_H1,-0.00021142257100443434,0.046530809875528024,-0.019251559822410964,0.9696995362906247,0.04653129019462137,11.0,1.1585955421712828
Hydrophone,Branched,H2,No Leak,Transient,NN,0,BR_NL_Transient_NN_H2,-0.00018864741769992772,0.05216763805158662,-0.046240632488061956,-0.34213091343173296,0.05216797914170678,12.0,1.2207795325705435
Hydrophone,Branched,H2,No Leak,Transient,NN,1,BR_NL_Transient_NN_H2,0.0003097985529549949,0.04200105180533303,0.026402469615749935,-0.27611584870654493,0.04200219432241228,11.333333333333332,1.2503849776328344
Hydrophone,Branched,H2,No Leak,Transient,NN,2,BR_NL_Transient_NN_H2,-0.00018491396330136422,0.04222097826962764,-0.0585466592782508,-0.404360852296366,0.042221383198779654,10.666666666666666,1.401217788567531
Hydrophone,Branched,H2,No Leak,Transient,NN,3,BR_NL_Transient_NN_H2,6.07517362638903e-05,0.04682616862367908,-0.013828550787119165,-0.5090564831413391,0.046826208032966825,12.0,1.169885250085347
Hydrophone,Branched,H2,No Leak,Transient,NN,4,BR_NL_Transient_NN_H2,0.00017836681456789827,0.0459963656788555,0.004780053828569933,-0.36937896776408685,0.045996711517058864,11.333333333333332,1.1686544851247571
Hydrophone,Branched,H2,No Leak,Transient,NN,5,BR_NL_Transient_NN_H2,0.000248124578574624,0.046683001906681926,0.0244239045049072,-0.4409246382544998,0.04668366130484799,10.666666666666666,1.2329670121610212
Hydrophone,Branched,H2,No Leak,Transient,NN,6,BR_NL_Transient_NN_H2,0.00015912066126919208,0.05055833348234166,0.04185366290829579,-0.607256285023817,0.05055858387946118,11.0,1.1958434432035685
Hydrophone,Branched,H2,No Leak,Transient,NN,7,BR_NL_Transient_NN_H2,5.1345607551493277e-05,0.049038628647807385,0.0858273865949243,-0.43637004118654543,0.049038655528358135,11.0,1.2877991923068546
Hydrophone,Branched,H2,No Leak,Transient,NN,8,BR_NL_Transient_NN_H2,5.332890374482572e-05,0.04410957237719001,0.08805418336108058,-0.22428544700948505,0.044109604614760926,15.333333333333332,1.1967060794876259
Hydrophone,Branched,H2,No Leak,Transient,NN,9,BR_NL_Transient_NN_H2,-0.00037577237369608,0.0455000433907283,0.05376095638471379,-0.2128924195358728,0.04550159506473363,11.333333333333332,1.4127882432853118
Hydrophone,Branched,H2,No Leak,Transient,NN,10,BR_NL_Transient_NN_H2,1.1703007837885027e-05,0.04898694776349025,0.036178982753331965,-0.14568857598755924,0.04898694916141762,11.333333333333332,1.1038974699675987
Hydrophone,Branched,H2,No Leak,Transient,NN,11,BR_NL_Transient_NN_H2,-0.00022485674594243377,0.04623815659916131,0.02987832233792312,-0.03639915247895864,0.04623870333654222,10.666666666666666,1.233701964635957
Hydrophone,Branched,H2,No Leak,Transient,NN,12,BR_NL_Transient_NN_H2,-0.00012311978174542603,0.03918259468985365,0.06219511323375539,-0.20179315565350864,0.0391827881232309,11.333333333333332,1.2972182490601936
Hydrophone,Branched,H2,No Leak,Transient,NN,13,BR_NL_Transient_NN_H2,-2.7436675924037498e-05,0.035354055370378654,0.02019745138545088,-0.3381051823749397,0.035354066016555795,11.0,1.2361018633271232
Hydrophone,Branched,H2,No Leak,Transient,NN,14,BR_NL_Transient_NN_H2,-0.0004429345826993969,0.09176275338177686,-0.3646937145138808,5.697977404060005,0.09176382238796156,16.0,2.9633534924916116
Hydrophone,Branched,H2,No Leak,Transient,NN,15,BR_NL_Transient_NN_H2,0.00039156179706057625,0.11307629922231617,-0.1583370039979446,2.101875085105629,0.11307697717243637,20.333333333333332,1.3209032219433943
Hydrophone,Branched,H2,No Leak,Transient,NN,16,BR_NL_Transient_NN_H2,0.00038657552209069615,0.07159786235835357,0.19257966694747664,5.32693878421056,0.07159890596175351,20.333333333333332,4.291604875744701
Hydrophone,Branched,H2,No Leak,Transient,NN,17,BR_NL_Transient_NN_H2,-0.00021870407538371716,0.012480694541025582,-0.09799387653913041,6.360764488111439,0.012482610612326864,6.666666666666666,3.562038417430491
Hydrophone,Branched,H2,No Leak,Transient,NN,18,BR_NL_Transient_NN_H2,1.7084581180062305e-05,0.0041522473518425425,0.13859218531100673,1.1142367377744504,0.004152282499276453,6.666666666666666,2.290189613616192
Hydrophone,Branched,H2,No Leak,Transient,NN,19,BR_NL_Transient_NN_H2,3.9008034065585134e-05,0.0027906304325290435,-0.165723840649089,-0.19202419033728413,0.0027909030505696352,6.666666666666666,2.267768822852491
Hydrophone,Branched,H2,No Leak,Transient,NN,20,BR_NL_Transient_NN_H2,-3.545748420483898e-05,0.0030958796072545064,-0.4580219343879297,1.1334455911369927,0.0030960826500273622,11.0,3.905637883715744
Hydrophone,Branched,H2,No Leak,Transient,NN,21,BR_NL_Transient_NN_H2,-3.3474383623088325e-05,0.00782115577944082,-0.6437521044651383,3.43371840934209,0.007821227413944662,11.0,4.906754889790898
Hydrophone,Branched,H2,No Leak,Transient,NN,22,BR_NL_Transient_NN_H2,3.469804360690038e-05,0.007761296262365751,-0.6418372086968441,3.6306811732705846,0.007761373823392525,11.333333333333332,4.872718635292353
Hydrophone,Branched,H2,No Leak,Transient,NN,23,BR_NL_Transient_NN_H2,3.020908333773238e-05,0.003937410632733197,-0.3506720276717376,1.809926156201474,0.003937526517939472,15.666666666666666,2.8338849302817626
Hydrophone,Branched,H2,No Leak,Transient,NN,24,BR_NL_Transient_NN_H2,2.3607353545074614e-05,0.008161051282074741,0.2619410922109554,2.29193679673695,0.008161085426326278,15.666666666666666,3.4721507982404636
Hydrophone,Branched,H2,No Leak,Transient,NN,25,BR_NL_Transient_NN_H2,2.04592190514958e-05,0.009296438384569113,0.3470296543041025,0.9805631520488305,0.009296460897445553,15.666666666666666,3.6486413582814556
Hydrophone,Branched,H2,No Leak,Transient,NN,26,BR_NL_Transient_NN_H2,-1.6825402672626033e-05,0.007216695459183457,0.2143926530898097,0.5845006284015204,0.007216715072993683,11.333333333333332,2.534599933926129
Hydrophone,Branched,H2,No Leak,Transient,NN,27,BR_NL_Transient_NN_H2,9.82545500868133e-05,0.011095759826774446,-0.024238843277768086,3.761634001079096,0.01109619484733728,11.0,2.3751269508303197
Hydrophone,Branched,H2,No Leak,Transient,NN,28,BR_NL_Transient_NN_H2,-7.815667799369632e-05,0.01616555695318616,-0.002779128179006241,1.2691976115457146,0.016165745886689557,11.0,1.4471506846856967
Hydrophone,Branched,H1,No Leak,Transient,N,0,BR_NL_Transient_N_H1,0.0007396068750906739,0.1720353645365818,-0.00911930065085227,-0.4986926034824166,0.1720369543719147,11.333333333333332,1.6602952067890668
Hydrophone,Branched,H1,No Leak,Transient,N,1,BR_NL_Transient_N_H1,0.0022240802392751832,0.18066197123466274,0.015653221096257424,-0.7875332888388709,0.18067566073853125,11.333333333333332,3.813247738779036
Hydrophone,Branched,H1,No Leak,Transient,N,2,BR_NL_Transient_N_H1,-0.002466511666196029,0.20775734000937715,0.030124169710114553,-0.6468939648870196,0.20777198080485113,11.666666666666666,4.273513129923279
Hydrophone,Branched,H1,No Leak,Transient,N,3,BR_NL_Transient_N_H1,-0.0018687297465700633,0.19555053595247834,-0.030236226600482082,-0.43182011403560017,0.19555946477265487,11.0,3.327897965370018
Hydrophone,Branched,H1,No Leak,Transient,N,4,BR_NL_Transient_N_H1,0.0012185080064074135,0.15792998830827254,-0.007208180042486973,-0.8154049041131577,0.15793468893442245,10.666666666666666,2.2889361222294125
Hydrophone,Branched,H1,No Leak,Transient,N,5,BR_NL_Transient_N_H1,0.0006069428567901616,0.1580779743712538,0.005931019915574222,-0.450224483040095,0.15807913955025873,11.333333333333332,1.4294493319324493
Hydrophone,Branched,H1,No Leak,Transient,N,6,BR_NL_Transient_N_H1,-0.0002391382293128658,0.14691317440460316,-0.03174868239193316,-0.11177205250254607,0.14691336903335267,11.333333333333332,1.003790945919531
Hydrophone,Branched,H1,No Leak,Transient,N,7,BR_NL_Transient_N_H1,-0.0009226582974796029,0.14958509205030446,0.045374698085555304,-0.20494602086901192,0.1495879375552453,11.333333333333332,1.803447662795113
Hydrophone,Branched,H1,No Leak,Transient,N,8,BR_NL_Transient_N_H1,0.0003185701746193117,0.14028291413395136,0.04532464907279828,0.05088475762351008,0.14028327585592562,11.333333333333332,1.1180462600289658
Hydrophone,Branched,H1,No Leak,Transient,N,9,BR_NL_Transient_N_H1,0.0007793653946347539,0.11302419454564543,0.0017253630143545967,-0.3923979345954858,0.11302688159508895,11.666666666666666,1.5631250522529747
Hydrophone,Branched,H1,No Leak,Transient,N,10,BR_NL_Transient_N_H1,-0.0002911285862041088,0.10738755751224363,-0.0015410091270358953,-0.2864298658083744,0.10738795213756122,11.333333333333332,1.0035814673491668
Hydrophone,Branched,H1,No Leak,Transient,N,11,BR_NL_Transient_N_H1,-0.00032631048289020554,0.12213254217387957,-0.029995277585712653,-0.20682811253008593,0.12213297808694308,11.333333333333332,1.0070602690733985
Hydrophone,Branched,H1,No Leak,Transient,N,12,BR_NL_Transient_N_H1,0.0015621088202815037,0.13898110299359834,-0.00296873609869121,-0.22134115955131772,0.138989881550002,11.0,2.6928472539751485
Hydrophone,Branched,H1,No Leak,Transient,N,13,BR_NL_Transient_N_H1,-0.0006863796774338139,0.15236513848551034,0.02888893682015675,0.13287627908075805,0.15236668449096846,10.666666666666666,1.500413564527918
Hydrophone,Branched,H1,No Leak,Transient,N,14,BR_NL_Transient_N_H1,-0.0014529457858513887,0.1544419970035603,0.017880082277522885,-0.2620243680117431,0.15444883129989798,12.0,2.523682705505423
Hydrophone,Branched,H1,No Leak,Transient,N,15,BR_NL_Transient_N_H1,-0.00038472126582819044,0.13960640644481898,0.02391518529664797,-0.7477320865920598,0.13960693654288234,11.333333333333332,1.221192722721952
Hydrophone,Branched,H1,No Leak,Transient,N,16,BR_NL_Transient_N_H1,-0.000382531223551353,0.1783324198534367,0.026541236609959974,-0.7987424171494131,0.17833283012647844,11.0,1.4301571938727764
Hydrophone,Branched,H1,No Leak,Transient,N,17,BR_NL_Transient_N_H1,1.8253878780263005e-05,0.2278540756573475,-0.27680508788285024,1.7951384097385672,0.22785407638852617,11.0,3.2524505301387223
Hydrophone,Branched,H1,No Leak,Transient,N,18,BR_NL_Transient_N_H1,0.000856463590416843,0.205509022670132,-0.3971600816176349,3.7526279843866206,0.20551080732826324,11.333333333333332,4.647789780427336
Hydrophone,Branched,H1,No Leak,Transient,N,19,BR_NL_Transient_N_H1,0.0008106898719375168,0.11451228233586319,-0.007673675264382303,2.1001949334725385,0.1145151519399809,11.333333333333332,1.9906749633833338
Hydrophone,Branched,H1,No Leak,Transient,N,20,BR_NL_Transient_N_H1,-0.0002507975898799566,0.03627720504902,-0.04813122308526819,0.20832260221802423,0.03627807196640599,11.0,1.5157789340073615
Hydrophone,Branched,H1,No Leak,Transient,N,21,BR_NL_Transient_N_H1,7.050739396547172e-05,0.031490261472128765,0.03378506984949795,-0.24980211193307644,0.03149034040583939,58.666666666666664,2.970635470515835
Hydrophone,Branched,H1,No Leak,Transient,N,22,BR_NL_Transient_N_H1,-0.00010951282779840998,0.04361960431926747,-0.004065639628543741,2.3031037545564805,0.04361974179232277,58.666666666666664,2.720902874365549
Hydrophone,Branched,H1,No Leak,Transient,N,23,BR_NL_Transient_N_H1,4.910379877576265e-05,0.04262438993274474,-0.02118589832692648,2.7053416594077726,0.04262441821681236,58.666666666666664,2.7756162874484893
Hydrophone,Branched,H1,No Leak,Transient,N,24,BR_NL_Transient_N_H1,9.352076673455856e-05,0.02967849564880996,-0.008676631673876842,-0.10343390911866823,0.029678642996441774,59.0,2.9407680661680127
Hydrophone,Branched,H1,No Leak,Transient,N,25,BR_NL_Transient_N_H1,-6.664863126617764e-05,0.03284296405964333,0.019965591773900452,-0.13632900669841552,0.032843031685017635,59.0,2.944803690279908
Hydrophone,Branched,H1,No Leak,Transient,N,26,BR_NL_Transient_N_H1,-1.1508037327027284e-06,0.03440424638838152,0.030379039980454766,-0.41439454875170734,0.03440424640762841,58.666666666666664,2.9969563041078837
Hydrophone,Branched,H1,No Leak,Transient,N,27,BR_NL_Transient_N_H1,-3.981813688443012e-05,0.02793859542002569,-0.03810678560701486,-0.4819602350379144,0.02793862379445175,58.666666666666664,3.0511020042930284
Hydrophone,Branched,H1,No Leak,Transient,N,28,BR_NL_Transient_N_H1,0.00023441499303126064,0.04676542628052847,-0.07505565847261086,0.9522910794666899,0.04676601378766957,11.0,1.4287827340464865
Hydrophone,Branched,H1,No Leak,Transient,N,29,BR_NL_Transient_N_H1,5.13569440992138e-06,0.08064865232683546,-0.03878987520742725,-0.368690369655444,0.0806486524903556,11.0,1.159077288759322
Hydrophone,Branched,H1,No Leak,Transient,N,30,BR_NL_Transient_N_H1,-0.0002795540177530576,0.07772604199089601,-0.027493012914263773,-0.1844103021736907,0.07772654471941598,11.0,1.1753273992372701
Hydrophone,Branched,H1,No Leak,Transient,N,31,BR_NL_Transient_N_H1,0.00046044601565261976,0.06496315463216079,-0.04878760442469695,0.14463105240460594,0.0649647863868986,11.0,1.4116030370564805
Hydrophone,Branched,H1,No Leak,Transient,N,32,BR_NL_Transient_N_H1,-0.0004469764570904282,0.0997388498164364,-0.008540623095076551,-0.3234817100206393,0.0997398513667373,11.0,1.1904059450763187
Hydrophone,Branched,H1,No Leak,Transient,N,33,BR_NL_Transient_N_H1,-0.0008381493303317466,0.09385000234331697,-0.003705603007788004,0.0293932647358095,0.09385374491271266,11.333333333333332,1.5916312694731307
Hydrophone,Branched,H1,No Leak,Transient,N,34,BR_NL_Transient_N_H1,0.0004415137406885853,0.06489537098094805,-0.052961311335147164,-0.16041152669632242,0.06489687287641902,11.333333333333332,1.4581610759379415
Hydrophone,Branched,H1,No Leak,Transient,N,35,BR_NL_Transient_N_H1,0.00046549562346927806,0.07313167873593569,-0.027463243116748387,-0.12600840025571491,0.07313316020049712,15.666666666666666,1.1969139277936922
Hydrophone,Branched,H1,No Leak,Transient,N,36,BR_NL_Transient_N_H1,1.4592725148609617e-05,0.06211126595292281,-0.03257401960613659,0.7765618400975831,0.06211126766716596,15.666666666666666,0.8670650754832021
Hydrophone,Branched,H1,No Leak,Transient,N,37,BR_NL_Transient_N_H1,0.0002927963771643355,0.07045121586355516,0.01239491412035319,0.5032574595703592,0.07045182429413539,11.333333333333332,1.1656303543309035
Hydrophone,Branched,H1,No Leak,Transient,N,38,BR_NL_Transient_N_H1,-0.0005814224496874902,0.10916320945364354,0.005776705339512426,-0.20454929263354238,0.10916475782176704,11.0,1.278452624426648
Hydrophone,Branched,H2,No Leak,Transient,N,0,BR_NL_Transient_N_H2,0.00021623299823821706,0.054439340178415445,-0.03208815518548478,-0.4808118979332563,0.05443976961533512,11.333333333333332,1.4799782568245656
Hydrophone,Branched,H2,No Leak,Transient,N,1,BR_NL_Transient_N_H2,0.00080055825062017,0.05770118696121278,-0.007497470971270359,-0.745747437058554,0.05770674024969239,11.333333333333332,1.9889919787160877
Hydrophone,Branched,H2,No Leak,Transient,N,2,BR_NL_Transient_N_H2,-0.0008151892559936921,0.06674415632864505,-0.0102242721695739,-0.6422948780670086,0.06674913435802518,11.666666666666666,1.8489435199006687
Hydrophone,Branched,H2,No Leak,Transient,N,3,BR_NL_Transient_N_H2,-0.000572464451489989,0.06101268362410082,-0.023449474182228272,-0.37346295933286866,0.06101536919959462,11.0,1.5908437883454332
Hydrophone,Branched,H2,No Leak,Transient,N,4,BR_NL_Transient_N_H2,0.00044881153627622674,0.049270395484778434,0.06783482078312952,-0.6039488348632465,0.049272439588694705,10.666666666666666,1.8401277461188632
Hydrophone,Branched,H2,No Leak,Transient,N,5,BR_NL_Transient_N_H2,1.7709251242052786e-05,0.051555732203848605,0.02456911071470051,-0.28481912229496764,0.05155573524538789,11.333333333333332,1.4056717680690378
Hydrophone,Branched,H2,No Leak,Transient,N,6,BR_NL_Transient_N_H2,-0.00020875331551219975,0.04806776571544121,-0.014124509149899619,-0.11977041888599693,0.04806821901029082,11.333333333333332,1.3940350855678687
Hydrophone,Branched,H2,No Leak,Transient,N,7,BR_NL_Transient_N_H2,-0.00023536239245743924,0.04877703329683641,0.04632122271085328,-0.0956548120984686,0.048777601137166136,11.333333333333332,1.4807566552436062
Hydrophone,Branched,H2,No Leak,Transient,N,8,BR_NL_Transient_N_H2,0.00026842178140478406,0.045075918707997764,0.040402066166077194,0.3010556065377856,0.04507671791094328,11.333333333333332,1.4777013708470543
Hydrophone,Branched,H2,No Leak,Transient,N,9,BR_NL_Transient_N_H2,0.0002836866046936412,0.03623196663830322,-0.07847360159772666,-0.4846264204434987,0.036233077216388895,11.666666666666666,1.8066567735052899
Hydrophone,Branched,H2,No Leak,Transient,N,10,BR_NL_Transient_N_H2,-0.00018727148742771763,0.03447336216650801,-0.03179825633230917,-0.3746698331808789,0.03447387082520948,11.333333333333332,1.6399342576542724
Hydrophone,Branched,H2,No Leak,Transient,N,11,BR_NL_Transient_N_H2,-5.177582549722381e-05,0.03963475574460779,0.0005077079983133602,0.10577394039151322,0.039634789562590415,11.333333333333332,1.4124129252797106
Hydrophone,Branched,H2,No Leak,Transient,N,12,BR_NL_Transient_N_H2,0.0005722907700491563,0.04512994555246591,0.02463538548707391,-0.10067374131398932,0.04513357400310794,11.0,1.7362329253252597
Hydrophone,Branched,H2,No Leak,Transient,N,13,BR_NL_Transient_N_H2,-0.00020861469612824647,0.04967889828025456,0.030000963033173417,-0.037584224536443056,0.04967933629217806,12.0,1.375374894714805
Hydrophone,Branched,H2,No Leak,Transient,N,14,BR_NL_Transient_N_H2,-0.0004537621127675184,0.052375335704936576,0.004972271521195256,-0.516446612292897,0.052377301288437796,12.0,1.583739729914278
Hydrophone,Branched,H2,No Leak,Transient,N,15,BR_NL_Transient_N_H2,-7.063754342335092e-05,0.04709662977771098,0.015943620300182152,-0.7659607721981412,0.0470966827502884,11.333333333333332,1.61690063783804
Hydrophone,Branched,H2,No Leak,Transient,N,16,BR_NL_Transient_N_H2,-0.00024996699420873797,0.05743069377513593,0.02131528813008871,-0.72594297569057,0.05743123776301213,11.0,1.5486031476102218
Hydrophone,Branched,H2,No Leak,Transient,N,17,BR_NL_Transient_N_H2,0.0006434616880220614,0.07683681265450482,-0.2180856221356328,1.0687560636186317,0.07683950690788836,11.0,2.3195877925357373
Hydrophone,Branched,H2,No Leak,Transient,N,18,BR_NL_Transient_N_H2,0.0002997743155587582,0.0782347731924705,-0.25478248448743723,1.6498872058288594,0.07823534751707549,20.333333333333332,2.257099248772645
Hydrophone,Branched,H2,No Leak,Transient,N,19,BR_NL_Transient_N_H2,-0.000533798900782112,0.05105947793454424,-0.171308568885066,4.692919275953855,0.05106226814600665,11.333333333333332,3.1979363368932128
Hydrophone,Branched,H2,No Leak,Transient,N,20,BR_NL_Transient_N_H2,-1.909040629680504e-05,0.01219310750145421,0.1799333201816091,2.5832141083964926,0.012193122446101799,11.0,2.836704493987699
Hydrophone,Branched,H2,No Leak,Transient,N,21,BR_NL_Transient_N_H2,0.00010998321366404538,0.0062366385264632585,0.17268052685642157,0.5457341342157656,0.006237608228884984,11.0,2.4934320184217187
Hydrophone,Branched,H2,No Leak,Transient,N,22,BR_NL_Transient_N_H2,-2.595642585992628e-05,0.008008502773471978,0.09350191489008854,3.616780219705399,0.00800854483715686,15.333333333333332,2.6861738462189333
Hydrophone,Branched,H2,No Leak,Transient,N,23,BR_NL_Transient_N_H2,1.0236046817825038e-05,0.008425164318500506,0.045039297004547084,2.8712783064165155,0.008425170536576014,15.666666666666666,2.1373118062587864
Hydrophone,Branched,H2,No Leak,Transient,N,24,BR_NL_Transient_N_H2,5.443451995817222e-05,0.006187315860249342,0.046136032060606916,1.659082178319319,0.006187555306537156,15.666666666666666,1.7758633534099506
Hydrophone,Branched,H2,No Leak,Transient,N,25,BR_NL_Transient_N_H2,-1.0499780986090876e-05,0.007800109897453542,-0.3122766565788653,2.748053956512946,0.007800116964363641,15.666666666666666,3.09667732639998
Hydrophone,Branched,H2,No Leak,Transient,N,26,BR_NL_Transient_N_H2,-5.3456900251420805e-06,0.007664770200958724,-0.3487010677532429,3.079172516662185,0.007664772065098001,15.666666666666666,3.4167310121334205
Hydrophone,Branched,H2,No Leak,Transient,N,27,BR_NL_Transient_N_H2,-3.1257842683087714e-05,0.0034832310772236886,-0.3300517382201704,0.48746632054202355,0.003483371325320644,11.0,3.346559714293529
Hydrophone,Branched,H2,No Leak,Transient,N,28,BR_NL_Transient_N_H2,9.077276904975152e-05,0.01389582085981722,0.13814937090502846,1.8152931739231386,0.013896117337721798,11.0,2.3519047198084957
Hydrophone,Branched,H2,No Leak,Transient,N,29,BR_NL_Transient_N_H2,-1.2587887953279586e-05,0.02578195240779567,0.07109621957438282,-0.282460293416964,0.025781955480776934,11.0,1.8453974380545255
Hydrophone,Branched,H2,No Leak,Transient,N,30,BR_NL_Transient_N_H2,-0.0001082332362376937,0.024539158626390133,0.07333505907049893,0.007983249364559075,0.024539397313800594,11.0,1.811590823551562
Hydrophone,Branched,H2,No Leak,Transient,N,31,BR_NL_Transient_N_H2,0.00016757676966948817,0.019040857154471017,0.11172630749144226,0.5966017336451408,0.01904159455378417,11.0,2.021358824067597
Hydrophone,Branched,H2,No Leak,Transient,N,32,BR_NL_Transient_N_H2,-0.0001291332764163221,0.029510406819164992,0.03034132152672459,-0.006760512169527999,0.029510689352092365,11.0,1.6267379245048057
Hydrophone,Branched,H2,No Leak,Transient,N,33,BR_NL_Transient_N_H2,-0.00024414774112422065,0.028198899340913804,0.022091955248105224,0.17912681881935688,0.02819995624391082,11.333333333333332,1.6057889608589406
Hydrophone,Branched,H2,No Leak,Transient,N,34,BR_NL_Transient_N_H2,0.00011175992962753031,0.02033402556106524,-0.045630706097572866,0.038396867583141425,0.02033433268636876,11.333333333333332,1.7061996046732253
Hydrophone,Branched,H2,No Leak,Transient,N,35,BR_NL_Transient_N_H2,0.00012994059921038608,0.022600962191028938,-0.1573045677827484,-0.006693084257971105,0.02260133572423636,15.666666666666666,2.009558833796922
Hydrophone,Branched,H2,No Leak,Transient,N,36,BR_NL_Transient_N_H2,3.5471481619874325e-05,0.018773226030905133,-0.15090042151633826,0.7424191035583103,0.018773259542057753,15.666666666666666,1.841228978807098
Hydrophone,Branched,H2,No Leak,Transient,N,37,BR_NL_Transient_N_H2,9.513757963923362e-05,0.02159552589451453,0.0235782822830657,0.6277435968950318,0.021595735454475896,11.333333333333332,1.6161821608097566
Hydrophone,Branched,H2,No Leak,Transient,N,38,BR_NL_Transient_N_H2,-0.0002026373340102472,0.03417754581204464,0.02173481532642387,0.04149825769888649,0.03417814652118433,11.0,1.5596786727023935
Hydrophone,Branched,H1,Orifice Leak,0.18 LPS,N,0,BR_OL_0.18 LPS_N_H1,0.0010610358678042355,0.2304465303005065,-0.007948370079012586,0.303409771036228,0.23044897293035402,11.333333333333332,2.5252914493342873
Hydrophone,Branched,H1,Orifice Leak,0.18 LPS,N,1,BR_OL_0.18 LPS_N_H1,-0.00029817233043951866,0.21661636553942087,0.01876627614628688,2.1620341886115897,0.2166165707563635,12.333333333333332,2.41016086626857
Hydrophone,Branched,H1,Orifice Leak,0.18 LPS,N,2,BR_OL_0.18 LPS_N_H1,0.0009534999680768814,0.24225344568320856,-0.0019015410287233259,0.8915018888056223,0.24225532214499726,11.666666666666666,2.6491061269518825
Hydrophone,Branched,H1,Orifice Leak,0.18 LPS,N,3,BR_OL_0.18 LPS_N_H1,0.0031161504875074223,0.19603253336443718,-0.031198266111852953,-0.29860396600757433,0.19605729910192063,11.333333333333332,5.2210808162170625
Hydrophone,Branched,H1,Orifice Leak,0.18 LPS,N,4,BR_OL_0.18 LPS_N_H1,-0.0009939097288411925,0.18457695121506562,-0.009808468280798906,-0.350359241555672,0.18457962719758048,11.666666666666666,2.024084061364078
Hydrophone,Branched,H1,Orifice Leak,0.18 LPS,N,5,BR_OL_0.18 LPS_N_H1,-0.0015652666234774323,0.17263242912366303,-0.0074763036763269945,-0.2622518396164506,0.17263952515209,12.333333333333332,2.743554856205024
Hydrophone,Branched,H1,Orifice Leak,0.18 LPS,N,6,BR_OL_0.18 LPS_N_H1,0.0015833055549865742,0.22191821507355938,-0.0006421418177917355,0.3783446005432638,0.2219238631556215,12.0,3.092849740106338
Hydrophone,Branched,H1,Orifice Leak,0.18 LPS,N,7,BR_OL_0.18 LPS_N_H1,-9.762340873408318e-05,0.2254365003063421,0.010151986140199423,0.20207897654897122,0.22543652144384532,11.666666666666666,1.7819972298075053
Hydrophone,Branched,H1,Orifice Leak,0.18 LPS,N,8,BR_OL_0.18 LPS_N_H1,-0.00044936895888632154,0.224748515399647,-0.004355345307859379,-0.37926043933114517,0.22474896464012145,11.666666666666666,1.8611836346903743
Hydrophone,Branched,H1,Orifice Leak,0.18 LPS,N,9,BR_OL_0.18 LPS_N_H1,0.00033863665264278814,0.22879503787217267,-0.0052312782108755234,-0.4473594207286067,0.22879528847795672,11.666666666666666,1.8420180980339909
Hydrophone,Branched,H1,Orifice Leak,0.18 LPS,N,10,BR_OL_0.18 LPS_N_H1,-0.0006396742022387298,0.17801958725043956,-0.009544726586089545,-0.546744890620912,0.17802073651095218,11.666666666666666,1.579512553697154
Hydrophone,Branched,H1,Orifice Leak,0.18 LPS,N,11,BR_OL_0.18 LPS_N_H1,-0.0010131510239016902,0.21636982443876662,-0.0082302856658751,-0.6947879066956761,0.21637219646400951,12.333333333333332,2.3016825891755217
Hydrophone,Branched,H1,Orifice Leak,0.18 LPS,N,12,BR_OL_0.18 LPS_N_H1,-0.0013865455038929687,0.21168558574728175,0.002461196097555694,-0.625910267710378,0.21169012665120718,12.333333333333332,2.725657534042639
Hydrophone,Branched,H1,Orifice Leak,0.18 LPS,N,13,BR_OL_0.18 LPS_N_H1,6.061313288057176e-05,0.198572992945476,-0.030632059450240872,-0.25050033676714234,0.19857300219636087,12.0,1.4060887782948817
Hydrophone,Branched,H1,Orifice Leak,0.18 LPS,N,14,BR_OL_0.18 LPS_N_H1,0.0016256639054232458,0.20741949635566487,-0.020533438742068002,-0.4941231344422108,0.2074258668815706,11.333333333333332,3.0293141481032073
Hydrophone,Branched,H1,Orifice Leak,0.18 LPS,N,15,BR_OL_0.18 LPS_N_H1,0.0014691207128463774,0.15524002649882085,0.03249304179433765,-0.06314625712497568,0.15524697788692543,11.666666666666666,2.5872465017433632
Hydrophone,Branched,H1,Orifice Leak,0.18 LPS,N,16,BR_OL_0.18 LPS_N_H1,-0.0004590362048285881,0.23170984216566087,-0.022704842909027197,0.4949564305876417,0.23171029685940334,12.0,2.0454904107560146
Hydrophone,Branched,H1,Orifice Leak,0.18 LPS,N,17,BR_OL_0.18 LPS_N_H1,-0.00131700295670134,0.30145295566844393,-0.005833340207919394,-0.6939835180334457,0.30145583254936165,11.666666666666666,3.47618181127001
Hydrophone,Branched,H1,Orifice Leak,0.18 LPS,N,18,BR_OL_0.18 LPS_N_H1,0.0015889058906806781,0.2745465234986279,-0.005573955872316682,-0.4319511017020008,0.274551121263622,11.666666666666666,3.474154332785158
Hydrophone,Branched,H1,Orifice Leak,0.18 LPS,N,19,BR_OL_0.18 LPS_N_H1,0.0010956577140515153,0.23197536162118065,0.008754483586221527,-0.37937073512744535,0.23197794909237365,11.333333333333332,2.5241317512590045
Hydrophone,Branched,H1,Orifice Leak,0.18 LPS,N,20,BR_OL_0.18 LPS_N_H1,-0.00034871246006479533,0.2283512899797222,0.013447397642873263,-0.866927205348559,0.22835155623683187,12.0,1.8665365025808036
Hydrophone,Branched,H1,Orifice Leak,0.18 LPS,N,21,BR_OL_0.18 LPS_N_H1,-0.0006380837303854433,0.23371947979045118,-0.021662333975551423,-0.9136729673298931,0.2337203508134585,11.666666666666666,2.138494772397911
Hydrophone,Branched,H1,Orifice Leak,0.18 LPS,N,22,BR_OL_0.18 LPS_N_H1,-0.0003723466365087904,0.20996811565554188,-0.04439365280235701,-0.3724610487410964,0.2099684458054513,11.666666666666666,1.6889446369791927
Hydrophone,Branched,H2,Orifice Leak,0.18 LPS,N,0,BR_OL_0.18 LPS_N_H2,0.0005202752009859453,0.10610081901174771,0.03396178991102356,0.5690833046185757,0.10610209461291707,11.333333333333332,1.2701169767646978
Hydrophone,Branched,H2,Orifice Leak,0.18 LPS,N,1,BR_OL_0.18 LPS_N_H2,-7.618855222498077e-05,0.10126417987976159,0.022895751285621515,2.281614728293781,0.1012642085409065,12.333333333333332,1.5622085823326464
Hydrophone,Branched,H2,Orifice Leak,0.18 LPS,N,2,BR_OL_0.18 LPS_N_H2,0.0003730867026466935,0.11389638424510107,0.0061758686263718105,0.8259058617744319,0.11389699529748536,12.0,1.053008936325243
Hydrophone,Branched,H2,Orifice Leak,0.18 LPS,N,3,BR_OL_0.18 LPS_N_H2,0.0013487479472119356,0.09059055444329384,-0.044012720729555074,-0.4606510497795395,0.09060059423297671,11.333333333333332,2.4716179139922336
Hydrophone,Branched,H2,Orifice Leak,0.18 LPS,N,4,BR_OL_0.18 LPS_N_H2,-0.00045829519360329827,0.0849218683540885,-0.008689294153428905,-0.4263150583413178,0.08492310497876075,11.666666666666666,1.2867021664811498
Hydrophone,Branched,H2,Orifice Leak,0.18 LPS,N,5,BR_OL_0.18 LPS_N_H2,-0.0006209285450442281,0.08030267168014639,0.05303253115815644,-0.3237811318977353,0.08030507226338468,12.333333333333332,1.522558028815431
Hydrophone,Branched,H2,Orifice Leak,0.18 LPS,N,6,BR_OL_0.18 LPS_N_H2,0.0007999627931166547,0.10276274213429479,-0.018358638209397708,0.2879200353120437,0.10276585576654307,12.0,1.5237880962090047
Hydrophone,Branched,H2,Orifice Leak,0.18 LPS,N,7,BR_OL_0.18 LPS_N_H2,-0.00010085333927083558,0.10360605382985194,-0.008609164987309223,0.19183199732461675,0.10360610291672118,11.666666666666666,0.7988311249777026
Hydrophone,Branched,H2,Orifice Leak,0.18 LPS,N,8,BR_OL_0.18 LPS_N_H2,-0.00020926751772481808,0.10400332797506381,-0.0006415976935300485,-0.3776096260687325,0.1040035385108731,11.666666666666666,0.9785943860192173
Hydrophone,Branched,H2,Orifice Leak,0.18 LPS,N,9,BR_OL_0.18 LPS_N_H2,7.321783235790875e-05,0.10484365945362853,0.011310443786905013,-0.43690931603727723,0.10484368501955378,11.666666666666666,0.9656879780196469
Hydrophone,Branched,H2,Orifice Leak,0.18 LPS,N,10,BR_OL_0.18 LPS_N_H2,-0.0003214497936356505,0.08118685006809369,-0.015765625186023424,-0.5125144542511335,0.08118748643694391,12.333333333333332,1.216705458772006
Hydrophone,Branched,H2,Orifice Leak,0.18 LPS,N,11,BR_OL_0.18 LPS_N_H2,-0.00034552461817125723,0.10240993390558052,-0.08840701058523541,-0.7091075436750507,0.10241051679298925,12.333333333333332,1.4129099580972335
Hydrophone,Branched,H2,Orifice Leak,0.18 LPS,N,12,BR_OL_0.18 LPS_N_H2,-0.0005386533614226622,0.10087552248367586,-0.018236768216294805,-0.6785932707951083,0.10087696061935236,12.333333333333332,1.3481813897771395
Hydrophone,Branched,H2,Orifice Leak,0.18 LPS,N,13,BR_OL_0.18 LPS_N_H2,2.6706001220946797e-05,0.09456069923357592,0.07929914222816069,-0.3748571865576831,0.09456070300475408,12.0,1.2325786841390418
Hydrophone,Branched,H2,Orifice Leak,0.18 LPS,N,14,BR_OL_0.18 LPS_N_H2,0.0006180970759704661,0.09724421535082127,0.05142648638169814,-0.5982174380042151,0.09724617968430548,11.333333333333332,1.5591795472622565
Hydrophone,Branched,H2,Orifice Leak,0.18 LPS,N,15,BR_OL_0.18 LPS_N_H2,0.0005219321040842872,0.07199801450945117,0.06365720290125484,-0.21291955583090516,0.07199990629455302,11.666666666666666,1.5592923146801168
Hydrophone,Branched,H2,Orifice Leak,0.18 LPS,N,16,BR_OL_0.18 LPS_N_H2,-0.0002570516145955083,0.10915183693484908,0.015526988334099915,0.49404794262571183,0.10915213961157358,12.333333333333332,0.8635474260159244
Hydrophone,Branched,H2,Orifice Leak,0.18 LPS,N,17,BR_OL_0.18 LPS_N_H2,-0.0005695769714004957,0.14092040580160384,-0.01701733865808027,-0.7043161875830433,0.14092155686485675,11.666666666666666,1.3657374795043042
Hydrophone,Branched,H2,Orifice Leak,0.18 LPS,N,18,BR_OL_0.18 LPS_N_H2,0.000839146612145433,0.12623655318709745,-0.04098415233602542,-0.4936747540689064,0.12623934223369337,11.666666666666666,1.6832062083187822
Hydrophone,Branched,H2,Orifice Leak,0.18 LPS,N,19,BR_OL_0.18 LPS_N_H2,0.0006303047071339709,0.10500761949895086,0.02017930561807276,-0.524406465450689,0.10500951117332318,11.333333333333332,1.4560645707002016
Hydrophone,Branched,H2,Orifice Leak,0.18 LPS,N,20,BR_OL_0.18 LPS_N_H2,-8.775152710611075e-05,0.10542801445586866,-0.019893493483049376,-0.9275852635186004,0.10542805097523789,12.0,1.1724766683916024
Hydrophone,Branched,H2,Orifice Leak,0.18 LPS,N,21,BR_OL_0.18 LPS_N_H2,-0.0002593695575994673,0.10714641578733924,-0.008652646816473984,-0.9111114158617148,0.10714672971510046,11.666666666666666,1.2174352832411532
Hydrophone,Branched,H2,Orifice Leak,0.18 LPS,N,22,BR_OL_0.18 LPS_N_H2,-0.0002505833433309301,0.09496405066268244,0.07041226032434472,-0.5280224714086823,0.09496438127148764,11.666666666666666,1.292809074044533
Hydrophone,Branched,H1,Orifice Leak,0.47 LPS,N,0,BR_OL_0.47 LPS_N_H1,-0.0005469179113001635,0.14159035685094745,-0.026282546239908687,-0.2618790546658092,0.14159141313081222,16.0,1.1254906977469328
Hydrophone,Branched,H1,Orifice Leak,0.47 LPS,N,1,BR_OL_0.47 LPS_N_H1,0.0019175987441791852,0.19044483991965638,0.018422240530239605,-0.17018431846863358,0.19045449387443508,11.333333333333332,3.3679338122336597
Hydrophone,Branched,H1,Orifice Leak,0.47 LPS,N,2,BR_OL_0.47 LPS_N_H1,0.00044490539211571386,0.22109988850468165,-0.013547673959953876,-0.5783330818515187,0.22110033613179014,11.333333333333332,1.8260897873979838
Hydrophone,Branched,H1,Orifice Leak,0.47 LPS,N,3,BR_OL_0.47 LPS_N_H1,-0.001381502537759228,0.21910602449297034,-0.04245822455117235,-0.598616096424593,0.21911037975955397,11.666666666666666,2.807174790789684
Hydrophone,Branched,H1,Orifice Leak,0.47 LPS,N,4,BR_OL_0.47 LPS_N_H1,-0.0004950436874888014,0.19409493136446523,-0.009627640194148942,-0.1629619969357945,0.19409556267372263,11.333333333333332,1.5667950694861916
Hydrophone,Branched,H1,Orifice Leak,0.47 LPS,N,5,BR_OL_0.47 LPS_N_H1,0.0005151718440338666,0.14635157610654495,0.03999425372393995,0.3706370810070947,0.14635248283134356,11.333333333333332,1.330611189581926
Hydrophone,Branched,H1,Orifice Leak,0.47 LPS,N,6,BR_OL_0.47 LPS_N_H1,0.0012604695177176367,0.14879194279586086,-0.001672112560326448,-0.2494626453943778,0.1487972816430859,11.333333333333332,2.2507413496149855
Hydrophone,Branched,H1,Orifice Leak,0.47 LPS,N,7,BR_OL_0.47 LPS_N_H1,-0.0009548630337110024,0.18439285275111517,0.011158304209143901,-0.7405891703659537,0.18439532507389547,11.333333333333332,2.0178428057642233
Hydrophone,Branched,H1,Orifice Leak,0.47 LPS,N,8,BR_OL_0.47 LPS_N_H1,-0.0007490564887440332,0.17811730655455968,-0.0009582081507950657,-0.6334730533650084,0.17811888159281242,11.666666666666666,1.7100625812006185
Hydrophone,Branched,H1,Orifice Leak,0.47 LPS,N,9,BR_OL_0.47 LPS_N_H1,0.0007018623517340372,0.17635900623660555,-0.046170709135062785,-0.324025977891512,0.17636040284464044,11.666666666666666,1.6650474965017232
Hydrophone,Branched,H1,Orifice Leak,0.47 LPS,N,10,BR_OL_0.47 LPS_N_H1,-0.0010684341268543478,0.19128088728174003,-0.018825518030608397,-0.5404832897140719,0.19128387122487134,11.0,2.193900351533889
Hydrophone,Branched,H1,Orifice Leak,0.47 LPS,N,11,BR_OL_0.47 LPS_N_H1,6.778659697700195e-06,0.19780665010905674,-0.0032191173564716674,-0.33960246056379884,0.19780665022520608,11.0,1.4027248336878066
Hydrophone,Branched,H1,Orifice Leak,0.47 LPS,N,12,BR_OL_0.47 LPS_N_H1,0.0009105315642952732,0.21962331776703742,-0.018054600861900253,-0.3907293263058933,0.21962520523548906,11.333333333333332,2.2135345614814144
Hydrophone,Branched,H1,Orifice Leak,0.47 LPS,N,13,BR_OL_0.47 LPS_N_H1,-0.0003805700450921785,0.18275967816858826,-0.017376302066877305,0.3388899956324085,0.18276007440862235,11.666666666666666,1.3913986585778733
Hydrophone,Branched,H1,Orifice Leak,0.47 LPS,N,14,BR_OL_0.47 LPS_N_H1,-0.00036111831596091,0.19047425975050508,0.003976034074962908,0.6835179666792177,0.19047460207056738,11.666666666666666,1.5418394763751149
Hydrophone,Branched,H1,Orifice Leak,0.47 LPS,N,15,BR_OL_0.47 LPS_N_H1,0.0014210311817538285,0.21497274931506624,0.006223647148105778,-0.08060383236922863,0.21497744597445062,12.0,2.7883739726555596
Hydrophone,Branched,H1,Orifice Leak,0.47 LPS,N,16,BR_OL_0.47 LPS_N_H1,-0.0018275946897887605,0.21596723545583968,-0.02223886941062271,-0.029351931046519564,0.2159749682087909,11.666666666666666,3.3692357900609093
Hydrophone,Branched,H1,Orifice Leak,0.47 LPS,N,17,BR_OL_0.47 LPS_N_H1,-0.0002314367213868378,0.2516825952712849,-0.05327471572401085,-0.6209491282560666,0.2516827016809964,11.666666666666666,2.156125848397109
Hydrophone,Branched,H1,Orifice Leak,0.47 LPS,N,18,BR_OL_0.47 LPS_N_H1,5.020165098745514e-05,0.28290077365621,-0.05736004319090979,-0.7384940843891119,0.2829007781104321,11.666666666666666,2.5374328905115324
Hydrophone,Branched,H1,Orifice Leak,0.47 LPS,N,19,BR_OL_0.47 LPS_N_H1,-0.00013384398931169273,0.26320329143120547,-0.04468955377924632,-0.47266400919391627,0.2632033254623382,11.666666666666666,2.264797471939281
Hydrophone,Branched,H1,Orifice Leak,0.47 LPS,N,20,BR_OL_0.47 LPS_N_H1,0.002279175802300101,0.21426068683665145,0.0055704863907301925,-0.48412499865734926,0.2142728087416866,11.666666666666666,3.9985039420267343
Hydrophone,Branched,H1,Orifice Leak,0.47 LPS,N,21,BR_OL_0.47 LPS_N_H1,-0.00045249193018359206,0.18705171853282038,0.012382000349272542,0.12413866190013101,0.18705226583772872,11.666666666666666,1.4743560566728529
Hydrophone,Branched,H1,Orifice Leak,0.47 LPS,N,22,BR_OL_0.47 LPS_N_H1,-0.00021330143275930235,0.1464065094170894,0.02844126133646499,0.012957458131460875,0.14640666479773898,10.666666666666666,1.039268755151287
Hydrophone,Branched,H2,Orifice Leak,0.47 LPS,N,0,BR_OL_0.47 LPS_N_H2,-6.3200955148815e-05,0.06439074398576868,-0.2395419676491893,-0.25166519117049235,0.06439077500233661,11.666666666666666,2.4143687908264826
Hydrophone,Branched,H2,Orifice Leak,0.47 LPS,N,1,BR_OL_0.47 LPS_N_H2,0.0008015940981611537,0.08613519204403255,-0.1280203005386175,-0.22992361622012414,0.08613892187368365,11.333333333333332,1.9900996696396898
Hydrophone,Branched,H2,Orifice Leak,0.47 LPS,N,2,BR_OL_0.47 LPS_N_H2,0.00016098952905726005,0.10074093722250899,-0.02209890901460505,-0.7002038360930798,0.10074106585746431,11.333333333333332,1.1451341774302664
Hydrophone,Branched,H2,Orifice Leak,0.47 LPS,N,3,BR_OL_0.47 LPS_N_H2,-0.0006475776289949949,0.10120316146119136,-0.016425830543156817,-0.703293314638914,0.10120523329613713,11.666666666666666,1.4912710494197994
Hydrophone,Branched,H2,Orifice Leak,0.47 LPS,N,4,BR_OL_0.47 LPS_N_H2,-0.00025307323063495263,0.08612136328219408,-0.005007948575214879,-0.13370184048556188,0.08612173511747026,11.333333333333332,1.0510857129987436
Hydrophone,Branched,H2,Orifice Leak,0.47 LPS,N,5,BR_OL_0.47 LPS_N_H2,0.000285790016983648,0.05992674220166014,0.12221010846716648,0.2999767450162989,0.059927423662610765,11.333333333333332,1.753286652155588
Hydrophone,Branched,H2,Orifice Leak,0.47 LPS,N,6,BR_OL_0.47 LPS_N_H2,0.0005786180209395524,0.06457656927765192,-0.05844159477987765,-0.12077112149919511,0.06457916148794078,11.333333333333332,1.589390813978187
Hydrophone,Branched,H2,Orifice Leak,0.47 LPS,N,7,BR_OL_0.47 LPS_N_H2,-0.000480139467899198,0.08474746474879984,-0.033854001438891494,-0.9204135827049105,0.0847488248606298,11.333333333333332,1.5389024555673596
Hydrophone,Branched,H2,Orifice Leak,0.47 LPS,N,8,BR_OL_0.47 LPS_N_H2,-0.00035252779197330643,0.0802073558168136,-0.018822501072362496,-0.888179430144103,0.08020813052907451,11.666666666666666,1.4343842904985071
Hydrophone,Branched,H2,Orifice Leak,0.47 LPS,N,9,BR_OL_0.47 LPS_N_H2,0.00044135618890903686,0.07926288628517987,0.0360267600780297,-0.3616731379593836,0.07926411506818734,11.666666666666666,1.3790683318201624
Hydrophone,Branched,H2,Orifice Leak,0.47 LPS,N,10,BR_OL_0.47 LPS_N_H2,-0.0003838767555085683,0.08771884174550948,0.09750463324611389,-0.6532883135341079,0.08771968170563067,11.0,1.5974935594500204
Hydrophone,Branched,H2,Orifice Leak,0.47 LPS,N,11,BR_OL_0.47 LPS_N_H2,-5.641574291460342e-05,0.08927892031482877,0.012787639239641189,-0.538873221241186,0.08927893813950519,11.0,1.1278575700206954
Hydrophone,Branched,H2,Orifice Leak,0.47 LPS,N,12,BR_OL_0.47 LPS_N_H2,0.0002669416931505871,0.10069348668407345,-0.01421335418124474,-0.4688424849312023,0.10069384051898715,11.333333333333332,1.0993363679139763
Hydrophone,Branched,H2,Orifice Leak,0.47 LPS,N,13,BR_OL_0.47 LPS_N_H2,-0.0001297718441214118,0.0838660199441979,0.033349759843006886,0.4220646275271922,0.08386612034672956,11.666666666666666,1.000435955071621
Hydrophone,Branched,H2,Orifice Leak,0.47 LPS,N,14,BR_OL_0.47 LPS_N_H2,-4.646233766549009e-06,0.08753718771677248,0.011870348079888892,0.5203402855652102,0.08753718784007715,11.666666666666666,0.8934747829248636
Hydrophone,Branched,H2,Orifice Leak,0.47 LPS,N,15,BR_OL_0.47 LPS_N_H2,0.00047256884741260784,0.10044003203596984,-0.013649967651104267,-0.3426608330954535,0.10044114374449442,12.0,1.208884636576457
Hydrophone,Branched,H2,Orifice Leak,0.47 LPS,N,16,BR_OL_0.47 LPS_N_H2,-0.0009453918444725849,0.0991556824153392,-0.01064468942323866,-0.2968795753764546,0.0991601891940067,11.666666666666666,1.761238978526989
Hydrophone,Branched,H2,Orifice Leak,0.47 LPS,N,17,BR_OL_0.47 LPS_N_H2,-4.170319921211855e-05,0.11556389619013688,0.010411020727700532,-0.8191538050592699,0.11556390371479132,11.666666666666666,1.0735519271573244
Hydrophone,Branched,H2,Orifice Leak,0.47 LPS,N,18,BR_OL_0.47 LPS_N_H2,-0.0001301223152942749,0.13112588364418293,-0.00710008801392987,-0.8856405176448585,0.1311259482073809,11.666666666666666,1.0950731507140736
Hydrophone,Branched,H2,Orifice Leak,0.47 LPS,N,19,BR_OL_0.47 LPS_N_H2,3.6933574641424548e-06,0.1223649691991666,-0.028941953646537524,-0.6133908064653864,0.12236496925490514,11.666666666666666,0.9930696988514899
Hydrophone,Branched,H2,Orifice Leak,0.47 LPS,N,20,BR_OL_0.47 LPS_N_H2,0.0010664712877394007,0.09810021401119533,0.006303219517709788,-0.5839701355372093,0.09810601077431443,11.666666666666666,2.0348768241006625
Hydrophone,Branched,H2,Orifice Leak,0.47 LPS,N,21,BR_OL_0.47 LPS_N_H2,-0.00018736138357415048,0.07865032835821116,0.05619920555500828,0.3172815091738683,0.07865055152471909,11.666666666666666,1.1589966266006284
Hydrophone,Branched,H2,Orifice Leak,0.47 LPS,N,22,BR_OL_0.47 LPS_N_H2,-5.5932761442625856e-05,0.05639815693413886,0.059483102309701615,-0.33413496729208925,0.05639818466973523,12.0,1.44035053770839
Hydrophone,Branched,H1,Orifice Leak,ND,NN,0,BR_OL_ND_NN_H1,-0.001595403524474337,0.22653066275183828,0.007564364371662298,-0.592363024784559,0.22653628071280987,11.666666666666666,3.39205527542215
Hydrophone,Branched,H1,Orifice Leak,ND,NN,1,BR_OL_ND_NN_H1,-0.0011235152603616468,0.27313391027849915,0.002490875284390848,-1.1629810767096407,0.27313622101538176,11.666666666666666,3.1293665441032528
Hydrophone,Branched,H1,Orifice Leak,ND,NN,2,BR_OL_ND_NN_H1,0.0012589572373259297,0.2756901268089488,-0.01655413859866301,-0.9297962271645237,0.2756930013497979,11.666666666666666,3.2443444201972382
Hydrophone,Branched,H1,Orifice Leak,ND,NN,3,BR_OL_ND_NN_H1,-4.6491026766166384e-05,0.2616940271168693,-0.004516176188880065,-0.634323937102137,0.2616940312465309,11.666666666666666,2.134753477619645
Hydrophone,Branched,H1,Orifice Leak,ND,NN,4,BR_OL_ND_NN_H1,0.002082349146706772,0.26274902245221765,-0.025887696989205504,-0.7718727535394456,0.2627572738813614,11.666666666666666,4.313894342534233
Hydrophone,Branched,H1,Orifice Leak,ND,NN,5,BR_OL_ND_NN_H1,-0.0015060960306250491,0.2585145427971211,-0.003128452565841116,-0.8738402152647287,0.25851892998938786,11.666666666666666,3.4797018332392824
Hydrophone,Branched,H1,Orifice Leak,ND,NN,6,BR_OL_ND_NN_H1,-0.0027986078809687496,0.2214692989643132,0.009313545880209509,-0.6777009535242615,0.22148698063275807,11.333333333333332,5.349209705408498
Hydrophone,Branched,H1,Orifice Leak,ND,NN,7,BR_OL_ND_NN_H1,0.0016125651568801539,0.17933501639894944,-0.009552699735535474,-0.36440568063737144,0.17934226627651567,11.666666666666666,3.1105907235627623
Hydrophone,Branched,H1,Orifice Leak,ND,NN,8,BR_OL_ND_NN_H1,0.002365089744400286,0.16433418837223573,0.021583269919678315,1.607789945766136,0.16435120662003225,12.0,4.340433289529812
Hydrophone,Branched,H1,Orifice Leak,ND,NN,9,BR_OL_ND_NN_H1,-0.00032067037855199027,0.20354883134954335,-0.001813988692599555,1.3445005774727399,0.2035490839410891,11.666666666666666,1.6281561206376383
Hydrophone,Branched,H1,Orifice Leak,ND,NN,10,BR_OL_ND_NN_H1,-0.0010053991543008275,0.2018178064562958,-0.018243124145636332,0.48828062429069163,0.20182031074768053,11.666666666666666,2.2967748409506443
Hydrophone,Branched,H1,Orifice Leak,ND,NN,11,BR_OL_ND_NN_H1,0.0011654182220546642,0.18132886089187028,-0.014155542304162931,-0.4691281372948608,0.18133260598131692,12.0,2.428869959315725
Hydrophone,Branched,H1,Orifice Leak,ND,NN,12,BR_OL_ND_NN_H1,2.1978672358280585e-05,0.1666455922667649,-0.0028175635477201925,-0.21139222976007677,0.1666455937161343,11.666666666666666,1.1101419402775583
Hydrophone,Branched,H1,Orifice Leak,ND,NN,13,BR_OL_ND_NN_H1,0.0004845556853531492,0.1305785889522569,0.012935034392989526,-0.27002733060337336,0.130579488002422,11.666666666666666,1.1911255435621055
Hydrophone,Branched,H1,Orifice Leak,ND,NN,14,BR_OL_ND_NN_H1,-0.00046763547637864177,0.1582843524176906,-0.012187785657201737,-0.10183055926369589,0.15828504320758308,11.0,1.3827728896720517
Hydrophone,Branched,H1,Orifice Leak,ND,NN,15,BR_OL_ND_NN_H1,-0.0011683383743387589,0.16178417805708947,-0.011871058302888622,-0.2847072527864669,0.16178839663018169,11.0,2.4132481788433426
Hydrophone,Branched,H1,Orifice Leak,ND,NN,16,BR_OL_ND_NN_H1,0.00012759883774461636,0.13733218526034746,0.0028179162479229232,-0.4072843507345807,0.13733224453800277,11.333333333333332,0.9924011352614335
Hydrophone,Branched,H1,Orifice Leak,ND,NN,17,BR_OL_ND_NN_H1,-0.00064112872408979,0.1252101822776209,-0.014222925877620918,-0.06595346321705797,0.12521182369103928,11.666666666666666,1.4528493391987567
Hydrophone,Branched,H1,Orifice Leak,ND,NN,18,BR_OL_ND_NN_H1,-0.00012609554159076416,0.17966610910889474,-0.01211574287626807,1.0244553449368672,0.1796661533578734,11.333333333333332,1.2410641268943916
Hydrophone,Branched,H1,Orifice Leak,ND,NN,19,BR_OL_ND_NN_H1,0.0002226243772286667,0.21504428826005148,-0.006633146580713313,-0.04570230036266176,0.21504440349584886,12.0,1.5713644225357706
Hydrophone,Branched,H1,Orifice Leak,ND,NN,20,BR_OL_ND_NN_H1,-0.0013808120640334644,0.17809591467735764,-0.006491052631430455,-0.04826788223293432,0.17810126744838406,12.0,2.7756024420905634
Hydrophone,Branched,H1,Orifice Leak,ND,NN,21,BR_OL_ND_NN_H1,-0.0006122470906469431,0.201223756161062,0.008087645327452497,-0.05620453702066541,0.20122468757601922,12.0,1.804895372374623
Hydrophone,Branched,H1,Orifice Leak,ND,NN,22,BR_OL_ND_NN_H1,0.0022866188785505034,0.2539661196925495,-0.01764027997861835,-0.0831533840373524,0.25397641342767663,12.0,4.505120894875448
Hydrophone,Branched,H2,Orifice Leak,ND,NN,0,BR_OL_ND_NN_H2,-0.000734512525039853,0.10526730420619332,0.0646063058517356,-0.5722864534191818,0.10526986674014881,11.666666666666666,1.7325666434171887
Hydrophone,Branched,H2,Orifice Leak,ND,NN,1,BR_OL_ND_NN_H2,-0.0005242410997407653,0.12823372964475674,0.023355503858946913,-1.1849730719393647,0.12823480123326594,11.666666666666666,1.5518889652335006
Hydrophone,Branched,H2,Orifice Leak,ND,NN,2,BR_OL_ND_NN_H2,0.0005831744225005297,0.12697140285898598,-0.04741727264028137,-0.9550157444344629,0.12697274209997186,11.666666666666666,1.6932297387503468
Hydrophone,Branched,H2,Orifice Leak,ND,NN,3,BR_OL_ND_NN_H2,-0.0001611971456907205,0.11965232341952307,-0.009168377000835698,-0.6394756616636568,0.11965243200290553,11.666666666666666,1.057813910262316
Hydrophone,Branched,H2,Orifice Leak,ND,NN,4,BR_OL_ND_NN_H2,0.0009336013462551508,0.12289294332409315,-0.014296677474529352,-0.7703308057093592,0.12289648949556085,11.666666666666666,1.9668300466607724
Hydrophone,Branched,H2,Orifice Leak,ND,NN,5,BR_OL_ND_NN_H2,-0.0006053643147645833,0.12036169423829497,-0.02978547102845961,-0.8594328370060214,0.12036321658158856,11.666666666666666,1.6098033086655776
Hydrophone,Branched,H2,Orifice Leak,ND,NN,6,BR_OL_ND_NN_H2,-0.0012713316179808775,0.10112355602935193,-0.021230754412799997,-0.6488791962817118,0.1011315473435681,11.333333333333332,2.5262262937564124
Hydrophone,Branched,H2,Orifice Leak,ND,NN,7,BR_OL_ND_NN_H2,0.000786051650262938,0.08118157927907327,-0.03077838414889314,-0.3301352757990208,0.08118538471573156,11.666666666666666,1.7030823747263184
Hydrophone,Branched,H2,Orifice Leak,ND,NN,8,BR_OL_ND_NN_H2,0.0011525842372365278,0.07455300183925438,0.04042692337838329,1.688051512901259,0.07456191074313877,12.0,2.3614990716656865
Hydrophone,Branched,H2,Orifice Leak,ND,NN,9,BR_OL_ND_NN_H2,-0.0002746331884592066,0.09433466031073715,-0.014256158445592767,1.4315286841765458,0.09433506007487549,11.666666666666666,1.0742379891172502
Hydrophone,Branched,H2,Orifice Leak,ND,NN,10,BR_OL_ND_NN_H2,-0.0005563447140009764,0.09394409709867908,-0.055010075555968464,0.5870971438912544,0.09394574444394403,11.666666666666666,1.2756023441027196
Hydrophone,Branched,H2,Orifice Leak,ND,NN,11,BR_OL_ND_NN_H2,0.0005570929411686026,0.0841742708643512,0.014342931221565105,-0.4045918024588957,0.08417611435609428,12.0,1.2853986630181395
Hydrophone,Branched,H2,Orifice Leak,ND,NN,12,BR_OL_ND_NN_H2,5.028839457650558e-05,0.07778320416653542,-0.01507903529428053,-0.17437468423577096,0.07778322042275931,12.0,0.8832222944018453
Hydrophone,Branched,H2,Orifice Leak,ND,NN,13,BR_OL_ND_NN_H2,0.00023522201105818344,0.060635674864297204,-0.07066175991083141,-0.22463336030930314,0.06063613110714807,11.666666666666666,1.2901462137017508
Hydrophone,Branched,H2,Orifice Leak,ND,NN,14,BR_OL_ND_NN_H2,-0.00016999774672024455,0.07155165589738123,-0.0032545583110311764,0.1994450244483721,0.07155185784374253,11.0,0.9579336853128158
Hydrophone,Branched,H2,Orifice Leak,ND,NN,15,BR_OL_ND_NN_H2,-0.000580276920307748,0.07355851259196254,-0.05878240744116745,-0.07401706819343845,0.07356080135538325,11.0,1.4816898338972257
Hydrophone,Branched,H2,Orifice Leak,ND,NN,16,BR_OL_ND_NN_H2,1.1173172895770725e-05,0.06221880060385587,-0.08873739544502554,-0.45000755274335047,0.06221880160708794,11.333333333333332,1.4026362957459297
Hydrophone,Branched,H2,Orifice Leak,ND,NN,17,BR_OL_ND_NN_H2,-0.00013983022329947244,0.056369097251767565,-0.08317728996044446,-0.154373779269402,0.05636927068421745,11.666666666666666,1.288144860352749
Hydrophone,Branched,H2,Orifice Leak,ND,NN,18,BR_OL_ND_NN_H2,-4.745844529266149e-05,0.08310643328201604,-0.09027373036609482,0.9803942014742848,0.08310644683273503,12.0,0.9197931233814222
Hydrophone,Branched,H2,Orifice Leak,ND,NN,19,BR_OL_ND_NN_H2,9.533943273899255e-05,0.09908405081838598,-0.052684885340842764,-0.12868980311033118,0.09908409668654163,12.0,0.9621362241507422
Hydrophone,Branched,H2,Orifice Leak,ND,NN,20,BR_OL_ND_NN_H2,-0.0006206997734880301,0.0815052584998443,-0.026695617914142683,-0.23920837205557932,0.08150762192172736,12.0,1.4552171718551057
Hydrophone,Branched,H2,Orifice Leak,ND,NN,21,BR_OL_ND_NN_H2,-0.0004551983850067413,0.09222404652272656,0.002729959681488129,-0.18251163360968148,0.09222516989735366,12.0,1.1860376453035275
Hydrophone,Branched,H2,Orifice Leak,ND,NN,22,BR_OL_ND_NN_H2,0.0009651381028688532,0.11662088677018917,-0.03910431808272641,-0.2005432535041871,0.11662488037559951,12.0,1.9495400244648338
Hydrophone,Branched,H1,Orifice Leak,ND,N,0,BR_OL_ND_N_H1,0.0012920161143653193,0.1538194584774444,-0.014512480864885382,-0.7139142183622602,0.15382488456662016,12.0,2.3445105215905726
Hydrophone,Branched,H1,Orifice Leak,ND,N,1,BR_OL_ND_N_H1,0.00205826002687016,0.19062548816466465,-0.02024723919522604,-0.17737649864146343,0.19063659977127925,12.333333333333332,3.5628405916257724
Hydrophone,Branched,H1,Orifice Leak,ND,N,2,BR_OL_ND_N_H1,-0.0018279594839209058,0.3055230008811998,0.006795611766638593,-0.46641771331504955,0.3055284692190377,11.666666666666666,4.084777193542982
Hydrophone,Branched,H1,Orifice Leak,ND,N,3,BR_OL_ND_N_H1,-0.001706189279843983,0.2903964326216894,0.005233151109388504,-0.17278912225508103,0.29040144483328945,11.666666666666666,3.8114657824967573
Hydrophone,Branched,H1,Orifice Leak,ND,N,4,BR_OL_ND_N_H1,0.0011113960660216863,0.16165788217174673,-0.001878868626413313,-0.3278506726938386,0.16166170254413975,12.0,2.063371178976758
Hydrophone,Branched,H1,Orifice Leak,ND,N,5,BR_OL_ND_N_H1,0.0009524369383950618,0.13605164869448588,0.024114007952277857,0.11535148712266441,0.13605498244683809,11.666666666666666,1.780625156402856
Hydrophone,Branched,H1,Orifice Leak,ND,N,6,BR_OL_ND_N_H1,0.0014888421204968876,0.244201089191402,-0.005209648677914987,-0.2446526902679378,0.24420562772615792,12.0,3.092467781371208
Hydrophone,Branched,H1,Orifice Leak,ND,N,7,BR_OL_ND_N_H1,-0.0004933539054808363,0.26938331953932193,-0.006209888921888006,-0.8275474488493662,0.26938377130796215,12.0,2.4332583482374446
Hydrophone,Branched,H1,Orifice Leak,ND,N,8,BR_OL_ND_N_H1,-0.0020728120115267867,0.1884527753347402,-0.02360781033010024,-0.6126865627896345,0.18846417452927544,11.666666666666666,3.598648407381624
Hydrophone,Branched,H1,Orifice Leak,ND,N,9,BR_OL_ND_N_H1,-0.00015922915167302108,0.1461321809063327,-0.0019852957669872534,-0.2202855771276444,0.14613226765627055,12.333333333333332,0.8958562810457196
Hydrophone,Branched,H1,Orifice Leak,ND,N,10,BR_OL_ND_N_H1,-0.0004698353309996941,0.23759627629855565,-0.01030982814176352,0.08017603129738493,0.23759674083660712,12.0,2.0554884343830158
Hydrophone,Branched,H1,Orifice Leak,ND,N,11,BR_OL_ND_N_H1,-0.0014536454765951274,0.26066727215898516,0.004411231421304891,-0.5737259641428265,0.2606713253504843,12.0,3.2105744963603846
Hydrophone,Branched,H1,Orifice Leak,ND,N,12,BR_OL_ND_N_H1,-9.001240131931502e-05,0.20192182978739778,0.02416160984042883,-0.5630424205715205,0.2019218498501914,11.666666666666666,1.4663149452024244
Hydrophone,Branched,H1,Orifice Leak,ND,N,13,BR_OL_ND_N_H1,0.0021721500361832143,0.20572963046171103,-0.01156900958140095,-0.5843717726871582,0.2057410972209779,12.0,3.8021817330328087
Hydrophone,Branched,H1,Orifice Leak,ND,N,14,BR_OL_ND_N_H1,0.001489227269280154,0.20487834787862721,-0.014803802683550596,-0.5993736739941165,0.20488376028210573,11.666666666666666,2.8224068439779417
Hydrophone,Branched,H1,Orifice Leak,ND,N,15,BR_OL_ND_N_H1,-0.0006963904398099626,0.22840734459672254,0.005394876496461484,-1.0022316885935165,0.2284084062055743,11.666666666666666,2.1278520831840027
Hydrophone,Branched,H1,Orifice Leak,ND,N,16,BR_OL_ND_N_H1,0.0007526375916766129,0.24231163369912126,-0.014525182643059525,-1.0366737497145244,0.24231280256990453,12.0,2.3055330101003086
Hydrophone,Branched,H1,Orifice Leak,ND,N,17,BR_OL_ND_N_H1,0.0021467194283061454,0.211469740039261,0.00433483796460576,-0.47481620657199874,0.21148063589032567,12.0,3.7859934445698986
Hydrophone,Branched,H1,Orifice Leak,ND,N,18,BR_OL_ND_N_H1,-0.0017970622362043335,0.21802082621014018,-0.003939022154950694,-0.062569851079747,0.21802823233249619,12.0,3.3309409080514225
Hydrophone,Branched,H1,Orifice Leak,ND,N,19,BR_OL_ND_N_H1,-0.002628132672297213,0.23103846698340855,-0.025906369487725466,-0.23946409352997922,0.23105341440322139,11.666666666666666,4.61978650677934
Hydrophone,Branched,H1,Orifice Leak,ND,N,20,BR_OL_ND_N_H1,0.0004375552109750414,0.21407786957693334,-0.017822343034370473,-0.48275735053296254,0.21407831673749944,12.0,1.7285358969028386
Hydrophone,Branched,H1,Orifice Leak,ND,N,21,BR_OL_ND_N_H1,-0.00014444903323695924,0.198923926290124,-0.009547583581017831,-0.4204702467216994,0.19892397873610385,12.333333333333332,1.4027052446803776
Hydrophone,Branched,H1,Orifice Leak,ND,N,22,BR_OL_ND_N_H1,-0.000651492450887555,0.2214853618239635,-0.0011597989794477064,0.19732351900884737,0.22148631999449897,12.333333333333332,2.0009253430495475
Hydrophone,Branched,H2,Orifice Leak,ND,N,0,BR_OL_ND_N_H2,0.0006509263522094902,0.07190003252626362,-0.08309503002980363,-0.5771341251769941,0.07190297895354382,12.0,1.7917824545617809
Hydrophone,Branched,H2,Orifice Leak,ND,N,1,BR_OL_ND_N_H2,0.000830617815505918,0.08840973170452716,-0.04196620072040383,-0.13964731570375877,0.0884136334850113,12.333333333333332,1.671387217948486
Hydrophone,Branched,H2,Orifice Leak,ND,N,2,BR_OL_ND_N_H2,-0.0009452469386619833,0.14032636673523677,0.005259600650376631,-0.46710294854548806,0.14032955031955036,11.666666666666666,1.7744460478024628
Hydrophone,Branched,H2,Orifice Leak,ND,N,3,BR_OL_ND_N_H2,-0.0008038256302242098,0.13375720784497216,0.01254582614751013,-0.21209927509921034,0.13375962315335255,11.666666666666666,1.5401448034901306
Hydrophone,Branched,H2,Orifice Leak,ND,N,4,BR_OL_ND_N_H2,0.0006072248546212875,0.07446426996592553,0.03893884624224396,-0.4882888739008884,0.07446674575662823,12.0,1.6005047580175202
Hydrophone,Branched,H2,Orifice Leak,ND,N,5,BR_OL_ND_N_H2,0.0005239325463634849,0.06300485658899554,-0.018782860914088734,-0.12402417022889622,0.06300703499699882,11.666666666666666,1.475697240081118
Hydrophone,Branched,H2,Orifice Leak,ND,N,6,BR_OL_ND_N_H2,0.0006083044655387535,0.11516738650728874,-0.013231707182559239,-0.2692892908305371,0.1151689930026395,12.0,1.3039550789901573
Hydrophone,Branched,H2,Orifice Leak,ND,N,7,BR_OL_ND_N_H2,-0.000246088478409798,0.125913118945342,-0.010133822591410567,-0.7836285233066778,0.12591335942656381,12.0,1.0899824567302636
Hydrophone,Branched,H2,Orifice Leak,ND,N,8,BR_OL_ND_N_H2,-0.0009333912383211921,0.0869704414868915,-0.006952360860534128,-0.4956483851758451,0.08697545005131385,11.666666666666666,1.8330128851423306
Hydrophone,Branched,H2,Orifice Leak,ND,N,9,BR_OL_ND_N_H2,-9.356930393674674e-05,0.0671413912959149,0.009237850940926119,-0.15702523350213715,0.06714145649571356,12.333333333333332,1.1315558365449025
Hydrophone,Branched,H2,Orifice Leak,ND,N,10,BR_OL_ND_N_H2,-0.00020143103318413105,0.1099728872365329,-0.005822819235096573,0.09530302804403457,0.10997307171121622,12.0,0.8143991730778488
Hydrophone,Branched,H2,Orifice Leak,ND,N,11,BR_OL_ND_N_H2,-0.000631960605114546,0.11952688089724763,0.027252563060137746,-0.5506300317593404,0.11952855153155349,12.0,1.3886416766761223
Hydrophone,Branched,H2,Orifice Leak,ND,N,12,BR_OL_ND_N_H2,-4.740750549945649e-05,0.09205635761281211,0.10934973735503649,-0.5434132880681886,0.09205636981985295,11.666666666666666,1.4768825964104875
Hydrophone,Branched,H2,Orifice Leak,ND,N,13,BR_OL_ND_N_H2,0.0010308804036901326,0.09414651956573843,0.013376725387550675,-0.5452993496271983,0.09415216333546818,12.0,1.9871600217010261
Hydrophone,Branched,H2,Orifice Leak,ND,N,14,BR_OL_ND_N_H2,0.0006703823933610067,0.09151835930855853,-0.034858960710755865,-0.6649471237373801,0.09152081458927117,11.666666666666666,1.6040301838457287
Hydrophone,Branched,H2,Orifice Leak,ND,N,15,BR_OL_ND_N_H2,-0.0002875420276640548,0.10506308849035599,-0.0021819739055529263,-1.025658138872888,0.10506348196947429,11.666666666666666,1.295116568521913
Hydrophone,Branched,H2,Orifice Leak,ND,N,16,BR_OL_ND_N_H2,0.0003797318811613132,0.11259723932050375,-0.05066222332712026,-1.0458048185098336,0.11259787963767509,12.0,1.4218748620249184
Hydrophone,Branched,H2,Orifice Leak,ND,N,17,BR_OL_ND_N_H2,0.0009636005524646848,0.09840155206572598,-0.04192239757769408,-0.5206707376937914,0.09840626999825006,12.0,1.899614552723711
Hydrophone,Branched,H2,Orifice Leak,ND,N,18,BR_OL_ND_N_H2,-0.0007619563340494775,0.09864949574721331,-0.05211836306736467,-0.3127995810262276,0.0986524383309123,12.0,1.5674232318947234
Hydrophone,Branched,H2,Orifice Leak,ND,N,19,BR_OL_ND_N_H2,-0.0012186479809879133,0.1026318561082484,-0.11227525806993512,-0.400312852852609,0.10263909095040626,11.666666666666666,2.3665392635828675
Hydrophone,Branched,H2,Orifice Leak,ND,N,20,BR_OL_ND_N_H2,0.00014202614115558845,0.09738674960762586,-0.05808338719811243,-0.6155839431074117,0.09738685317106814,12.0,1.1864867749852006
Hydrophone,Branched,H2,Orifice Leak,ND,N,21,BR_OL_ND_N_H2,-9.397871417385432e-05,0.09016730253530408,0.0060198710651265,-0.4733346583519542,0.09016735151090871,12.333333333333332,1.0301449935699136
Hydrophone,Branched,H2,Orifice Leak,ND,N,22,BR_OL_ND_N_H2,-0.00040247204007643584,0.1020990773505735,0.048990151922041716,0.23318344238997746,0.10209987061491033,12.333333333333332,1.1138711319980112
Hydrophone,Branched,H1,Orifice Leak,Transient,NN,0,BR_OL_Transient_NN_H1,0.0007151785154048618,0.21626362238699864,0.03396121003315101,-0.4020272075588589,0.216264804922704,12.0,1.974747838693162
Hydrophone,Branched,H1,Orifice Leak,Transient,NN,1,BR_OL_Transient_NN_H1,-0.00048660804976468253,0.21949619170070006,0.04686354045956674,-0.5364521232950437,0.2194967310884255,11.666666666666666,1.912450478852723
Hydrophone,Branched,H1,Orifice Leak,Transient,NN,2,BR_OL_Transient_NN_H1,0.0010294082619551404,0.22125512490008892,-0.0018255468931711186,-0.414280607160987,0.22125751959181802,11.666666666666666,2.4410485442560637
Hydrophone,Branched,H1,Orifice Leak,Transient,NN,3,BR_OL_Transient_NN_H1,0.0021833372415650796,0.2207141954650634,-0.03064532260220618,-0.32257302847766756,0.22072499414724336,11.333333333333332,4.24197136463498
Hydrophone,Branched,H1,Orifice Leak,Transient,NN,4,BR_OL_Transient_NN_H1,-0.0006407934011257223,0.2193446115260912,-0.020017502991309326,-0.792489826163445,0.2193455475310926,11.333333333333332,2.130561412459776
Hydrophone,Branched,H1,Orifice Leak,Transient,NN,5,BR_OL_Transient_NN_H1,-0.0019388899480606036,0.1841601049993273,0.01012326918858378,-0.20850502879273725,0.18417031130883704,11.333333333333332,3.75310473464156
Hydrophone,Branched,H1,Orifice Leak,Transient,NN,6,BR_OL_Transient_NN_H1,0.001174743868784269,0.14657269709570145,0.054030774481234944,0.18149254442365237,0.14657740466069624,11.666666666666666,2.2271637870979624
Hydrophone,Branched,H1,Orifice Leak,Transient,NN,7,BR_OL_Transient_NN_H1,0.0011633267236549451,0.22590363196043706,-0.009708804509287112,0.03197044197207255,0.22590662730867941,11.666666666666666,2.6196790551705154
Hydrophone,Branched,H1,Orifice Leak,Transient,NN,8,BR_OL_Transient_NN_H1,-0.0018906002445678008,0.22741414023159587,-0.002786593213612095,-0.10143916228226546,0.22742199881840963,11.666666666666666,3.82275470644855
Hydrophone,Branched,H1,Orifice Leak,Transient,NN,9,BR_OL_Transient_NN_H1,0.00022793437181299256,0.15671489588345286,-0.007296915948264125,-0.35632825477962804,0.15671506164322344,11.666666666666666,1.1381904057001235
Hydrophone,Branched,H1,Orifice Leak,Transient,NN,10,BR_OL_Transient_NN_H1,0.0015937309511748668,0.15743299379155348,0.06444222821383441,-0.40338542514220954,0.15744106044014075,12.0,2.9436547356815583
Hydrophone,Branched,H1,Orifice Leak,Transient,NN,11,BR_OL_Transient_NN_H1,-0.0013786822623207949,0.19347441356737344,0.06158266561433921,-0.5086448984209415,0.19347932569145337,11.666666666666666,2.946886446914582
Hydrophone,Branched,H1,Orifice Leak,Transient,NN,12,BR_OL_Transient_NN_H1,-0.0027635874126355877,0.22196243048024847,0.04399288666499508,-0.7096116663871239,0.22197963411107424,11.666666666666666,5.321084936972329
Hydrophone,Branched,H1,Orifice Leak,Transient,NN,13,BR_OL_Transient_NN_H1,0.0021233302749936603,0.20924837649419561,-0.010569377485510376,-0.5115350936808873,0.20925914937443796,12.0,4.0706342099532336
Hydrophone,Branched,H1,Orifice Leak,Transient,NN,14,BR_OL_Transient_NN_H1,-0.001269171837306185,0.2583488117324444,-0.08451213342554753,0.527249823916061,0.25835192919875516,12.0,3.0626081189164407
Hydrophone,Branched,H1,Orifice Leak,Transient,NN,15,BR_OL_Transient_NN_H1,-0.001117750563723862,0.28063287335758225,-0.05893179348007199,0.13114067174270838,0.28063509932874664,11.666666666666666,3.06140731306123
Hydrophone,Branched,H1,Orifice Leak,Transient,NN,16,BR_OL_Transient_NN_H1,0.002309480384093954,0.19777294081914354,-0.007032336966385221,0.813761292450752,0.19778642476140007,12.0,4.286563082171439
Hydrophone,Branched,H1,Orifice Leak,Transient,NN,17,BR_OL_Transient_NN_H1,-0.00017938523492097257,0.1325278544383372,0.011798676282367858,-0.6364600417577613,0.13252797584318415,12.333333333333332,1.0379761765225977
Hydrophone,Branched,H1,Orifice Leak,Transient,NN,18,BR_OL_Transient_NN_H1,-0.00022458639050942474,0.09938985508331859,0.019516768407120508,0.027508033690429645,0.09939010882643137,12.0,0.9019957249224367
Hydrophone,Branched,H1,Orifice Leak,Transient,NN,19,BR_OL_Transient_NN_H1,0.0017437495687790245,0.16607591504332,-0.001805273613010869,0.6044641791316585,0.16608506922669078,11.333333333333332,3.236269649773175
Hydrophone,Branched,H1,Orifice Leak,Transient,NN,20,BR_OL_Transient_NN_H1,0.001296839611448533,0.2420885709700206,-0.017835718314845126,-1.0093523276437728,0.24209204445269267,11.666666666666666,3.0714338894870745
Hydrophone,Branched,H1,Orifice Leak,Transient,NN,21,BR_OL_Transient_NN_H1,-0.001498202412762812,0.23699055497988405,-0.0006952187637936661,-0.6885813442408422,0.23699529058642296,12.0,3.306954090582127
Hydrophone,Branched,H1,Orifice Leak,Transient,NN,22,BR_OL_Transient_NN_H1,-0.0005267448792544778,0.2453749005354039,-0.004512916949553706,-0.18489958391714145,0.24537546591484483,12.0,2.1200471132545853
Hydrophone,Branched,H2,Orifice Leak,Transient,NN,0,BR_OL_Transient_NN_H2,0.0003110959835301312,0.10051990158455014,-0.0053506524111311795,-0.4532438895587223,0.10052038298414215,12.0,1.029116255122947
Hydrophone,Branched,H2,Orifice Leak,Transient,NN,1,BR_OL_Transient_NN_H2,-0.00027772331605050343,0.10192230639360177,-0.0009725767712913749,-0.6251175630901598,0.10192268477052356,11.666666666666666,1.1060714588136658
Hydrophone,Branched,H2,Orifice Leak,Transient,NN,2,BR_OL_Transient_NN_H2,0.00042793167184636396,0.10394211869266155,0.03200260404665437,-0.25719537090348954,0.1039429995903289,11.666666666666666,1.081075501271778
Hydrophone,Branched,H2,Orifice Leak,Transient,NN,3,BR_OL_Transient_NN_H2,0.0009034092963802789,0.10423828967578123,0.019669091551830376,-0.14174318534506458,0.10424220442262754,11.333333333333332,1.7491810912819035
Hydrophone,Branched,H2,Orifice Leak,Transient,NN,4,BR_OL_Transient_NN_H2,-0.0002670682503964956,0.10090542469223872,0.04697657434546447,-0.7488590661404992,0.10090577811885416,11.333333333333332,1.150400734992348
Hydrophone,Branched,H2,Orifice Leak,Transient,NN,5,BR_OL_Transient_NN_H2,-0.0007727119864986123,0.08254998612941605,0.06878434057426004,-0.01616037237161283,0.08255360254877349,11.333333333333332,1.8238821727719985
Hydrophone,Branched,H2,Orifice Leak,Transient,NN,6,BR_OL_Transient_NN_H2,0.0005411026609121997,0.06650266651130585,-0.14620326139433734,0.7063542784831434,0.06650486783088592,11.666666666666666,1.7344279646658827
Hydrophone,Branched,H2,Orifice Leak,Transient,NN,7,BR_OL_Transient_NN_H2,0.0005077611959605315,0.10469161909814088,-0.0003394756259481693,0.18708393683097002,0.10469285042839525,11.666666666666666,1.133752379698817
Hydrophone,Branched,H2,Orifice Leak,Transient,NN,8,BR_OL_Transient_NN_H2,-0.0007816563764078387,0.10477324759425118,0.0638980543050754,0.06667176283395104,0.10477616331082677,11.666666666666666,1.78948381596082
Hydrophone,Branched,H2,Orifice Leak,Transient,NN,9,BR_OL_Transient_NN_H2,0.00011471197254450297,0.0717895237122733,0.013318571411450578,-0.27267301151418355,0.07178961536093989,11.666666666666666,0.937084147328988
Hydrophone,Branched,H2,Orifice Leak,Transient,NN,10,BR_OL_Transient_NN_H2,0.0007363648144266024,0.0723191387433337,0.1292848610664059,-0.25002048714445335,0.07232288753719304,12.0,1.7678345395499013
Hydrophone,Branched,H2,Orifice Leak,Transient,NN,11,BR_OL_Transient_NN_H2,-0.0005989703069074831,0.08832120772671911,0.17808063907132238,-0.3741488136430777,0.0883232387298769,11.666666666666666,2.118352546417706
Hydrophone,Branched,H2,Orifice Leak,Transient,NN,12,BR_OL_Transient_NN_H2,-0.001428731865832036,0.10215303643698201,0.10855406614117608,-0.6609644728625366,0.10216302720671415,11.666666666666666,2.9646691955088245
Hydrophone,Branched,H2,Orifice Leak,Transient,NN,13,BR_OL_Transient_NN_H2,0.0010349107740936377,0.09612020876196072,0.024357707106099098,-0.6093449107827631,0.09612577995914127,12.0,1.9982798856577888
Hydrophone,Branched,H2,Orifice Leak,Transient,NN,14,BR_OL_Transient_NN_H2,0.0007977334460618882,0.1265826556036541,-0.010318763356294952,1.270119225825809,0.12658516926687846,11.333333333333332,1.653166209935212
Hydrophone,Branched,H2,Orifice Leak,Transient,NN,15,BR_OL_Transient_NN_H2,-0.00029075178329197843,0.1439144628702922,-0.012513858429335403,0.2190213653971287,0.1439147565743145,11.666666666666666,1.044818190156413
Hydrophone,Branched,H2,Orifice Leak,Transient,NN,16,BR_OL_Transient_NN_H2,-0.0001301587359905352,0.10412225073596651,-0.06368518101703094,0.2890738631309082,0.1041223320888465,12.0,0.8927561538612313
Hydrophone,Branched,H2,Orifice Leak,Transient,NN,17,BR_OL_Transient_NN_H2,-0.00037347959989254137,0.06597855024539326,-0.015322924974945676,-0.26384657726322835,0.06597960730025162,12.333333333333332,1.1818929988057172
Hydrophone,Branched,H2,Orifice Leak,Transient,NN,18,BR_OL_Transient_NN_H2,-0.0002971330812476179,0.047799475432982096,0.09845710352078688,-0.3958550476503482,0.04780039894955094,12.0,1.4841193999752742
Hydrophone,Branched,H2,Orifice Leak,Transient,NN,19,BR_OL_Transient_NN_H2,0.0007864339425368163,0.07824533529405718,0.07670546411214156,0.6076951650356097,0.07824928736816332,11.333333333333332,1.7284279033378238
Hydrophone,Branched,H2,Orifice Leak,Transient,NN,20,BR_OL_Transient_NN_H2,0.0006675683318973161,0.11372503705910325,-0.015616294102575598,-1.0239220338102515,0.11372699636221895,11.666666666666666,1.6678723099612494
Hydrophone,Branched,H2,Orifice Leak,Transient,NN,21,BR_OL_Transient_NN_H2,-0.0006647989963108214,0.11137623202808501,-0.010442485736735247,-0.7779471965463394,0.1113782160859085,12.0,1.6050822435894487
Hydrophone,Branched,H2,Orifice Leak,Transient,NN,22,BR_OL_Transient_NN_H2,-0.00020694349124305604,0.11594396434794367,1.3164285341299075e-06,-0.1337157671626925,0.11594414903015071,12.0,0.8976124933913651
Hydrophone,Branched,H1,Orifice Leak,Transient,N,0,BR_OL_Transient_N_H1,0.00046475322956893893,0.27568263454805236,-0.00649239270997848,-0.6667930183043107,0.2756830262945461,11.333333333333332,2.489447553101841
Hydrophone,Branched,H1,Orifice Leak,Transient,N,1,BR_OL_Transient_N_H1,0.0008744054069117612,0.28451968662554805,-0.02521827183757123,-0.7063442595433602,0.2845210302636972,11.333333333333332,2.868884731909192
Hydrophone,Branched,H1,Orifice Leak,Transient,N,2,BR_OL_Transient_N_H1,0.0014552832272455493,0.27188948962165593,-0.021890065418310612,-0.07506452924921136,0.2718933842814055,11.666666666666666,3.323166206477762
Hydrophone,Branched,H1,Orifice Leak,Transient,N,3,BR_OL_Transient_N_H1,0.00045901724293393885,0.2603507554621637,-0.007270983354265194,0.0885379363175085,0.26035116010217557,11.666666666666666,2.3410475512696904
Hydrophone,Branched,H1,Orifice Leak,Transient,N,4,BR_OL_Transient_N_H1,-0.0030708411272146402,0.23261910963180718,-0.02338429306859037,-0.176456844257173,0.23263937807500112,11.333333333333332,5.294459754323536
Hydrophone,Branched,H1,Orifice Leak,Transient,N,5,BR_OL_Transient_N_H1,-0.0010551471581318934,0.22794857841633556,-0.0007191174173090932,-0.025304025957138876,0.22795102047929855,11.333333333333332,2.466919078487189
Hydrophone,Branched,H1,Orifice Leak,Transient,N,6,BR_OL_Transient_N_H1,0.0028268218936435795,0.21372722650469447,0.055178130707541434,-0.2149040579546635,0.21374591989417566,12.0,4.847728202314381
Hydrophone,Branched,H1,Orifice Leak,Transient,N,7,BR_OL_Transient_N_H1,0.0009223564569287011,0.21452709570481857,-0.02181374480800227,-0.05550212865698878,0.21452907852544842,11.666666666666666,2.18459975318776
Hydrophone,Branched,H1,Orifice Leak,Transient,N,8,BR_OL_Transient_N_H1,-0.0009889914837315453,0.1709662660515619,-0.0655322197810663,0.3325449007699004,0.17096912654560864,12.333333333333332,1.986524288332198
Hydrophone,Branched,H1,Orifice Leak,Transient,N,9,BR_OL_Transient_N_H1,-0.0006893513605249127,0.16685237589435045,-0.019531204953891226,0.13111567275100944,0.16685379991743632,11.666666666666666,1.5248083777435744
Hydrophone,Branched,H1,Orifice Leak,Transient,N,10,BR_OL_Transient_N_H1,0.0006038579103877012,0.17050596505484503,-0.025655660769041532,0.04884483763072556,0.17050703435242776,11.333333333333332,1.483400425119668
Hydrophone,Branched,H1,Orifice Leak,Transient,N,11,BR_OL_Transient_N_H1,0.0010705637459379185,0.16073935996038524,-0.07090315072219477,-0.250052536148476,0.16074292503002555,11.333333333333332,2.1019705198397958
Hydrophone,Branched,H1,Orifice Leak,Transient,N,12,BR_OL_Transient_N_H1,-0.0022317324668752474,0.18275013962710165,0.0019019544360984538,-0.4654029140035605,0.18276376600280717,12.0,3.8008609798642077
Hydrophone,Branched,H1,Orifice Leak,Transient,N,13,BR_OL_Transient_N_H1,0.0003740870067106276,0.1980384282010049,0.007728530238309798,-0.34390229884001977,0.19803878151870447,11.666666666666666,1.512926574614062
Hydrophone,Branched,H1,Orifice Leak,Transient,N,14,BR_OL_Transient_N_H1,0.0027134742301150416,0.2004123736514954,-0.0046299375740340735,-0.2012224617168985,0.2004307422902587,11.666666666666666,4.601321483322279
Hydrophone,Branched,H1,Orifice Leak,Transient,N,15,BR_OL_Transient_N_H1,-0.001648341944970824,0.31288361819146393,0.17419405456751996,1.414647367455486,0.3128879600811596,12.0,4.582867365979578
Hydrophone,Branched,H1,Orifice Leak,Transient,N,16,BR_OL_Transient_N_H1,-0.0018140619739298257,0.30950833998668104,0.17814633082999481,1.576683516362169,0.30951365614808696,11.666666666666666,4.770716285710915
Hydrophone,Branched,H1,Orifice Leak,Transient,N,17,BR_OL_Transient_N_H1,0.0007567221080687275,0.19196414340979356,0.008594803897152383,-0.0013199036578872558,0.1919656349021997,12.0,1.796160421660736
Hydrophone,Branched,H1,Orifice Leak,Transient,N,18,BR_OL_Transient_N_H1,-0.00014301422091228327,0.18817914574663538,-0.007272731325101292,-0.40289761128269186,0.18817920009129815,11.666666666666666,1.3003646522313324
Hydrophone,Branched,H1,Orifice Leak,Transient,N,19,BR_OL_Transient_N_H1,0.0009702878998830022,0.18154235083293044,-0.008940362728488818,-0.7602584409034847,0.18154494375926714,11.666666666666666,2.0184972807126678
Hydrophone,Branched,H1,Orifice Leak,Transient,N,20,BR_OL_Transient_N_H1,-0.00010766066529260095,0.2273166537439118,0.004977488236388379,0.1591300831916982,0.22731667923878432,12.333333333333332,1.7837116787339067
Hydrophone,Branched,H1,Orifice Leak,Transient,N,21,BR_OL_Transient_N_H1,-0.0020026529858425506,0.272582064499707,0.011953260398910419,-0.42164535117519675,0.2725894211188397,12.0,4.007043036123266
Hydrophone,Branched,H1,Orifice Leak,Transient,N,22,BR_OL_Transient_N_H1,0.00017614668535306465,0.24033289944163627,-0.013399021821212748,-0.3144145463487842,0.240332963993037,12.0,1.9304215293927613
Hydrophone,Branched,H1,Orifice Leak,Transient,N,23,BR_OL_Transient_N_H1,0.0010116283087156493,0.26048624752079835,-0.008702579309707139,0.04730224867289001,0.26048821190084903,11.666666666666666,2.748197649067526
Hydrophone,Branched,H2,Orifice Leak,Transient,N,0,BR_OL_Transient_N_H2,0.0004539295693540974,0.12564380798582403,-0.05548698166312074,-0.6317121039064171,0.1256446279680614,11.333333333333332,1.3289633552306597
Hydrophone,Branched,H2,Orifice Leak,Transient,N,1,BR_OL_Transient_N_H2,0.0002996261024640971,0.12790950959848663,-0.034397201864882605,-0.6930776823065297,0.12790986053282452,11.333333333333332,1.1640500370759055
Hydrophone,Branched,H2,Orifice Leak,Transient,N,2,BR_OL_Transient_N_H2,0.00046771325852182637,0.12102879546591563,0.027942629092885557,-0.15403489025660022,0.12102969919661305,11.666666666666666,1.1663976849050366
Hydrophone,Branched,H2,Orifice Leak,Transient,N,3,BR_OL_Transient_N_H2,0.00033186629126869205,0.12008668980389337,0.024790517265247895,-0.14956880138486106,0.12008714836855686,11.666666666666666,1.0250577347631649
Hydrophone,Branched,H2,Orifice Leak,Transient,N,4,BR_OL_Transient_N_H2,-0.001122646581306045,0.10597486591056265,0.07799398642072584,-0.278460506160795,0.10598081213176398,11.333333333333332,2.140952024846224
Hydrophone,Branched,H2,Orifice Leak,Transient,N,5,BR_OL_Transient_N_H2,-0.0004984286757773826,0.10175142694026985,0.039046725099445026,-0.08566201137755458,0.10175264770769314,11.333333333333332,1.2403956494034254
Hydrophone,Branched,H2,Orifice Leak,Transient,N,6,BR_OL_Transient_N_H2,0.0009564683882307162,0.09346453154605183,-0.04465162066726889,-0.36168993240375036,0.09346942542297243,12.0,1.8769068667817814
Hydrophone,Branched,H2,Orifice Leak,Transient,N,7,BR_OL_Transient_N_H2,0.0003553612673766829,0.09163332360890873,0.03730643270131273,-0.16620632706794103,0.091634012665851,11.666666666666666,1.181303846220379
Hydrophone,Branched,H2,Orifice Leak,Transient,N,8,BR_OL_Transient_N_H2,-0.00041735193516594316,0.0715471687831949,0.04092400715378151,0.09217340205338909,0.07154838603021571,12.333333333333332,1.2769137706325389
Hydrophone,Branched,H2,Orifice Leak,Transient,N,9,BR_OL_Transient_N_H2,-0.00032555203476292155,0.07345862468344977,0.00635398770361484,0.23973306957996554,0.0734593460664555,12.0,1.1007380201249062
Hydrophone,Branched,H2,Orifice Leak,Transient,N,10,BR_OL_Transient_N_H2,0.0006313136115235076,0.07695820597085062,0.02436469589226462,0.20736858474943043,0.07696079536444489,11.333333333333332,1.4808121729235224
Hydrophone,Branched,H2,Orifice Leak,Transient,N,11,BR_OL_Transient_N_H2,0.0005689569088656453,0.06695225814123507,0.01673619818253584,0.005383754399865381,0.06695467558113267,11.333333333333332,1.4935757785235757
Hydrophone,Branched,H2,Orifice Leak,Transient,N,12,BR_OL_Transient_N_H2,-0.0013836812668831845,0.07468913055053038,-0.0992521763043641,-0.7274434610594342,0.07470194640196796,12.0,2.694781847490452
Hydrophone,Branched,H2,Orifice Leak,Transient,N,13,BR_OL_Transient_N_H2,4.716501939677912e-05,0.08482293266281388,-0.03114426374520419,-0.46132821667654245,0.08482294577565266,11.666666666666666,1.1177645525205633
Hydrophone,Branched,H2,Orifice Leak,Transient,N,14,BR_OL_Transient_N_H2,0.0012310569779043455,0.08716990663363955,0.04239423495703975,-0.20271155635088745,0.08717859900113263,11.666666666666666,2.28587690191172
Hydrophone,Branched,H2,Orifice Leak,Transient,N,15,BR_OL_Transient_N_H2,-0.0006537198117867966,0.13908877007762305,0.1127763206157922,1.080457378583084,0.13909030631678906,12.0,1.8828089292024248
Hydrophone,Branched,H2,Orifice Leak,Transient,N,16,BR_OL_Transient_N_H2,-0.0008425551089742515,0.14191410675475785,0.11681813649195863,0.8582426675649439,0.14191660789038213,8.0,2.1629423431675576
Hydrophone,Branched,H2,Orifice Leak,Transient,N,17,BR_OL_Transient_N_H2,0.0002639950667893212,0.09260762508321432,0.007157319345105825,0.0503967513116379,0.09260800136569451,12.0,0.9746829347208615
Hydrophone,Branched,H2,Orifice Leak,Transient,N,18,BR_OL_Transient_N_H2,1.839947624369398e-05,0.08668706272240355,-0.06099224842627555,-0.1481004154235337,0.08668706467506355,11.666666666666666,1.074436485141614
Hydrophone,Branched,H2,Orifice Leak,Transient,N,19,BR_OL_Transient_N_H2,0.0005423507697453385,0.08455059372977172,-0.009830566776561802,-0.6661040918514005,0.08455233316954865,11.666666666666666,1.4845864284773476
Hydrophone,Branched,H2,Orifice Leak,Transient,N,20,BR_OL_Transient_N_H2,-3.1198953924706325e-05,0.10690101271887241,0.06706562640622314,0.09485373382595785,0.1069010172715641,12.333333333333332,1.0201621502626155
Hydrophone,Branched,H2,Orifice Leak,Transient,N,21,BR_OL_Transient_N_H2,-0.0009022382668927265,0.12794122010999578,0.04074838171747532,-0.4570945324272939,0.12794440135123006,12.0,1.7343110394868404
Hydrophone,Branched,H2,Orifice Leak,Transient,N,22,BR_OL_Transient_N_H2,0.00010965631013578998,0.1129835613475433,0.016981673486231582,-0.3442198790519293,0.11298361456105231,12.0,0.905466013071753
Hydrophone,Branched,H2,Orifice Leak,Transient,N,23,BR_OL_Transient_N_H2,0.0004394144319096979,0.12041160710290982,0.018836415867558336,0.022587349529616496,0.12041240887113126,11.666666666666666,1.0976033068608027
